Copyright 1986-2022 Xilinx, Inc. All Rights Reserved. Copyright 2022-2025 Advanced Micro Devices, Inc. All Rights Reserved.
------------------------------------------------------------------------------------------------------------------------------------------------------------------------------------------------------------------------------------------------------------
| Tool Version : Vivado v.2025.2 (lin64) Build 6299465 Fri Nov 14 12:34:56 MST 2025
| Date         : Tue Jul 21 16:22:56 2026
| Host         : Mariana running 64-bit Ubuntu 22.04.5 LTS
| Command      : report_timing_summary -max_paths 10 -routable_nets -report_unconstrained -file design_1_wrapper_timing_summary_routed.rpt -pb design_1_wrapper_timing_summary_routed.pb -rpx design_1_wrapper_timing_summary_routed.rpx -warn_on_violation
| Design       : design_1_wrapper
| Device       : 7z020-clg400
| Speed File   : -1  PRODUCTION 1.12 2019-11-22
| Design State : Routed
------------------------------------------------------------------------------------------------------------------------------------------------------------------------------------------------------------------------------------------------------------

Timing Summary Report

------------------------------------------------------------------------------------------------
| Timer Settings
| --------------
------------------------------------------------------------------------------------------------

  Enable Multi Corner Analysis               :  Yes
  Enable Pessimism Removal                   :  Yes
  Pessimism Removal Resolution               :  Nearest Common Node
  Enable Input Delay Default Clock           :  No
  Enable Preset / Clear Arcs                 :  No
  Disable Flight Delays                      :  No
  Ignore I/O Paths                           :  No
  Timing Early Launch at Borrowing Latches   :  No
  Borrow Time for Max Delay Exceptions       :  Yes
  Merge Timing Exceptions                    :  Yes
  Inter-SLR Compensation                     :  Conservative

  Corner  Analyze    Analyze    
  Name    Max Paths  Min Paths  
  ------  ---------  ---------  
  Slow    Yes        Yes        
  Fast    Yes        Yes        


------------------------------------------------------------------------------------------------
| Report Methodology
| ------------------
------------------------------------------------------------------------------------------------

Rule     Severity  Description                   Violations  
-------  --------  ----------------------------  ----------  
LUTAR-1  Warning   LUT drives async reset alert  7           

Note: This report is based on the most recent report_methodology run and may not be up-to-date. Run report_methodology on the current design for the latest report.



check_timing report

Table of Contents
-----------------
1. checking no_clock (0)
2. checking constant_clock (0)
3. checking pulse_width_clock (0)
4. checking unconstrained_internal_endpoints (0)
5. checking no_input_delay (0)
6. checking no_output_delay (0)
7. checking multiple_clock (0)
8. checking generated_clocks (0)
9. checking loops (0)
10. checking partial_input_delay (0)
11. checking partial_output_delay (0)
12. checking latch_loops (0)

1. checking no_clock (0)
------------------------
 There are 0 register/latch pins with no clock.


2. checking constant_clock (0)
------------------------------
 There are 0 register/latch pins with constant_clock.


3. checking pulse_width_clock (0)
---------------------------------
 There are 0 register/latch pins which need pulse_width check


4. checking unconstrained_internal_endpoints (0)
------------------------------------------------
 There are 0 pins that are not constrained for maximum delay.

 There are 0 pins that are not constrained for maximum delay due to constant clock.


5. checking no_input_delay (0)
------------------------------
 There are 0 input ports with no input delay specified.

 There are 0 input ports with no input delay but user has a false path constraint.


6. checking no_output_delay (0)
-------------------------------
 There are 0 ports with no output delay specified.

 There are 0 ports with no output delay but user has a false path constraint

 There are 0 ports with no output delay but with a timing clock defined on it or propagating through it


7. checking multiple_clock (0)
------------------------------
 There are 0 register/latch pins with multiple clocks.


8. checking generated_clocks (0)
--------------------------------
 There are 0 generated clocks that are not connected to a clock source.


9. checking loops (0)
---------------------
 There are 0 combinational loops in the design.


10. checking partial_input_delay (0)
------------------------------------
 There are 0 input ports with partial input delay specified.


11. checking partial_output_delay (0)
-------------------------------------
 There are 0 ports with partial output delay specified.


12. checking latch_loops (0)
----------------------------
 There are 0 combinational latch loops in the design through latch input



------------------------------------------------------------------------------------------------
| Design Timing Summary
| ---------------------
------------------------------------------------------------------------------------------------

    WNS(ns)      TNS(ns)  TNS Failing Endpoints  TNS Total Endpoints      WHS(ns)      THS(ns)  THS Failing Endpoints  THS Total Endpoints     WPWS(ns)     TPWS(ns)  TPWS Failing Endpoints  TPWS Total Endpoints  
    -------      -------  ---------------------  -------------------      -------      -------  ---------------------  -------------------     --------     --------  ----------------------  --------------------  
      0.174        0.000                      0                60663        0.025        0.000                      0                60663        3.750        0.000                       0                 14849  


All user specified timing constraints are met.


------------------------------------------------------------------------------------------------
| Clock Summary
| -------------
------------------------------------------------------------------------------------------------

Clock       Waveform(ns)       Period(ns)      Frequency(MHz)
-----       ------------       ----------      --------------
clk_fpga_0  {0.000 5.000}      10.000          100.000         


------------------------------------------------------------------------------------------------
| Intra Clock Table
| -----------------
------------------------------------------------------------------------------------------------

Clock             WNS(ns)      TNS(ns)  TNS Failing Endpoints  TNS Total Endpoints      WHS(ns)      THS(ns)  THS Failing Endpoints  THS Total Endpoints     WPWS(ns)     TPWS(ns)  TPWS Failing Endpoints  TPWS Total Endpoints  
-----             -------      -------  ---------------------  -------------------      -------      -------  ---------------------  -------------------     --------     --------  ----------------------  --------------------  
clk_fpga_0          0.174        0.000                      0                60439        0.025        0.000                      0                60439        3.750        0.000                       0                 14849  


------------------------------------------------------------------------------------------------
| Inter Clock Table
| -----------------
------------------------------------------------------------------------------------------------

From Clock    To Clock          WNS(ns)      TNS(ns)  TNS Failing Endpoints  TNS Total Endpoints      WHS(ns)      THS(ns)  THS Failing Endpoints  THS Total Endpoints  
----------    --------          -------      -------  ---------------------  -------------------      -------      -------  ---------------------  -------------------  


------------------------------------------------------------------------------------------------
| Other Path Groups Table
| -----------------------
------------------------------------------------------------------------------------------------

Path Group         From Clock         To Clock               WNS(ns)      TNS(ns)  TNS Failing Endpoints  TNS Total Endpoints      WHS(ns)      THS(ns)  THS Failing Endpoints  THS Total Endpoints  
----------         ----------         --------               -------      -------  ---------------------  -------------------      -------      -------  ---------------------  -------------------  
**async_default**  clk_fpga_0         clk_fpga_0               6.222        0.000                      0                  224        0.393        0.000                      0                  224  


------------------------------------------------------------------------------------------------
| User Ignored Path Table
| -----------------------
------------------------------------------------------------------------------------------------

Path Group    From Clock    To Clock    
----------    ----------    --------    
(none)                      clk_fpga_0    
(none)        clk_fpga_0    clk_fpga_0    


------------------------------------------------------------------------------------------------
| Unconstrained Path Table
| ------------------------
------------------------------------------------------------------------------------------------

Path Group    From Clock    To Clock    
----------    ----------    --------    


------------------------------------------------------------------------------------------------
| Timing Details
| --------------
------------------------------------------------------------------------------------------------


---------------------------------------------------------------------------------------------------
From Clock:  clk_fpga_0
  To Clock:  clk_fpga_0

Setup :            0  Failing Endpoints,  Worst Slack        0.174ns,  Total Violation        0.000ns
Hold  :            0  Failing Endpoints,  Worst Slack        0.025ns,  Total Violation        0.000ns
PW    :            0  Failing Endpoints,  Worst Slack        3.750ns,  Total Violation        0.000ns
---------------------------------------------------------------------------------------------------


Max Delay Paths
--------------------------------------------------------------------------------------
Slack (MET) :             0.174ns  (required time - arrival time)
  Source:                 design_1_i/snn_top_hls_0/inst/ap_CS_fsm_reg[27]/C
                            (rising edge-triggered cell FDRE clocked by clk_fpga_0  {rise@0.000ns fall@5.000ns period=10.000ns})
  Destination:            design_1_i/snn_top_hls_0/inst/post_eligibility_U/q0_reg[5]/D
                            (rising edge-triggered cell FDRE clocked by clk_fpga_0  {rise@0.000ns fall@5.000ns period=10.000ns})
  Path Group:             clk_fpga_0
  Path Type:              Setup (Max at Slow Process Corner)
  Requirement:            10.000ns  (clk_fpga_0 rise@10.000ns - clk_fpga_0 rise@0.000ns)
  Data Path Delay:        9.280ns  (logic 1.910ns (20.582%)  route 7.370ns (79.418%))
  Logic Levels:           7  (LUT2=1 LUT5=2 LUT6=1 MUXF7=2 RAMD64E=1)
  Clock Path Skew:        -0.136ns (DCD - SCD + CPR)
    Destination Clock Delay (DCD):    2.674ns = ( 12.674 - 10.000 ) 
    Source Clock Delay      (SCD):    2.939ns
    Clock Pessimism Removal (CPR):    0.129ns
  Clock Uncertainty:      0.154ns  ((TSJ^2 + TIJ^2)^1/2 + DJ) / 2 + PE
    Total System Jitter     (TSJ):    0.071ns
    Total Input Jitter      (TIJ):    0.300ns
    Discrete Jitter          (DJ):    0.000ns
    Phase Error              (PE):    0.000ns

    Location             Delay type                Incr(ns)  Path(ns)    Netlist Resource(s)
  -------------------------------------------------------------------    -------------------
                         (clock clk_fpga_0 rise edge)
                                                      0.000     0.000 r  
    PS7_X0Y0             PS7                          0.000     0.000 r  design_1_i/processing_system7_0/inst/PS7_i/FCLKCLK[0]
                         net (fo=1, routed)           1.193     1.193    design_1_i/processing_system7_0/inst/FCLK_CLK_unbuffered[0]
    BUFGCTRL_X0Y16       BUFG (Prop_bufg_I_O)         0.101     1.294 r  design_1_i/processing_system7_0/inst/buffer_fclk_clk_0.FCLK_CLK_0_BUFG/O
                         net (fo=14851, routed)       1.645     2.939    design_1_i/snn_top_hls_0/inst/ap_clk
    SLICE_X52Y31         FDRE                                         r  design_1_i/snn_top_hls_0/inst/ap_CS_fsm_reg[27]/C
  -------------------------------------------------------------------    -------------------
    SLICE_X52Y31         FDRE (Prop_fdre_C_Q)         0.456     3.395 r  design_1_i/snn_top_hls_0/inst/ap_CS_fsm_reg[27]/Q
                         net (fo=64, routed)          0.630     4.025    design_1_i/snn_top_hls_0/inst/pre_eligibility_U/empty_83_fu_646_reg[0][2]
    SLICE_X51Y31         LUT2 (Prop_lut2_I0_O)        0.124     4.149 r  design_1_i/snn_top_hls_0/inst/pre_eligibility_U/ram_reg_0_63_0_2_i_24__2/O
                         net (fo=171, routed)         1.768     5.917    design_1_i/snn_top_hls_0/inst/grp_apply_rstdp_reward_fu_1580/grp_apply_rstdp_reward_Pipeline_RSTDP_INNER_fu_264/flow_control_loop_pipe_sequential_init_U/ram_reg_0_63_6_7_0
    SLICE_X45Y12         LUT5 (Prop_lut5_I1_O)        0.152     6.069 r  design_1_i/snn_top_hls_0/inst/grp_apply_rstdp_reward_fu_1580/grp_apply_rstdp_reward_Pipeline_RSTDP_INNER_fu_264/flow_control_loop_pipe_sequential_init_U/ram_reg_4096_4159_0_2_i_7__1/O
                         net (fo=117, routed)         1.943     8.013    design_1_i/snn_top_hls_0/inst/post_eligibility_U/ram_reg_4736_4799_3_5/ADDRC0
    SLICE_X16Y9          RAMD64E (Prop_ramd64e_RADR0_O)
                                                      0.326     8.339 r  design_1_i/snn_top_hls_0/inst/post_eligibility_U/ram_reg_4736_4799_3_5/RAMC/O
                         net (fo=1, routed)           1.541     9.880    design_1_i/snn_top_hls_0/inst/post_eligibility_U/ram_reg_4736_4799_3_5_n_8
    SLICE_X41Y6          LUT6 (Prop_lut6_I1_O)        0.124    10.004 r  design_1_i/snn_top_hls_0/inst/post_eligibility_U/buff0_reg_i_112/O
                         net (fo=1, routed)           0.000    10.004    design_1_i/snn_top_hls_0/inst/grp_decay_eligibility_traces_fu_1620/grp_decay_eligibility_traces_Pipeline_DECAY_POST_fu_24/flow_control_loop_pipe_sequential_init_U/buff0_reg_i_17_0
    SLICE_X41Y6          MUXF7 (Prop_muxf7_I0_O)      0.212    10.216 r  design_1_i/snn_top_hls_0/inst/grp_decay_eligibility_traces_fu_1620/grp_decay_eligibility_traces_Pipeline_DECAY_POST_fu_24/flow_control_loop_pipe_sequential_init_U/buff0_reg_i_47/O
                         net (fo=1, routed)           0.699    10.914    design_1_i/snn_top_hls_0/inst/grp_decay_eligibility_traces_fu_1620/grp_decay_eligibility_traces_Pipeline_DECAY_POST_fu_24/flow_control_loop_pipe_sequential_init_U/buff0_reg_i_47_n_6
    SLICE_X40Y6          LUT5 (Prop_lut5_I1_O)        0.299    11.213 r  design_1_i/snn_top_hls_0/inst/grp_decay_eligibility_traces_fu_1620/grp_decay_eligibility_traces_Pipeline_DECAY_POST_fu_24/flow_control_loop_pipe_sequential_init_U/buff0_reg_i_17/O
                         net (fo=1, routed)           0.000    11.213    design_1_i/snn_top_hls_0/inst/grp_decay_eligibility_traces_fu_1620/grp_decay_eligibility_traces_Pipeline_DECAY_POST_fu_24/flow_control_loop_pipe_sequential_init_U/buff0_reg_i_17_n_6
    SLICE_X40Y6          MUXF7 (Prop_muxf7_I1_O)      0.217    11.430 r  design_1_i/snn_top_hls_0/inst/grp_decay_eligibility_traces_fu_1620/grp_decay_eligibility_traces_Pipeline_DECAY_POST_fu_24/flow_control_loop_pipe_sequential_init_U/buff0_reg_i_4/O
                         net (fo=2, routed)           0.789    12.219    design_1_i/snn_top_hls_0/inst/post_eligibility_U/D[5]
    SLICE_X40Y6          FDRE                                         r  design_1_i/snn_top_hls_0/inst/post_eligibility_U/q0_reg[5]/D
  -------------------------------------------------------------------    -------------------

                         (clock clk_fpga_0 rise edge)
                                                     10.000    10.000 r  
    PS7_X0Y0             PS7                          0.000    10.000 r  design_1_i/processing_system7_0/inst/PS7_i/FCLKCLK[0]
                         net (fo=1, routed)           1.088    11.088    design_1_i/processing_system7_0/inst/FCLK_CLK_unbuffered[0]
    BUFGCTRL_X0Y16       BUFG (Prop_bufg_I_O)         0.091    11.179 r  design_1_i/processing_system7_0/inst/buffer_fclk_clk_0.FCLK_CLK_0_BUFG/O
                         net (fo=14851, routed)       1.495    12.674    design_1_i/snn_top_hls_0/inst/post_eligibility_U/ap_clk
    SLICE_X40Y6          FDRE                                         r  design_1_i/snn_top_hls_0/inst/post_eligibility_U/q0_reg[5]/C
                         clock pessimism              0.129    12.803    
                         clock uncertainty           -0.154    12.649    
    SLICE_X40Y6          FDRE (Setup_fdre_C_D)       -0.256    12.393    design_1_i/snn_top_hls_0/inst/post_eligibility_U/q0_reg[5]
  -------------------------------------------------------------------
                         required time                         12.393    
                         arrival time                         -12.219    
  -------------------------------------------------------------------
                         slack                                  0.174    

Slack (MET) :             0.229ns  (required time - arrival time)
  Source:                 design_1_i/snn_top_hls_0/inst/grp_decay_eligibility_traces_fu_1620/grp_decay_eligibility_traces_Pipeline_DECAY_PRE_fu_18_ap_start_reg_reg/C
                            (rising edge-triggered cell FDRE clocked by clk_fpga_0  {rise@0.000ns fall@5.000ns period=10.000ns})
  Destination:            design_1_i/snn_top_hls_0/inst/weight_memory_U/ram_reg_22_3/ENARDEN
                            (rising edge-triggered cell RAMB36E1 clocked by clk_fpga_0  {rise@0.000ns fall@5.000ns period=10.000ns})
  Path Group:             clk_fpga_0
  Path Type:              Setup (Max at Slow Process Corner)
  Requirement:            10.000ns  (clk_fpga_0 rise@10.000ns - clk_fpga_0 rise@0.000ns)
  Data Path Delay:        9.351ns  (logic 1.658ns (17.730%)  route 7.693ns (82.270%))
  Logic Levels:           7  (LUT2=2 LUT3=1 LUT6=4)
  Clock Path Skew:        0.178ns (DCD - SCD + CPR)
    Destination Clock Delay (DCD):    2.996ns = ( 12.996 - 10.000 ) 
    Source Clock Delay      (SCD):    2.933ns
    Clock Pessimism Removal (CPR):    0.115ns
  Clock Uncertainty:      0.154ns  ((TSJ^2 + TIJ^2)^1/2 + DJ) / 2 + PE
    Total System Jitter     (TSJ):    0.071ns
    Total Input Jitter      (TIJ):    0.300ns
    Discrete Jitter          (DJ):    0.000ns
    Phase Error              (PE):    0.000ns

    Location             Delay type                Incr(ns)  Path(ns)    Netlist Resource(s)
  -------------------------------------------------------------------    -------------------
                         (clock clk_fpga_0 rise edge)
                                                      0.000     0.000 r  
    PS7_X0Y0             PS7                          0.000     0.000 r  design_1_i/processing_system7_0/inst/PS7_i/FCLKCLK[0]
                         net (fo=1, routed)           1.193     1.193    design_1_i/processing_system7_0/inst/FCLK_CLK_unbuffered[0]
    BUFGCTRL_X0Y16       BUFG (Prop_bufg_I_O)         0.101     1.294 r  design_1_i/processing_system7_0/inst/buffer_fclk_clk_0.FCLK_CLK_0_BUFG/O
                         net (fo=14851, routed)       1.639     2.933    design_1_i/snn_top_hls_0/inst/grp_decay_eligibility_traces_fu_1620/ap_clk
    SLICE_X52Y27         FDRE                                         r  design_1_i/snn_top_hls_0/inst/grp_decay_eligibility_traces_fu_1620/grp_decay_eligibility_traces_Pipeline_DECAY_PRE_fu_18_ap_start_reg_reg/C
  -------------------------------------------------------------------    -------------------
    SLICE_X52Y27         FDRE (Prop_fdre_C_Q)         0.419     3.352 f  design_1_i/snn_top_hls_0/inst/grp_decay_eligibility_traces_fu_1620/grp_decay_eligibility_traces_Pipeline_DECAY_PRE_fu_18_ap_start_reg_reg/Q
                         net (fo=22, routed)          1.014     4.366    design_1_i/snn_top_hls_0/inst/grp_decay_eligibility_traces_fu_1620/grp_decay_eligibility_traces_Pipeline_DECAY_PRE_fu_18/flow_control_loop_pipe_sequential_init_U/grp_decay_eligibility_traces_fu_1620_pre_eligibility_ce0
    SLICE_X52Y28         LUT2 (Prop_lut2_I0_O)        0.299     4.665 f  design_1_i/snn_top_hls_0/inst/grp_decay_eligibility_traces_fu_1620/grp_decay_eligibility_traces_Pipeline_DECAY_PRE_fu_18/flow_control_loop_pipe_sequential_init_U/pre_eligibility_addr_reg_126[12]_i_1/O
                         net (fo=61, routed)          0.520     5.186    design_1_i/snn_top_hls_0/inst/grp_decay_eligibility_traces_fu_1620/grp_decay_eligibility_traces_Pipeline_DECAY_PRE_fu_18/flow_control_loop_pipe_sequential_init_U/grp_decay_eligibility_traces_Pipeline_DECAY_PRE_fu_18_ap_start_reg_reg
    SLICE_X52Y27         LUT6 (Prop_lut6_I1_O)        0.124     5.310 f  design_1_i/snn_top_hls_0/inst/grp_decay_eligibility_traces_fu_1620/grp_decay_eligibility_traces_Pipeline_DECAY_PRE_fu_18/flow_control_loop_pipe_sequential_init_U/i_fu_44[12]_i_4/O
                         net (fo=1, routed)           0.303     5.612    design_1_i/snn_top_hls_0/inst/grp_decay_eligibility_traces_fu_1620/grp_decay_eligibility_traces_Pipeline_DECAY_PRE_fu_18/flow_control_loop_pipe_sequential_init_U/i_fu_44[12]_i_4_n_6
    SLICE_X52Y26         LUT6 (Prop_lut6_I5_O)        0.124     5.736 r  design_1_i/snn_top_hls_0/inst/grp_decay_eligibility_traces_fu_1620/grp_decay_eligibility_traces_Pipeline_DECAY_PRE_fu_18/flow_control_loop_pipe_sequential_init_U/i_fu_44[12]_i_2/O
                         net (fo=5, routed)           0.429     6.165    design_1_i/snn_top_hls_0/inst/grp_decay_eligibility_traces_fu_1620/grp_decay_eligibility_traces_Pipeline_DECAY_PRE_fu_18/flow_control_loop_pipe_sequential_init_U/i_fu_44[12]_i_2_n_6
    SLICE_X52Y28         LUT2 (Prop_lut2_I1_O)        0.118     6.283 f  design_1_i/snn_top_hls_0/inst/grp_decay_eligibility_traces_fu_1620/grp_decay_eligibility_traces_Pipeline_DECAY_PRE_fu_18/flow_control_loop_pipe_sequential_init_U/i_fu_44[12]_i_1/O
                         net (fo=17, routed)          0.752     7.035    design_1_i/snn_top_hls_0/inst/grp_decay_eligibility_traces_fu_1620/grp_decay_eligibility_traces_Pipeline_DECAY_POST_fu_24/flow_control_loop_pipe_sequential_init_U/i_fu_440
    SLICE_X52Y31         LUT6 (Prop_lut6_I2_O)        0.326     7.361 r  design_1_i/snn_top_hls_0/inst/grp_decay_eligibility_traces_fu_1620/grp_decay_eligibility_traces_Pipeline_DECAY_POST_fu_24/flow_control_loop_pipe_sequential_init_U/ram_reg_0_0_i_4/O
                         net (fo=14, routed)          0.899     8.261    design_1_i/snn_top_hls_0/inst/grp_snn_top_hls_Pipeline_INIT_WEIGHT_fu_1434/ram_reg_1_3_0
    SLICE_X56Y39         LUT6 (Prop_lut6_I2_O)        0.124     8.385 r  design_1_i/snn_top_hls_0/inst/grp_snn_top_hls_Pipeline_INIT_WEIGHT_fu_1434/ram_reg_22_0_i_1/O
                         net (fo=9, routed)           2.187    10.572    design_1_i/snn_top_hls_0/inst/weight_memory_U/ram_reg_23_3_0
    SLICE_X83Y80         LUT3 (Prop_lut3_I2_O)        0.124    10.696 r  design_1_i/snn_top_hls_0/inst/weight_memory_U/ram_reg_22_3_ENARDEN_cooolgate_en_gate_150/O
                         net (fo=1, routed)           1.588    12.284    design_1_i/snn_top_hls_0/inst/weight_memory_U/ram_reg_22_3_ENARDEN_cooolgate_en_sig_86
    RAMB36_X4Y22         RAMB36E1                                     r  design_1_i/snn_top_hls_0/inst/weight_memory_U/ram_reg_22_3/ENARDEN
  -------------------------------------------------------------------    -------------------

                         (clock clk_fpga_0 rise edge)
                                                     10.000    10.000 r  
    PS7_X0Y0             PS7                          0.000    10.000 r  design_1_i/processing_system7_0/inst/PS7_i/FCLKCLK[0]
                         net (fo=1, routed)           1.088    11.088    design_1_i/processing_system7_0/inst/FCLK_CLK_unbuffered[0]
    BUFGCTRL_X0Y16       BUFG (Prop_bufg_I_O)         0.091    11.179 r  design_1_i/processing_system7_0/inst/buffer_fclk_clk_0.FCLK_CLK_0_BUFG/O
                         net (fo=14851, routed)       1.817    12.996    design_1_i/snn_top_hls_0/inst/weight_memory_U/ap_clk
    RAMB36_X4Y22         RAMB36E1                                     r  design_1_i/snn_top_hls_0/inst/weight_memory_U/ram_reg_22_3/CLKARDCLK
                         clock pessimism              0.115    13.111    
                         clock uncertainty           -0.154    12.956    
    RAMB36_X4Y22         RAMB36E1 (Setup_ramb36e1_CLKARDCLK_ENARDEN)
                                                     -0.443    12.513    design_1_i/snn_top_hls_0/inst/weight_memory_U/ram_reg_22_3
  -------------------------------------------------------------------
                         required time                         12.513    
                         arrival time                         -12.284    
  -------------------------------------------------------------------
                         slack                                  0.229    

Slack (MET) :             0.323ns  (required time - arrival time)
  Source:                 design_1_i/snn_top_hls_0/inst/ap_CS_fsm_reg[27]/C
                            (rising edge-triggered cell FDRE clocked by clk_fpga_0  {rise@0.000ns fall@5.000ns period=10.000ns})
  Destination:            design_1_i/snn_top_hls_0/inst/grp_apply_rstdp_reward_fu_1580/grp_apply_rstdp_reward_Pipeline_RSTDP_INNER_fu_264/buff0_reg_i_1_psdsp_2/D
                            (rising edge-triggered cell FDRE clocked by clk_fpga_0  {rise@0.000ns fall@5.000ns period=10.000ns})
  Path Group:             clk_fpga_0
  Path Type:              Setup (Max at Slow Process Corner)
  Requirement:            10.000ns  (clk_fpga_0 rise@10.000ns - clk_fpga_0 rise@0.000ns)
  Data Path Delay:        9.154ns  (logic 1.910ns (20.865%)  route 7.244ns (79.135%))
  Logic Levels:           7  (LUT2=1 LUT5=2 LUT6=1 MUXF7=2 RAMD64E=1)
  Clock Path Skew:        -0.136ns (DCD - SCD + CPR)
    Destination Clock Delay (DCD):    2.674ns = ( 12.674 - 10.000 ) 
    Source Clock Delay      (SCD):    2.939ns
    Clock Pessimism Removal (CPR):    0.129ns
  Clock Uncertainty:      0.154ns  ((TSJ^2 + TIJ^2)^1/2 + DJ) / 2 + PE
    Total System Jitter     (TSJ):    0.071ns
    Total Input Jitter      (TIJ):    0.300ns
    Discrete Jitter          (DJ):    0.000ns
    Phase Error              (PE):    0.000ns

    Location             Delay type                Incr(ns)  Path(ns)    Netlist Resource(s)
  -------------------------------------------------------------------    -------------------
                         (clock clk_fpga_0 rise edge)
                                                      0.000     0.000 r  
    PS7_X0Y0             PS7                          0.000     0.000 r  design_1_i/processing_system7_0/inst/PS7_i/FCLKCLK[0]
                         net (fo=1, routed)           1.193     1.193    design_1_i/processing_system7_0/inst/FCLK_CLK_unbuffered[0]
    BUFGCTRL_X0Y16       BUFG (Prop_bufg_I_O)         0.101     1.294 r  design_1_i/processing_system7_0/inst/buffer_fclk_clk_0.FCLK_CLK_0_BUFG/O
                         net (fo=14851, routed)       1.645     2.939    design_1_i/snn_top_hls_0/inst/ap_clk
    SLICE_X52Y31         FDRE                                         r  design_1_i/snn_top_hls_0/inst/ap_CS_fsm_reg[27]/C
  -------------------------------------------------------------------    -------------------
    SLICE_X52Y31         FDRE (Prop_fdre_C_Q)         0.456     3.395 r  design_1_i/snn_top_hls_0/inst/ap_CS_fsm_reg[27]/Q
                         net (fo=64, routed)          0.630     4.025    design_1_i/snn_top_hls_0/inst/pre_eligibility_U/empty_83_fu_646_reg[0][2]
    SLICE_X51Y31         LUT2 (Prop_lut2_I0_O)        0.124     4.149 r  design_1_i/snn_top_hls_0/inst/pre_eligibility_U/ram_reg_0_63_0_2_i_24__2/O
                         net (fo=171, routed)         1.768     5.917    design_1_i/snn_top_hls_0/inst/grp_apply_rstdp_reward_fu_1580/grp_apply_rstdp_reward_Pipeline_RSTDP_INNER_fu_264/flow_control_loop_pipe_sequential_init_U/ram_reg_0_63_6_7_0
    SLICE_X45Y12         LUT5 (Prop_lut5_I1_O)        0.152     6.069 r  design_1_i/snn_top_hls_0/inst/grp_apply_rstdp_reward_fu_1580/grp_apply_rstdp_reward_Pipeline_RSTDP_INNER_fu_264/flow_control_loop_pipe_sequential_init_U/ram_reg_4096_4159_0_2_i_7__1/O
                         net (fo=117, routed)         1.943     8.013    design_1_i/snn_top_hls_0/inst/post_eligibility_U/ram_reg_4736_4799_3_5/ADDRC0
    SLICE_X16Y9          RAMD64E (Prop_ramd64e_RADR0_O)
                                                      0.326     8.339 r  design_1_i/snn_top_hls_0/inst/post_eligibility_U/ram_reg_4736_4799_3_5/RAMC/O
                         net (fo=1, routed)           1.541     9.880    design_1_i/snn_top_hls_0/inst/post_eligibility_U/ram_reg_4736_4799_3_5_n_8
    SLICE_X41Y6          LUT6 (Prop_lut6_I1_O)        0.124    10.004 r  design_1_i/snn_top_hls_0/inst/post_eligibility_U/buff0_reg_i_112/O
                         net (fo=1, routed)           0.000    10.004    design_1_i/snn_top_hls_0/inst/grp_decay_eligibility_traces_fu_1620/grp_decay_eligibility_traces_Pipeline_DECAY_POST_fu_24/flow_control_loop_pipe_sequential_init_U/buff0_reg_i_17_0
    SLICE_X41Y6          MUXF7 (Prop_muxf7_I0_O)      0.212    10.216 r  design_1_i/snn_top_hls_0/inst/grp_decay_eligibility_traces_fu_1620/grp_decay_eligibility_traces_Pipeline_DECAY_POST_fu_24/flow_control_loop_pipe_sequential_init_U/buff0_reg_i_47/O
                         net (fo=1, routed)           0.699    10.914    design_1_i/snn_top_hls_0/inst/grp_decay_eligibility_traces_fu_1620/grp_decay_eligibility_traces_Pipeline_DECAY_POST_fu_24/flow_control_loop_pipe_sequential_init_U/buff0_reg_i_47_n_6
    SLICE_X40Y6          LUT5 (Prop_lut5_I1_O)        0.299    11.213 r  design_1_i/snn_top_hls_0/inst/grp_decay_eligibility_traces_fu_1620/grp_decay_eligibility_traces_Pipeline_DECAY_POST_fu_24/flow_control_loop_pipe_sequential_init_U/buff0_reg_i_17/O
                         net (fo=1, routed)           0.000    11.213    design_1_i/snn_top_hls_0/inst/grp_decay_eligibility_traces_fu_1620/grp_decay_eligibility_traces_Pipeline_DECAY_POST_fu_24/flow_control_loop_pipe_sequential_init_U/buff0_reg_i_17_n_6
    SLICE_X40Y6          MUXF7 (Prop_muxf7_I1_O)      0.217    11.430 r  design_1_i/snn_top_hls_0/inst/grp_decay_eligibility_traces_fu_1620/grp_decay_eligibility_traces_Pipeline_DECAY_POST_fu_24/flow_control_loop_pipe_sequential_init_U/buff0_reg_i_4/O
                         net (fo=2, routed)           0.663    12.093    design_1_i/snn_top_hls_0/inst/grp_apply_rstdp_reward_fu_1580/grp_apply_rstdp_reward_Pipeline_RSTDP_INNER_fu_264/A[5]
    SLICE_X40Y6          FDRE                                         r  design_1_i/snn_top_hls_0/inst/grp_apply_rstdp_reward_fu_1580/grp_apply_rstdp_reward_Pipeline_RSTDP_INNER_fu_264/buff0_reg_i_1_psdsp_2/D
  -------------------------------------------------------------------    -------------------

                         (clock clk_fpga_0 rise edge)
                                                     10.000    10.000 r  
    PS7_X0Y0             PS7                          0.000    10.000 r  design_1_i/processing_system7_0/inst/PS7_i/FCLKCLK[0]
                         net (fo=1, routed)           1.088    11.088    design_1_i/processing_system7_0/inst/FCLK_CLK_unbuffered[0]
    BUFGCTRL_X0Y16       BUFG (Prop_bufg_I_O)         0.091    11.179 r  design_1_i/processing_system7_0/inst/buffer_fclk_clk_0.FCLK_CLK_0_BUFG/O
                         net (fo=14851, routed)       1.495    12.674    design_1_i/snn_top_hls_0/inst/grp_apply_rstdp_reward_fu_1580/grp_apply_rstdp_reward_Pipeline_RSTDP_INNER_fu_264/ap_clk
    SLICE_X40Y6          FDRE                                         r  design_1_i/snn_top_hls_0/inst/grp_apply_rstdp_reward_fu_1580/grp_apply_rstdp_reward_Pipeline_RSTDP_INNER_fu_264/buff0_reg_i_1_psdsp_2/C
                         clock pessimism              0.129    12.803    
                         clock uncertainty           -0.154    12.649    
    SLICE_X40Y6          FDRE (Setup_fdre_C_D)       -0.233    12.416    design_1_i/snn_top_hls_0/inst/grp_apply_rstdp_reward_fu_1580/grp_apply_rstdp_reward_Pipeline_RSTDP_INNER_fu_264/buff0_reg_i_1_psdsp_2
  -------------------------------------------------------------------
                         required time                         12.416    
                         arrival time                         -12.093    
  -------------------------------------------------------------------
                         slack                                  0.323    

Slack (MET) :             0.355ns  (required time - arrival time)
  Source:                 design_1_i/snn_top_hls_0/inst/weight_memory_U/address1_t1_reg[14]_rep__1/C
                            (rising edge-triggered cell FDRE clocked by clk_fpga_0  {rise@0.000ns fall@5.000ns period=10.000ns})
  Destination:            design_1_i/snn_top_hls_0/inst/weight_memory_U/ram_reg_18_3/ADDRBWRADDR[14]
                            (rising edge-triggered cell RAMB36E1 clocked by clk_fpga_0  {rise@0.000ns fall@5.000ns period=10.000ns})
  Path Group:             clk_fpga_0
  Path Type:              Setup (Max at Slow Process Corner)
  Requirement:            10.000ns  (clk_fpga_0 rise@10.000ns - clk_fpga_0 rise@0.000ns)
  Data Path Delay:        8.846ns  (logic 0.456ns (5.155%)  route 8.390ns (94.845%))
  Logic Levels:           0  
  Clock Path Skew:        -0.079ns (DCD - SCD + CPR)
    Destination Clock Delay (DCD):    2.827ns = ( 12.827 - 10.000 ) 
    Source Clock Delay      (SCD):    3.021ns
    Clock Pessimism Removal (CPR):    0.115ns
  Clock Uncertainty:      0.154ns  ((TSJ^2 + TIJ^2)^1/2 + DJ) / 2 + PE
    Total System Jitter     (TSJ):    0.071ns
    Total Input Jitter      (TIJ):    0.300ns
    Discrete Jitter          (DJ):    0.000ns
    Phase Error              (PE):    0.000ns

    Location             Delay type                Incr(ns)  Path(ns)    Netlist Resource(s)
  -------------------------------------------------------------------    -------------------
                         (clock clk_fpga_0 rise edge)
                                                      0.000     0.000 r  
    PS7_X0Y0             PS7                          0.000     0.000 r  design_1_i/processing_system7_0/inst/PS7_i/FCLKCLK[0]
                         net (fo=1, routed)           1.193     1.193    design_1_i/processing_system7_0/inst/FCLK_CLK_unbuffered[0]
    BUFGCTRL_X0Y16       BUFG (Prop_bufg_I_O)         0.101     1.294 r  design_1_i/processing_system7_0/inst/buffer_fclk_clk_0.FCLK_CLK_0_BUFG/O
                         net (fo=14851, routed)       1.727     3.021    design_1_i/snn_top_hls_0/inst/weight_memory_U/ap_clk
    SLICE_X76Y33         FDRE                                         r  design_1_i/snn_top_hls_0/inst/weight_memory_U/address1_t1_reg[14]_rep__1/C
  -------------------------------------------------------------------    -------------------
    SLICE_X76Y33         FDRE (Prop_fdre_C_Q)         0.456     3.477 r  design_1_i/snn_top_hls_0/inst/weight_memory_U/address1_t1_reg[14]_rep__1/Q
                         net (fo=26, routed)          8.390    11.867    design_1_i/snn_top_hls_0/inst/weight_memory_U/address1_t1_reg[14]_rep__1_n_6
    RAMB36_X5Y12         RAMB36E1                                     r  design_1_i/snn_top_hls_0/inst/weight_memory_U/ram_reg_18_3/ADDRBWRADDR[14]
  -------------------------------------------------------------------    -------------------

                         (clock clk_fpga_0 rise edge)
                                                     10.000    10.000 r  
    PS7_X0Y0             PS7                          0.000    10.000 r  design_1_i/processing_system7_0/inst/PS7_i/FCLKCLK[0]
                         net (fo=1, routed)           1.088    11.088    design_1_i/processing_system7_0/inst/FCLK_CLK_unbuffered[0]
    BUFGCTRL_X0Y16       BUFG (Prop_bufg_I_O)         0.091    11.179 r  design_1_i/processing_system7_0/inst/buffer_fclk_clk_0.FCLK_CLK_0_BUFG/O
                         net (fo=14851, routed)       1.648    12.827    design_1_i/snn_top_hls_0/inst/weight_memory_U/ap_clk
    RAMB36_X5Y12         RAMB36E1                                     r  design_1_i/snn_top_hls_0/inst/weight_memory_U/ram_reg_18_3/CLKBWRCLK
                         clock pessimism              0.115    12.942    
                         clock uncertainty           -0.154    12.788    
    RAMB36_X5Y12         RAMB36E1 (Setup_ramb36e1_CLKBWRCLK_ADDRBWRADDR[14])
                                                     -0.566    12.222    design_1_i/snn_top_hls_0/inst/weight_memory_U/ram_reg_18_3
  -------------------------------------------------------------------
                         required time                         12.222    
                         arrival time                         -11.867    
  -------------------------------------------------------------------
                         slack                                  0.355    

Slack (MET) :             0.383ns  (required time - arrival time)
  Source:                 design_1_i/snn_top_hls_0/inst/weight_memory_U/d0_t1_reg[2]/C
                            (rising edge-triggered cell FDRE clocked by clk_fpga_0  {rise@0.000ns fall@5.000ns period=10.000ns})
  Destination:            design_1_i/snn_top_hls_0/inst/weight_memory_U/ram_reg_3_2/DIADI[0]
                            (rising edge-triggered cell RAMB36E1 clocked by clk_fpga_0  {rise@0.000ns fall@5.000ns period=10.000ns})
  Path Group:             clk_fpga_0
  Path Type:              Setup (Max at Slow Process Corner)
  Requirement:            10.000ns  (clk_fpga_0 rise@10.000ns - clk_fpga_0 rise@0.000ns)
  Data Path Delay:        9.206ns  (logic 0.456ns (4.953%)  route 8.750ns (95.047%))
  Logic Levels:           0  
  Clock Path Skew:        -0.016ns (DCD - SCD + CPR)
    Destination Clock Delay (DCD):    2.831ns = ( 12.831 - 10.000 ) 
    Source Clock Delay      (SCD):    2.962ns
    Clock Pessimism Removal (CPR):    0.115ns
  Clock Uncertainty:      0.154ns  ((TSJ^2 + TIJ^2)^1/2 + DJ) / 2 + PE
    Total System Jitter     (TSJ):    0.071ns
    Total Input Jitter      (TIJ):    0.300ns
    Discrete Jitter          (DJ):    0.000ns
    Phase Error              (PE):    0.000ns

    Location             Delay type                Incr(ns)  Path(ns)    Netlist Resource(s)
  -------------------------------------------------------------------    -------------------
                         (clock clk_fpga_0 rise edge)
                                                      0.000     0.000 r  
    PS7_X0Y0             PS7                          0.000     0.000 r  design_1_i/processing_system7_0/inst/PS7_i/FCLKCLK[0]
                         net (fo=1, routed)           1.193     1.193    design_1_i/processing_system7_0/inst/FCLK_CLK_unbuffered[0]
    BUFGCTRL_X0Y16       BUFG (Prop_bufg_I_O)         0.101     1.294 r  design_1_i/processing_system7_0/inst/buffer_fclk_clk_0.FCLK_CLK_0_BUFG/O
                         net (fo=14851, routed)       1.668     2.962    design_1_i/snn_top_hls_0/inst/weight_memory_U/ap_clk
    SLICE_X45Y45         FDRE                                         r  design_1_i/snn_top_hls_0/inst/weight_memory_U/d0_t1_reg[2]/C
  -------------------------------------------------------------------    -------------------
    SLICE_X45Y45         FDRE (Prop_fdre_C_Q)         0.456     3.418 r  design_1_i/snn_top_hls_0/inst/weight_memory_U/d0_t1_reg[2]/Q
                         net (fo=26, routed)          8.750    12.168    design_1_i/snn_top_hls_0/inst/weight_memory_U/d0_t1[2]
    RAMB36_X5Y19         RAMB36E1                                     r  design_1_i/snn_top_hls_0/inst/weight_memory_U/ram_reg_3_2/DIADI[0]
  -------------------------------------------------------------------    -------------------

                         (clock clk_fpga_0 rise edge)
                                                     10.000    10.000 r  
    PS7_X0Y0             PS7                          0.000    10.000 r  design_1_i/processing_system7_0/inst/PS7_i/FCLKCLK[0]
                         net (fo=1, routed)           1.088    11.088    design_1_i/processing_system7_0/inst/FCLK_CLK_unbuffered[0]
    BUFGCTRL_X0Y16       BUFG (Prop_bufg_I_O)         0.091    11.179 r  design_1_i/processing_system7_0/inst/buffer_fclk_clk_0.FCLK_CLK_0_BUFG/O
                         net (fo=14851, routed)       1.652    12.831    design_1_i/snn_top_hls_0/inst/weight_memory_U/ap_clk
    RAMB36_X5Y19         RAMB36E1                                     r  design_1_i/snn_top_hls_0/inst/weight_memory_U/ram_reg_3_2/CLKARDCLK
                         clock pessimism              0.115    12.946    
                         clock uncertainty           -0.154    12.792    
    RAMB36_X5Y19         RAMB36E1 (Setup_ramb36e1_CLKARDCLK_DIADI[0])
                                                     -0.241    12.551    design_1_i/snn_top_hls_0/inst/weight_memory_U/ram_reg_3_2
  -------------------------------------------------------------------
                         required time                         12.551    
                         arrival time                         -12.168    
  -------------------------------------------------------------------
                         slack                                  0.383    

Slack (MET) :             0.388ns  (required time - arrival time)
  Source:                 design_1_i/snn_top_hls_0/inst/weight_memory_U/address0_t1_reg[8]_rep__1/C
                            (rising edge-triggered cell FDRE clocked by clk_fpga_0  {rise@0.000ns fall@5.000ns period=10.000ns})
  Destination:            design_1_i/snn_top_hls_0/inst/weight_memory_U/ram_reg_18_3/ADDRARDADDR[8]
                            (rising edge-triggered cell RAMB36E1 clocked by clk_fpga_0  {rise@0.000ns fall@5.000ns period=10.000ns})
  Path Group:             clk_fpga_0
  Path Type:              Setup (Max at Slow Process Corner)
  Requirement:            10.000ns  (clk_fpga_0 rise@10.000ns - clk_fpga_0 rise@0.000ns)
  Data Path Delay:        8.815ns  (logic 0.456ns (5.173%)  route 8.359ns (94.827%))
  Logic Levels:           0  
  Clock Path Skew:        -0.077ns (DCD - SCD + CPR)
    Destination Clock Delay (DCD):    2.825ns = ( 12.825 - 10.000 ) 
    Source Clock Delay      (SCD):    3.017ns
    Clock Pessimism Removal (CPR):    0.115ns
  Clock Uncertainty:      0.154ns  ((TSJ^2 + TIJ^2)^1/2 + DJ) / 2 + PE
    Total System Jitter     (TSJ):    0.071ns
    Total Input Jitter      (TIJ):    0.300ns
    Discrete Jitter          (DJ):    0.000ns
    Phase Error              (PE):    0.000ns

    Location             Delay type                Incr(ns)  Path(ns)    Netlist Resource(s)
  -------------------------------------------------------------------    -------------------
                         (clock clk_fpga_0 rise edge)
                                                      0.000     0.000 r  
    PS7_X0Y0             PS7                          0.000     0.000 r  design_1_i/processing_system7_0/inst/PS7_i/FCLKCLK[0]
                         net (fo=1, routed)           1.193     1.193    design_1_i/processing_system7_0/inst/FCLK_CLK_unbuffered[0]
    BUFGCTRL_X0Y16       BUFG (Prop_bufg_I_O)         0.101     1.294 r  design_1_i/processing_system7_0/inst/buffer_fclk_clk_0.FCLK_CLK_0_BUFG/O
                         net (fo=14851, routed)       1.723     3.017    design_1_i/snn_top_hls_0/inst/weight_memory_U/ap_clk
    SLICE_X67Y32         FDRE                                         r  design_1_i/snn_top_hls_0/inst/weight_memory_U/address0_t1_reg[8]_rep__1/C
  -------------------------------------------------------------------    -------------------
    SLICE_X67Y32         FDRE (Prop_fdre_C_Q)         0.456     3.473 r  design_1_i/snn_top_hls_0/inst/weight_memory_U/address0_t1_reg[8]_rep__1/Q
                         net (fo=26, routed)          8.359    11.832    design_1_i/snn_top_hls_0/inst/weight_memory_U/address0_t1_reg[8]_rep__1_n_6
    RAMB36_X5Y12         RAMB36E1                                     r  design_1_i/snn_top_hls_0/inst/weight_memory_U/ram_reg_18_3/ADDRARDADDR[8]
  -------------------------------------------------------------------    -------------------

                         (clock clk_fpga_0 rise edge)
                                                     10.000    10.000 r  
    PS7_X0Y0             PS7                          0.000    10.000 r  design_1_i/processing_system7_0/inst/PS7_i/FCLKCLK[0]
                         net (fo=1, routed)           1.088    11.088    design_1_i/processing_system7_0/inst/FCLK_CLK_unbuffered[0]
    BUFGCTRL_X0Y16       BUFG (Prop_bufg_I_O)         0.091    11.179 r  design_1_i/processing_system7_0/inst/buffer_fclk_clk_0.FCLK_CLK_0_BUFG/O
                         net (fo=14851, routed)       1.646    12.825    design_1_i/snn_top_hls_0/inst/weight_memory_U/ap_clk
    RAMB36_X5Y12         RAMB36E1                                     r  design_1_i/snn_top_hls_0/inst/weight_memory_U/ram_reg_18_3/CLKARDCLK
                         clock pessimism              0.115    12.940    
                         clock uncertainty           -0.154    12.786    
    RAMB36_X5Y12         RAMB36E1 (Setup_ramb36e1_CLKARDCLK_ADDRARDADDR[8])
                                                     -0.566    12.220    design_1_i/snn_top_hls_0/inst/weight_memory_U/ram_reg_18_3
  -------------------------------------------------------------------
                         required time                         12.220    
                         arrival time                         -11.832    
  -------------------------------------------------------------------
                         slack                                  0.388    

Slack (MET) :             0.474ns  (required time - arrival time)
  Source:                 design_1_i/snn_top_hls_0/inst/weight_memory_U/address0_t1_reg[2]_rep__1/C
                            (rising edge-triggered cell FDRE clocked by clk_fpga_0  {rise@0.000ns fall@5.000ns period=10.000ns})
  Destination:            design_1_i/snn_top_hls_0/inst/weight_memory_U/ram_reg_18_3/ADDRARDADDR[2]
                            (rising edge-triggered cell RAMB36E1 clocked by clk_fpga_0  {rise@0.000ns fall@5.000ns period=10.000ns})
  Path Group:             clk_fpga_0
  Path Type:              Setup (Max at Slow Process Corner)
  Requirement:            10.000ns  (clk_fpga_0 rise@10.000ns - clk_fpga_0 rise@0.000ns)
  Data Path Delay:        8.734ns  (logic 0.456ns (5.221%)  route 8.278ns (94.779%))
  Logic Levels:           0  
  Clock Path Skew:        -0.072ns (DCD - SCD + CPR)
    Destination Clock Delay (DCD):    2.825ns = ( 12.825 - 10.000 ) 
    Source Clock Delay      (SCD):    3.012ns
    Clock Pessimism Removal (CPR):    0.115ns
  Clock Uncertainty:      0.154ns  ((TSJ^2 + TIJ^2)^1/2 + DJ) / 2 + PE
    Total System Jitter     (TSJ):    0.071ns
    Total Input Jitter      (TIJ):    0.300ns
    Discrete Jitter          (DJ):    0.000ns
    Phase Error              (PE):    0.000ns

    Location             Delay type                Incr(ns)  Path(ns)    Netlist Resource(s)
  -------------------------------------------------------------------    -------------------
                         (clock clk_fpga_0 rise edge)
                                                      0.000     0.000 r  
    PS7_X0Y0             PS7                          0.000     0.000 r  design_1_i/processing_system7_0/inst/PS7_i/FCLKCLK[0]
                         net (fo=1, routed)           1.193     1.193    design_1_i/processing_system7_0/inst/FCLK_CLK_unbuffered[0]
    BUFGCTRL_X0Y16       BUFG (Prop_bufg_I_O)         0.101     1.294 r  design_1_i/processing_system7_0/inst/buffer_fclk_clk_0.FCLK_CLK_0_BUFG/O
                         net (fo=14851, routed)       1.718     3.012    design_1_i/snn_top_hls_0/inst/weight_memory_U/ap_clk
    SLICE_X63Y29         FDRE                                         r  design_1_i/snn_top_hls_0/inst/weight_memory_U/address0_t1_reg[2]_rep__1/C
  -------------------------------------------------------------------    -------------------
    SLICE_X63Y29         FDRE (Prop_fdre_C_Q)         0.456     3.468 r  design_1_i/snn_top_hls_0/inst/weight_memory_U/address0_t1_reg[2]_rep__1/Q
                         net (fo=26, routed)          8.278    11.746    design_1_i/snn_top_hls_0/inst/weight_memory_U/address0_t1_reg[2]_rep__1_n_6
    RAMB36_X5Y12         RAMB36E1                                     r  design_1_i/snn_top_hls_0/inst/weight_memory_U/ram_reg_18_3/ADDRARDADDR[2]
  -------------------------------------------------------------------    -------------------

                         (clock clk_fpga_0 rise edge)
                                                     10.000    10.000 r  
    PS7_X0Y0             PS7                          0.000    10.000 r  design_1_i/processing_system7_0/inst/PS7_i/FCLKCLK[0]
                         net (fo=1, routed)           1.088    11.088    design_1_i/processing_system7_0/inst/FCLK_CLK_unbuffered[0]
    BUFGCTRL_X0Y16       BUFG (Prop_bufg_I_O)         0.091    11.179 r  design_1_i/processing_system7_0/inst/buffer_fclk_clk_0.FCLK_CLK_0_BUFG/O
                         net (fo=14851, routed)       1.646    12.825    design_1_i/snn_top_hls_0/inst/weight_memory_U/ap_clk
    RAMB36_X5Y12         RAMB36E1                                     r  design_1_i/snn_top_hls_0/inst/weight_memory_U/ram_reg_18_3/CLKARDCLK
                         clock pessimism              0.115    12.940    
                         clock uncertainty           -0.154    12.786    
    RAMB36_X5Y12         RAMB36E1 (Setup_ramb36e1_CLKARDCLK_ADDRARDADDR[2])
                                                     -0.566    12.220    design_1_i/snn_top_hls_0/inst/weight_memory_U/ram_reg_18_3
  -------------------------------------------------------------------
                         required time                         12.220    
                         arrival time                         -11.746    
  -------------------------------------------------------------------
                         slack                                  0.474    

Slack (MET) :             0.477ns  (required time - arrival time)
  Source:                 design_1_i/snn_top_hls_0/inst/grp_process_post_spike_aer_fu_1540/grp_process_post_spike_aer_Pipeline_LTP_LOOP_fu_206/flow_control_loop_pipe_sequential_init_U/ap_loop_init_int_reg/C
                            (rising edge-triggered cell FDRE clocked by clk_fpga_0  {rise@0.000ns fall@5.000ns period=10.000ns})
  Destination:            design_1_i/snn_top_hls_0/inst/pre_traces_U/q0_reg[6]/D
                            (rising edge-triggered cell FDRE clocked by clk_fpga_0  {rise@0.000ns fall@5.000ns period=10.000ns})
  Path Group:             clk_fpga_0
  Path Type:              Setup (Max at Slow Process Corner)
  Requirement:            10.000ns  (clk_fpga_0 rise@10.000ns - clk_fpga_0 rise@0.000ns)
  Data Path Delay:        8.978ns  (logic 2.024ns (22.545%)  route 6.954ns (77.455%))
  Logic Levels:           8  (LUT4=1 LUT6=3 MUXF7=2 MUXF8=1 RAMD64E=1)
  Clock Path Skew:        -0.135ns (DCD - SCD + CPR)
    Destination Clock Delay (DCD):    2.656ns = ( 12.656 - 10.000 ) 
    Source Clock Delay      (SCD):    3.021ns
    Clock Pessimism Removal (CPR):    0.230ns
  Clock Uncertainty:      0.154ns  ((TSJ^2 + TIJ^2)^1/2 + DJ) / 2 + PE
    Total System Jitter     (TSJ):    0.071ns
    Total Input Jitter      (TIJ):    0.300ns
    Discrete Jitter          (DJ):    0.000ns
    Phase Error              (PE):    0.000ns

    Location             Delay type                Incr(ns)  Path(ns)    Netlist Resource(s)
  -------------------------------------------------------------------    -------------------
                         (clock clk_fpga_0 rise edge)
                                                      0.000     0.000 r  
    PS7_X0Y0             PS7                          0.000     0.000 r  design_1_i/processing_system7_0/inst/PS7_i/FCLKCLK[0]
                         net (fo=1, routed)           1.193     1.193    design_1_i/processing_system7_0/inst/FCLK_CLK_unbuffered[0]
    BUFGCTRL_X0Y16       BUFG (Prop_bufg_I_O)         0.101     1.294 r  design_1_i/processing_system7_0/inst/buffer_fclk_clk_0.FCLK_CLK_0_BUFG/O
                         net (fo=14851, routed)       1.727     3.021    design_1_i/snn_top_hls_0/inst/grp_process_post_spike_aer_fu_1540/grp_process_post_spike_aer_Pipeline_LTP_LOOP_fu_206/flow_control_loop_pipe_sequential_init_U/ap_clk
    SLICE_X60Y37         FDRE                                         r  design_1_i/snn_top_hls_0/inst/grp_process_post_spike_aer_fu_1540/grp_process_post_spike_aer_Pipeline_LTP_LOOP_fu_206/flow_control_loop_pipe_sequential_init_U/ap_loop_init_int_reg/C
  -------------------------------------------------------------------    -------------------
    SLICE_X60Y37         FDRE (Prop_fdre_C_Q)         0.456     3.477 f  design_1_i/snn_top_hls_0/inst/grp_process_post_spike_aer_fu_1540/grp_process_post_spike_aer_Pipeline_LTP_LOOP_fu_206/flow_control_loop_pipe_sequential_init_U/ap_loop_init_int_reg/Q
                         net (fo=47, routed)          1.053     4.530    design_1_i/snn_top_hls_0/inst/grp_process_post_spike_aer_fu_1540/grp_process_post_spike_aer_Pipeline_LTP_LOOP_fu_206/flow_control_loop_pipe_sequential_init_U/ap_loop_init_int
    SLICE_X56Y36         LUT4 (Prop_lut4_I1_O)        0.154     4.684 r  design_1_i/snn_top_hls_0/inst/grp_process_post_spike_aer_fu_1540/grp_process_post_spike_aer_Pipeline_LTP_LOOP_fu_206/flow_control_loop_pipe_sequential_init_U/pre_id_reg_625[1]_i_1/O
                         net (fo=7, routed)           0.941     5.625    design_1_i/snn_top_hls_0/inst/grp_decay_all_traces_fu_1462/grp_decay_all_traces_Pipeline_DECAY_PRE_TRACE_fu_28/flow_control_loop_pipe_sequential_init_U/grp_process_post_spike_aer_fu_1540_pre_traces_address0[1]
    SLICE_X43Y36         LUT6 (Prop_lut6_I3_O)        0.327     5.952 r  design_1_i/snn_top_hls_0/inst/grp_decay_all_traces_fu_1462/grp_decay_all_traces_Pipeline_DECAY_PRE_TRACE_fu_28/flow_control_loop_pipe_sequential_init_U/ram_reg_0_63_6_7_i_7__2/O
                         net (fo=96, routed)          1.907     7.860    design_1_i/snn_top_hls_0/inst/pre_traces_U/ram_reg_1984_2047_6_7/ADDRA1
    SLICE_X26Y54         RAMD64E (Prop_ramd64e_RADR1_O)
                                                      0.124     7.984 r  design_1_i/snn_top_hls_0/inst/pre_traces_U/ram_reg_1984_2047_6_7/RAMA/O
                         net (fo=1, routed)           1.142     9.125    design_1_i/snn_top_hls_0/inst/pre_traces_U/ram_reg_1984_2047_6_7_n_6
    SLICE_X31Y41         LUT6 (Prop_lut6_I0_O)        0.124     9.249 r  design_1_i/snn_top_hls_0/inst/pre_traces_U/buff0_reg_i_205__0/O
                         net (fo=1, routed)           0.000     9.249    design_1_i/snn_top_hls_0/inst/pre_traces_U/buff0_reg_i_205__0_n_6
    SLICE_X31Y41         MUXF7 (Prop_muxf7_I1_O)      0.217     9.466 r  design_1_i/snn_top_hls_0/inst/pre_traces_U/buff0_reg_i_97__0/O
                         net (fo=1, routed)           0.000     9.466    design_1_i/snn_top_hls_0/inst/pre_traces_U/buff0_reg_i_97__0_n_6
    SLICE_X31Y41         MUXF8 (Prop_muxf8_I1_O)      0.094     9.560 r  design_1_i/snn_top_hls_0/inst/pre_traces_U/buff0_reg_i_39__0/O
                         net (fo=1, routed)           1.327    10.888    design_1_i/snn_top_hls_0/inst/pre_traces_U/buff0_reg_i_39__0_n_6
    SLICE_X52Y35         LUT6 (Prop_lut6_I3_O)        0.316    11.204 r  design_1_i/snn_top_hls_0/inst/pre_traces_U/buff0_reg_i_14__0/O
                         net (fo=1, routed)           0.000    11.204    design_1_i/snn_top_hls_0/inst/grp_decay_all_traces_fu_1462/grp_decay_all_traces_Pipeline_DECAY_PRE_TRACE_fu_28/flow_control_loop_pipe_sequential_init_U/buff0_reg_1
    SLICE_X52Y35         MUXF7 (Prop_muxf7_I0_O)      0.212    11.416 r  design_1_i/snn_top_hls_0/inst/grp_decay_all_traces_fu_1462/grp_decay_all_traces_Pipeline_DECAY_PRE_TRACE_fu_28/flow_control_loop_pipe_sequential_init_U/buff0_reg_i_3__0/O
                         net (fo=2, routed)           0.583    11.999    design_1_i/snn_top_hls_0/inst/pre_traces_U/D[6]
    SLICE_X52Y35         FDRE                                         r  design_1_i/snn_top_hls_0/inst/pre_traces_U/q0_reg[6]/D
  -------------------------------------------------------------------    -------------------

                         (clock clk_fpga_0 rise edge)
                                                     10.000    10.000 r  
    PS7_X0Y0             PS7                          0.000    10.000 r  design_1_i/processing_system7_0/inst/PS7_i/FCLKCLK[0]
                         net (fo=1, routed)           1.088    11.088    design_1_i/processing_system7_0/inst/FCLK_CLK_unbuffered[0]
    BUFGCTRL_X0Y16       BUFG (Prop_bufg_I_O)         0.091    11.179 r  design_1_i/processing_system7_0/inst/buffer_fclk_clk_0.FCLK_CLK_0_BUFG/O
                         net (fo=14851, routed)       1.477    12.656    design_1_i/snn_top_hls_0/inst/pre_traces_U/ap_clk
    SLICE_X52Y35         FDRE                                         r  design_1_i/snn_top_hls_0/inst/pre_traces_U/q0_reg[6]/C
                         clock pessimism              0.230    12.886    
                         clock uncertainty           -0.154    12.732    
    SLICE_X52Y35         FDRE (Setup_fdre_C_D)       -0.256    12.476    design_1_i/snn_top_hls_0/inst/pre_traces_U/q0_reg[6]
  -------------------------------------------------------------------
                         required time                         12.476    
                         arrival time                         -11.999    
  -------------------------------------------------------------------
                         slack                                  0.477    

Slack (MET) :             0.496ns  (required time - arrival time)
  Source:                 design_1_i/snn_top_hls_0/inst/grp_decay_eligibility_traces_fu_1620/grp_decay_eligibility_traces_Pipeline_DECAY_PRE_fu_18_ap_start_reg_reg/C
                            (rising edge-triggered cell FDRE clocked by clk_fpga_0  {rise@0.000ns fall@5.000ns period=10.000ns})
  Destination:            design_1_i/snn_top_hls_0/inst/weight_memory_U/ram_reg_2_2/ENARDEN
                            (rising edge-triggered cell RAMB36E1 clocked by clk_fpga_0  {rise@0.000ns fall@5.000ns period=10.000ns})
  Path Group:             clk_fpga_0
  Path Type:              Setup (Max at Slow Process Corner)
  Requirement:            10.000ns  (clk_fpga_0 rise@10.000ns - clk_fpga_0 rise@0.000ns)
  Data Path Delay:        8.919ns  (logic 1.658ns (18.589%)  route 7.261ns (81.411%))
  Logic Levels:           7  (LUT2=2 LUT3=1 LUT6=4)
  Clock Path Skew:        0.012ns (DCD - SCD + CPR)
    Destination Clock Delay (DCD):    2.830ns = ( 12.830 - 10.000 ) 
    Source Clock Delay      (SCD):    2.933ns
    Clock Pessimism Removal (CPR):    0.115ns
  Clock Uncertainty:      0.154ns  ((TSJ^2 + TIJ^2)^1/2 + DJ) / 2 + PE
    Total System Jitter     (TSJ):    0.071ns
    Total Input Jitter      (TIJ):    0.300ns
    Discrete Jitter          (DJ):    0.000ns
    Phase Error              (PE):    0.000ns

    Location             Delay type                Incr(ns)  Path(ns)    Netlist Resource(s)
  -------------------------------------------------------------------    -------------------
                         (clock clk_fpga_0 rise edge)
                                                      0.000     0.000 r  
    PS7_X0Y0             PS7                          0.000     0.000 r  design_1_i/processing_system7_0/inst/PS7_i/FCLKCLK[0]
                         net (fo=1, routed)           1.193     1.193    design_1_i/processing_system7_0/inst/FCLK_CLK_unbuffered[0]
    BUFGCTRL_X0Y16       BUFG (Prop_bufg_I_O)         0.101     1.294 r  design_1_i/processing_system7_0/inst/buffer_fclk_clk_0.FCLK_CLK_0_BUFG/O
                         net (fo=14851, routed)       1.639     2.933    design_1_i/snn_top_hls_0/inst/grp_decay_eligibility_traces_fu_1620/ap_clk
    SLICE_X52Y27         FDRE                                         r  design_1_i/snn_top_hls_0/inst/grp_decay_eligibility_traces_fu_1620/grp_decay_eligibility_traces_Pipeline_DECAY_PRE_fu_18_ap_start_reg_reg/C
  -------------------------------------------------------------------    -------------------
    SLICE_X52Y27         FDRE (Prop_fdre_C_Q)         0.419     3.352 f  design_1_i/snn_top_hls_0/inst/grp_decay_eligibility_traces_fu_1620/grp_decay_eligibility_traces_Pipeline_DECAY_PRE_fu_18_ap_start_reg_reg/Q
                         net (fo=22, routed)          1.014     4.366    design_1_i/snn_top_hls_0/inst/grp_decay_eligibility_traces_fu_1620/grp_decay_eligibility_traces_Pipeline_DECAY_PRE_fu_18/flow_control_loop_pipe_sequential_init_U/grp_decay_eligibility_traces_fu_1620_pre_eligibility_ce0
    SLICE_X52Y28         LUT2 (Prop_lut2_I0_O)        0.299     4.665 f  design_1_i/snn_top_hls_0/inst/grp_decay_eligibility_traces_fu_1620/grp_decay_eligibility_traces_Pipeline_DECAY_PRE_fu_18/flow_control_loop_pipe_sequential_init_U/pre_eligibility_addr_reg_126[12]_i_1/O
                         net (fo=61, routed)          0.520     5.186    design_1_i/snn_top_hls_0/inst/grp_decay_eligibility_traces_fu_1620/grp_decay_eligibility_traces_Pipeline_DECAY_PRE_fu_18/flow_control_loop_pipe_sequential_init_U/grp_decay_eligibility_traces_Pipeline_DECAY_PRE_fu_18_ap_start_reg_reg
    SLICE_X52Y27         LUT6 (Prop_lut6_I1_O)        0.124     5.310 f  design_1_i/snn_top_hls_0/inst/grp_decay_eligibility_traces_fu_1620/grp_decay_eligibility_traces_Pipeline_DECAY_PRE_fu_18/flow_control_loop_pipe_sequential_init_U/i_fu_44[12]_i_4/O
                         net (fo=1, routed)           0.303     5.612    design_1_i/snn_top_hls_0/inst/grp_decay_eligibility_traces_fu_1620/grp_decay_eligibility_traces_Pipeline_DECAY_PRE_fu_18/flow_control_loop_pipe_sequential_init_U/i_fu_44[12]_i_4_n_6
    SLICE_X52Y26         LUT6 (Prop_lut6_I5_O)        0.124     5.736 r  design_1_i/snn_top_hls_0/inst/grp_decay_eligibility_traces_fu_1620/grp_decay_eligibility_traces_Pipeline_DECAY_PRE_fu_18/flow_control_loop_pipe_sequential_init_U/i_fu_44[12]_i_2/O
                         net (fo=5, routed)           0.429     6.165    design_1_i/snn_top_hls_0/inst/grp_decay_eligibility_traces_fu_1620/grp_decay_eligibility_traces_Pipeline_DECAY_PRE_fu_18/flow_control_loop_pipe_sequential_init_U/i_fu_44[12]_i_2_n_6
    SLICE_X52Y28         LUT2 (Prop_lut2_I1_O)        0.118     6.283 f  design_1_i/snn_top_hls_0/inst/grp_decay_eligibility_traces_fu_1620/grp_decay_eligibility_traces_Pipeline_DECAY_PRE_fu_18/flow_control_loop_pipe_sequential_init_U/i_fu_44[12]_i_1/O
                         net (fo=17, routed)          0.752     7.035    design_1_i/snn_top_hls_0/inst/grp_decay_eligibility_traces_fu_1620/grp_decay_eligibility_traces_Pipeline_DECAY_POST_fu_24/flow_control_loop_pipe_sequential_init_U/i_fu_440
    SLICE_X52Y31         LUT6 (Prop_lut6_I2_O)        0.326     7.361 r  design_1_i/snn_top_hls_0/inst/grp_decay_eligibility_traces_fu_1620/grp_decay_eligibility_traces_Pipeline_DECAY_POST_fu_24/flow_control_loop_pipe_sequential_init_U/ram_reg_0_0_i_4/O
                         net (fo=14, routed)          1.010     8.372    design_1_i/snn_top_hls_0/inst/grp_snn_top_hls_Pipeline_INIT_WEIGHT_fu_1434/ram_reg_1_3_0
    SLICE_X60Y41         LUT6 (Prop_lut6_I2_O)        0.124     8.496 r  design_1_i/snn_top_hls_0/inst/grp_snn_top_hls_Pipeline_INIT_WEIGHT_fu_1434/ram_reg_2_0_i_1/O
                         net (fo=9, routed)           1.980    10.475    design_1_i/snn_top_hls_0/inst/weight_memory_U/ram_reg_3_3_0
    SLICE_X84Y88         LUT3 (Prop_lut3_I2_O)        0.124    10.599 r  design_1_i/snn_top_hls_0/inst/weight_memory_U/ram_reg_2_2_ENARDEN_cooolgate_en_gate_182/O
                         net (fo=1, routed)           1.253    11.852    design_1_i/snn_top_hls_0/inst/weight_memory_U/ram_reg_2_2_ENARDEN_cooolgate_en_sig_104
    RAMB36_X5Y18         RAMB36E1                                     r  design_1_i/snn_top_hls_0/inst/weight_memory_U/ram_reg_2_2/ENARDEN
  -------------------------------------------------------------------    -------------------

                         (clock clk_fpga_0 rise edge)
                                                     10.000    10.000 r  
    PS7_X0Y0             PS7                          0.000    10.000 r  design_1_i/processing_system7_0/inst/PS7_i/FCLKCLK[0]
                         net (fo=1, routed)           1.088    11.088    design_1_i/processing_system7_0/inst/FCLK_CLK_unbuffered[0]
    BUFGCTRL_X0Y16       BUFG (Prop_bufg_I_O)         0.091    11.179 r  design_1_i/processing_system7_0/inst/buffer_fclk_clk_0.FCLK_CLK_0_BUFG/O
                         net (fo=14851, routed)       1.651    12.830    design_1_i/snn_top_hls_0/inst/weight_memory_U/ap_clk
    RAMB36_X5Y18         RAMB36E1                                     r  design_1_i/snn_top_hls_0/inst/weight_memory_U/ram_reg_2_2/CLKARDCLK
                         clock pessimism              0.115    12.945    
                         clock uncertainty           -0.154    12.791    
    RAMB36_X5Y18         RAMB36E1 (Setup_ramb36e1_CLKARDCLK_ENARDEN)
                                                     -0.443    12.348    design_1_i/snn_top_hls_0/inst/weight_memory_U/ram_reg_2_2
  -------------------------------------------------------------------
                         required time                         12.348    
                         arrival time                         -11.852    
  -------------------------------------------------------------------
                         slack                                  0.496    

Slack (MET) :             0.501ns  (required time - arrival time)
  Source:                 design_1_i/snn_top_hls_0/inst/grp_decay_eligibility_traces_fu_1620/grp_decay_eligibility_traces_Pipeline_DECAY_PRE_fu_18_ap_start_reg_reg/C
                            (rising edge-triggered cell FDRE clocked by clk_fpga_0  {rise@0.000ns fall@5.000ns period=10.000ns})
  Destination:            design_1_i/snn_top_hls_0/inst/weight_memory_U/ram_reg_18_3/ENARDEN
                            (rising edge-triggered cell RAMB36E1 clocked by clk_fpga_0  {rise@0.000ns fall@5.000ns period=10.000ns})
  Path Group:             clk_fpga_0
  Path Type:              Setup (Max at Slow Process Corner)
  Requirement:            10.000ns  (clk_fpga_0 rise@10.000ns - clk_fpga_0 rise@0.000ns)
  Data Path Delay:        8.707ns  (logic 1.652ns (18.973%)  route 7.055ns (81.027%))
  Logic Levels:           7  (LUT2=2 LUT3=1 LUT6=4)
  Clock Path Skew:        0.007ns (DCD - SCD + CPR)
    Destination Clock Delay (DCD):    2.825ns = ( 12.825 - 10.000 ) 
    Source Clock Delay      (SCD):    2.933ns
    Clock Pessimism Removal (CPR):    0.115ns
  Clock Uncertainty:      0.154ns  ((TSJ^2 + TIJ^2)^1/2 + DJ) / 2 + PE
    Total System Jitter     (TSJ):    0.071ns
    Total Input Jitter      (TIJ):    0.300ns
    Discrete Jitter          (DJ):    0.000ns
    Phase Error              (PE):    0.000ns

    Location             Delay type                Incr(ns)  Path(ns)    Netlist Resource(s)
  -------------------------------------------------------------------    -------------------
                         (clock clk_fpga_0 rise edge)
                                                      0.000     0.000 r  
    PS7_X0Y0             PS7                          0.000     0.000 r  design_1_i/processing_system7_0/inst/PS7_i/FCLKCLK[0]
                         net (fo=1, routed)           1.193     1.193    design_1_i/processing_system7_0/inst/FCLK_CLK_unbuffered[0]
    BUFGCTRL_X0Y16       BUFG (Prop_bufg_I_O)         0.101     1.294 r  design_1_i/processing_system7_0/inst/buffer_fclk_clk_0.FCLK_CLK_0_BUFG/O
                         net (fo=14851, routed)       1.639     2.933    design_1_i/snn_top_hls_0/inst/grp_decay_eligibility_traces_fu_1620/ap_clk
    SLICE_X52Y27         FDRE                                         r  design_1_i/snn_top_hls_0/inst/grp_decay_eligibility_traces_fu_1620/grp_decay_eligibility_traces_Pipeline_DECAY_PRE_fu_18_ap_start_reg_reg/C
  -------------------------------------------------------------------    -------------------
    SLICE_X52Y27         FDRE (Prop_fdre_C_Q)         0.419     3.352 f  design_1_i/snn_top_hls_0/inst/grp_decay_eligibility_traces_fu_1620/grp_decay_eligibility_traces_Pipeline_DECAY_PRE_fu_18_ap_start_reg_reg/Q
                         net (fo=22, routed)          1.014     4.366    design_1_i/snn_top_hls_0/inst/grp_decay_eligibility_traces_fu_1620/grp_decay_eligibility_traces_Pipeline_DECAY_PRE_fu_18/flow_control_loop_pipe_sequential_init_U/grp_decay_eligibility_traces_fu_1620_pre_eligibility_ce0
    SLICE_X52Y28         LUT2 (Prop_lut2_I0_O)        0.299     4.665 f  design_1_i/snn_top_hls_0/inst/grp_decay_eligibility_traces_fu_1620/grp_decay_eligibility_traces_Pipeline_DECAY_PRE_fu_18/flow_control_loop_pipe_sequential_init_U/pre_eligibility_addr_reg_126[12]_i_1/O
                         net (fo=61, routed)          0.520     5.186    design_1_i/snn_top_hls_0/inst/grp_decay_eligibility_traces_fu_1620/grp_decay_eligibility_traces_Pipeline_DECAY_PRE_fu_18/flow_control_loop_pipe_sequential_init_U/grp_decay_eligibility_traces_Pipeline_DECAY_PRE_fu_18_ap_start_reg_reg
    SLICE_X52Y27         LUT6 (Prop_lut6_I1_O)        0.124     5.310 f  design_1_i/snn_top_hls_0/inst/grp_decay_eligibility_traces_fu_1620/grp_decay_eligibility_traces_Pipeline_DECAY_PRE_fu_18/flow_control_loop_pipe_sequential_init_U/i_fu_44[12]_i_4/O
                         net (fo=1, routed)           0.303     5.612    design_1_i/snn_top_hls_0/inst/grp_decay_eligibility_traces_fu_1620/grp_decay_eligibility_traces_Pipeline_DECAY_PRE_fu_18/flow_control_loop_pipe_sequential_init_U/i_fu_44[12]_i_4_n_6
    SLICE_X52Y26         LUT6 (Prop_lut6_I5_O)        0.124     5.736 r  design_1_i/snn_top_hls_0/inst/grp_decay_eligibility_traces_fu_1620/grp_decay_eligibility_traces_Pipeline_DECAY_PRE_fu_18/flow_control_loop_pipe_sequential_init_U/i_fu_44[12]_i_2/O
                         net (fo=5, routed)           0.429     6.165    design_1_i/snn_top_hls_0/inst/grp_decay_eligibility_traces_fu_1620/grp_decay_eligibility_traces_Pipeline_DECAY_PRE_fu_18/flow_control_loop_pipe_sequential_init_U/i_fu_44[12]_i_2_n_6
    SLICE_X52Y28         LUT2 (Prop_lut2_I1_O)        0.118     6.283 f  design_1_i/snn_top_hls_0/inst/grp_decay_eligibility_traces_fu_1620/grp_decay_eligibility_traces_Pipeline_DECAY_PRE_fu_18/flow_control_loop_pipe_sequential_init_U/i_fu_44[12]_i_1/O
                         net (fo=17, routed)          0.752     7.035    design_1_i/snn_top_hls_0/inst/grp_decay_eligibility_traces_fu_1620/grp_decay_eligibility_traces_Pipeline_DECAY_POST_fu_24/flow_control_loop_pipe_sequential_init_U/i_fu_440
    SLICE_X52Y31         LUT6 (Prop_lut6_I2_O)        0.326     7.361 r  design_1_i/snn_top_hls_0/inst/grp_decay_eligibility_traces_fu_1620/grp_decay_eligibility_traces_Pipeline_DECAY_POST_fu_24/flow_control_loop_pipe_sequential_init_U/ram_reg_0_0_i_4/O
                         net (fo=14, routed)          0.999     8.360    design_1_i/snn_top_hls_0/inst/grp_snn_top_hls_Pipeline_INIT_WEIGHT_fu_1434/ram_reg_1_3_0
    SLICE_X60Y34         LUT6 (Prop_lut6_I2_O)        0.124     8.484 r  design_1_i/snn_top_hls_0/inst/grp_snn_top_hls_Pipeline_INIT_WEIGHT_fu_1434/ram_reg_18_0_i_1/O
                         net (fo=9, routed)           2.068    10.553    design_1_i/snn_top_hls_0/inst/weight_memory_U/ram_reg_19_3_0
    SLICE_X103Y52        LUT3 (Prop_lut3_I2_O)        0.118    10.671 r  design_1_i/snn_top_hls_0/inst/weight_memory_U/ram_reg_18_3_ENARDEN_cooolgate_en_gate_114/O
                         net (fo=1, routed)           0.969    11.640    design_1_i/snn_top_hls_0/inst/weight_memory_U/ram_reg_18_3_ENARDEN_cooolgate_en_sig_66
    RAMB36_X5Y12         RAMB36E1                                     r  design_1_i/snn_top_hls_0/inst/weight_memory_U/ram_reg_18_3/ENARDEN
  -------------------------------------------------------------------    -------------------

                         (clock clk_fpga_0 rise edge)
                                                     10.000    10.000 r  
    PS7_X0Y0             PS7                          0.000    10.000 r  design_1_i/processing_system7_0/inst/PS7_i/FCLKCLK[0]
                         net (fo=1, routed)           1.088    11.088    design_1_i/processing_system7_0/inst/FCLK_CLK_unbuffered[0]
    BUFGCTRL_X0Y16       BUFG (Prop_bufg_I_O)         0.091    11.179 r  design_1_i/processing_system7_0/inst/buffer_fclk_clk_0.FCLK_CLK_0_BUFG/O
                         net (fo=14851, routed)       1.646    12.825    design_1_i/snn_top_hls_0/inst/weight_memory_U/ap_clk
    RAMB36_X5Y12         RAMB36E1                                     r  design_1_i/snn_top_hls_0/inst/weight_memory_U/ram_reg_18_3/CLKARDCLK
                         clock pessimism              0.115    12.940    
                         clock uncertainty           -0.154    12.786    
    RAMB36_X5Y12         RAMB36E1 (Setup_ramb36e1_CLKARDCLK_ENARDEN)
                                                     -0.645    12.141    design_1_i/snn_top_hls_0/inst/weight_memory_U/ram_reg_18_3
  -------------------------------------------------------------------
                         required time                         12.141    
                         arrival time                         -11.640    
  -------------------------------------------------------------------
                         slack                                  0.501    





Min Delay Paths
--------------------------------------------------------------------------------------
Slack (MET) :             0.025ns  (arrival time - required time)
  Source:                 design_1_i/axi_mem_intercon/s05_couplers/auto_us/inst/gen_upsizer.gen_full_upsizer.axi_upsizer_inst/USE_READ.gen_non_fifo_r_upsizer.mi_register_slice_inst/r.r_pipe/skid_buffer_reg[64]/C
                            (rising edge-triggered cell FDRE clocked by clk_fpga_0  {rise@0.000ns fall@5.000ns period=10.000ns})
  Destination:            design_1_i/axi_mem_intercon/s05_couplers/auto_us/inst/gen_upsizer.gen_full_upsizer.axi_upsizer_inst/USE_READ.gen_non_fifo_r_upsizer.mi_register_slice_inst/r.r_pipe/m_payload_i_reg[64]/D
                            (rising edge-triggered cell FDRE clocked by clk_fpga_0  {rise@0.000ns fall@5.000ns period=10.000ns})
  Path Group:             clk_fpga_0
  Path Type:              Hold (Min at Fast Process Corner)
  Requirement:            0.000ns  (clk_fpga_0 rise@0.000ns - clk_fpga_0 rise@0.000ns)
  Data Path Delay:        0.418ns  (logic 0.189ns (45.171%)  route 0.229ns (54.829%))
  Logic Levels:           1  (LUT3=1)
  Clock Path Skew:        0.286ns (DCD - SCD - CPR)
    Destination Clock Delay (DCD):    1.226ns
    Source Clock Delay      (SCD):    0.910ns
    Clock Pessimism Removal (CPR):    0.030ns

    Location             Delay type                Incr(ns)  Path(ns)    Netlist Resource(s)
  -------------------------------------------------------------------    -------------------
                         (clock clk_fpga_0 rise edge)
                                                      0.000     0.000 r  
    PS7_X0Y0             PS7                          0.000     0.000 r  design_1_i/processing_system7_0/inst/PS7_i/FCLKCLK[0]
                         net (fo=1, routed)           0.310     0.310    design_1_i/processing_system7_0/inst/FCLK_CLK_unbuffered[0]
    BUFGCTRL_X0Y16       BUFG (Prop_bufg_I_O)         0.026     0.336 r  design_1_i/processing_system7_0/inst/buffer_fclk_clk_0.FCLK_CLK_0_BUFG/O
                         net (fo=14851, routed)       0.574     0.910    design_1_i/axi_mem_intercon/s05_couplers/auto_us/inst/gen_upsizer.gen_full_upsizer.axi_upsizer_inst/USE_READ.gen_non_fifo_r_upsizer.mi_register_slice_inst/r.r_pipe/out
    SLICE_X27Y50         FDRE                                         r  design_1_i/axi_mem_intercon/s05_couplers/auto_us/inst/gen_upsizer.gen_full_upsizer.axi_upsizer_inst/USE_READ.gen_non_fifo_r_upsizer.mi_register_slice_inst/r.r_pipe/skid_buffer_reg[64]/C
  -------------------------------------------------------------------    -------------------
    SLICE_X27Y50         FDRE (Prop_fdre_C_Q)         0.141     1.051 r  design_1_i/axi_mem_intercon/s05_couplers/auto_us/inst/gen_upsizer.gen_full_upsizer.axi_upsizer_inst/USE_READ.gen_non_fifo_r_upsizer.mi_register_slice_inst/r.r_pipe/skid_buffer_reg[64]/Q
                         net (fo=1, routed)           0.229     1.280    design_1_i/axi_mem_intercon/s05_couplers/auto_us/inst/gen_upsizer.gen_full_upsizer.axi_upsizer_inst/USE_READ.gen_non_fifo_r_upsizer.mi_register_slice_inst/r.r_pipe/skid_buffer_reg_n_0_[64]
    SLICE_X27Y49         LUT3 (Prop_lut3_I2_O)        0.048     1.328 r  design_1_i/axi_mem_intercon/s05_couplers/auto_us/inst/gen_upsizer.gen_full_upsizer.axi_upsizer_inst/USE_READ.gen_non_fifo_r_upsizer.mi_register_slice_inst/r.r_pipe/m_payload_i[64]_i_1/O
                         net (fo=1, routed)           0.000     1.328    design_1_i/axi_mem_intercon/s05_couplers/auto_us/inst/gen_upsizer.gen_full_upsizer.axi_upsizer_inst/USE_READ.gen_non_fifo_r_upsizer.mi_register_slice_inst/r.r_pipe/skid_buffer[64]
    SLICE_X27Y49         FDRE                                         r  design_1_i/axi_mem_intercon/s05_couplers/auto_us/inst/gen_upsizer.gen_full_upsizer.axi_upsizer_inst/USE_READ.gen_non_fifo_r_upsizer.mi_register_slice_inst/r.r_pipe/m_payload_i_reg[64]/D
  -------------------------------------------------------------------    -------------------

                         (clock clk_fpga_0 rise edge)
                                                      0.000     0.000 r  
    PS7_X0Y0             PS7                          0.000     0.000 r  design_1_i/processing_system7_0/inst/PS7_i/FCLKCLK[0]
                         net (fo=1, routed)           0.337     0.337    design_1_i/processing_system7_0/inst/FCLK_CLK_unbuffered[0]
    BUFGCTRL_X0Y16       BUFG (Prop_bufg_I_O)         0.029     0.366 r  design_1_i/processing_system7_0/inst/buffer_fclk_clk_0.FCLK_CLK_0_BUFG/O
                         net (fo=14851, routed)       0.860     1.226    design_1_i/axi_mem_intercon/s05_couplers/auto_us/inst/gen_upsizer.gen_full_upsizer.axi_upsizer_inst/USE_READ.gen_non_fifo_r_upsizer.mi_register_slice_inst/r.r_pipe/out
    SLICE_X27Y49         FDRE                                         r  design_1_i/axi_mem_intercon/s05_couplers/auto_us/inst/gen_upsizer.gen_full_upsizer.axi_upsizer_inst/USE_READ.gen_non_fifo_r_upsizer.mi_register_slice_inst/r.r_pipe/m_payload_i_reg[64]/C
                         clock pessimism             -0.030     1.196    
    SLICE_X27Y49         FDRE (Hold_fdre_C_D)         0.107     1.303    design_1_i/axi_mem_intercon/s05_couplers/auto_us/inst/gen_upsizer.gen_full_upsizer.axi_upsizer_inst/USE_READ.gen_non_fifo_r_upsizer.mi_register_slice_inst/r.r_pipe/m_payload_i_reg[64]
  -------------------------------------------------------------------
                         required time                         -1.303    
                         arrival time                           1.328    
  -------------------------------------------------------------------
                         slack                                  0.025    

Slack (MET) :             0.032ns  (arrival time - required time)
  Source:                 design_1_i/axi_dma_1/U0/I_AXI_DMA_REG_MODULE/GEN_MM2S_REGISTERS.I_MM2S_DMA_REGISTER/GEN_REG_FOR_SMPL.buffer_length_i_reg[2]/C
                            (rising edge-triggered cell FDRE clocked by clk_fpga_0  {rise@0.000ns fall@5.000ns period=10.000ns})
  Destination:            design_1_i/axi_dma_1/U0/INCLUDE_MM2S_SOF_EOF_GENERATOR.I_MM2S_DMA_MNGR/GEN_MM2S_DMA_CONTROL.GEN_SIMPLE_DMA_MODE.I_MM2S_SMPL_SM/GEN_CMD_BTT_LESS_23.cmnd_data_reg[2]/D
                            (rising edge-triggered cell FDRE clocked by clk_fpga_0  {rise@0.000ns fall@5.000ns period=10.000ns})
  Path Group:             clk_fpga_0
  Path Type:              Hold (Min at Fast Process Corner)
  Requirement:            0.000ns  (clk_fpga_0 rise@0.000ns - clk_fpga_0 rise@0.000ns)
  Data Path Delay:        0.366ns  (logic 0.141ns (38.572%)  route 0.225ns (61.428%))
  Logic Levels:           0  
  Clock Path Skew:        0.267ns (DCD - SCD - CPR)
    Destination Clock Delay (DCD):    1.274ns
    Source Clock Delay      (SCD):    0.968ns
    Clock Pessimism Removal (CPR):    0.039ns

    Location             Delay type                Incr(ns)  Path(ns)    Netlist Resource(s)
  -------------------------------------------------------------------    -------------------
                         (clock clk_fpga_0 rise edge)
                                                      0.000     0.000 r  
    PS7_X0Y0             PS7                          0.000     0.000 r  design_1_i/processing_system7_0/inst/PS7_i/FCLKCLK[0]
                         net (fo=1, routed)           0.310     0.310    design_1_i/processing_system7_0/inst/FCLK_CLK_unbuffered[0]
    BUFGCTRL_X0Y16       BUFG (Prop_bufg_I_O)         0.026     0.336 r  design_1_i/processing_system7_0/inst/buffer_fclk_clk_0.FCLK_CLK_0_BUFG/O
                         net (fo=14851, routed)       0.632     0.968    design_1_i/axi_dma_1/U0/I_AXI_DMA_REG_MODULE/GEN_MM2S_REGISTERS.I_MM2S_DMA_REGISTER/s_axi_lite_aclk
    SLICE_X51Y111        FDRE                                         r  design_1_i/axi_dma_1/U0/I_AXI_DMA_REG_MODULE/GEN_MM2S_REGISTERS.I_MM2S_DMA_REGISTER/GEN_REG_FOR_SMPL.buffer_length_i_reg[2]/C
  -------------------------------------------------------------------    -------------------
    SLICE_X51Y111        FDRE (Prop_fdre_C_Q)         0.141     1.109 r  design_1_i/axi_dma_1/U0/I_AXI_DMA_REG_MODULE/GEN_MM2S_REGISTERS.I_MM2S_DMA_REGISTER/GEN_REG_FOR_SMPL.buffer_length_i_reg[2]/Q
                         net (fo=2, routed)           0.225     1.334    design_1_i/axi_dma_1/U0/INCLUDE_MM2S_SOF_EOF_GENERATOR.I_MM2S_DMA_MNGR/GEN_MM2S_DMA_CONTROL.GEN_SIMPLE_DMA_MODE.I_MM2S_SMPL_SM/GEN_CMD_BTT_LESS_23.cmnd_data_reg[13]_0[2]
    SLICE_X49Y110        FDRE                                         r  design_1_i/axi_dma_1/U0/INCLUDE_MM2S_SOF_EOF_GENERATOR.I_MM2S_DMA_MNGR/GEN_MM2S_DMA_CONTROL.GEN_SIMPLE_DMA_MODE.I_MM2S_SMPL_SM/GEN_CMD_BTT_LESS_23.cmnd_data_reg[2]/D
  -------------------------------------------------------------------    -------------------

                         (clock clk_fpga_0 rise edge)
                                                      0.000     0.000 r  
    PS7_X0Y0             PS7                          0.000     0.000 r  design_1_i/processing_system7_0/inst/PS7_i/FCLKCLK[0]
                         net (fo=1, routed)           0.337     0.337    design_1_i/processing_system7_0/inst/FCLK_CLK_unbuffered[0]
    BUFGCTRL_X0Y16       BUFG (Prop_bufg_I_O)         0.029     0.366 r  design_1_i/processing_system7_0/inst/buffer_fclk_clk_0.FCLK_CLK_0_BUFG/O
                         net (fo=14851, routed)       0.908     1.274    design_1_i/axi_dma_1/U0/INCLUDE_MM2S_SOF_EOF_GENERATOR.I_MM2S_DMA_MNGR/GEN_MM2S_DMA_CONTROL.GEN_SIMPLE_DMA_MODE.I_MM2S_SMPL_SM/s_axi_lite_aclk
    SLICE_X49Y110        FDRE                                         r  design_1_i/axi_dma_1/U0/INCLUDE_MM2S_SOF_EOF_GENERATOR.I_MM2S_DMA_MNGR/GEN_MM2S_DMA_CONTROL.GEN_SIMPLE_DMA_MODE.I_MM2S_SMPL_SM/GEN_CMD_BTT_LESS_23.cmnd_data_reg[2]/C
                         clock pessimism             -0.039     1.235    
    SLICE_X49Y110        FDRE (Hold_fdre_C_D)         0.066     1.301    design_1_i/axi_dma_1/U0/INCLUDE_MM2S_SOF_EOF_GENERATOR.I_MM2S_DMA_MNGR/GEN_MM2S_DMA_CONTROL.GEN_SIMPLE_DMA_MODE.I_MM2S_SMPL_SM/GEN_CMD_BTT_LESS_23.cmnd_data_reg[2]
  -------------------------------------------------------------------
                         required time                         -1.301    
                         arrival time                           1.334    
  -------------------------------------------------------------------
                         slack                                  0.032    

Slack (MET) :             0.039ns  (arrival time - required time)
  Source:                 design_1_i/axi_dma_1/U0/I_PRMRY_DATAMOVER/GEN_MM2S_FULL.I_MM2S_FULL_WRAPPER/I_ADDR_CNTL/sig_next_addr_reg_reg[21]/C
                            (rising edge-triggered cell FDRE clocked by clk_fpga_0  {rise@0.000ns fall@5.000ns period=10.000ns})
  Destination:            design_1_i/axi_mem_intercon/s02_couplers/auto_pc/inst/gen_axi4_axi3.axi3_conv_inst/USE_READ.USE_SPLIT_R.read_addr_inst/S_AXI_AADDR_Q_reg[21]/D
                            (rising edge-triggered cell FDRE clocked by clk_fpga_0  {rise@0.000ns fall@5.000ns period=10.000ns})
  Path Group:             clk_fpga_0
  Path Type:              Hold (Min at Fast Process Corner)
  Requirement:            0.000ns  (clk_fpga_0 rise@0.000ns - clk_fpga_0 rise@0.000ns)
  Data Path Delay:        0.267ns  (logic 0.164ns (61.454%)  route 0.103ns (38.546%))
  Logic Levels:           0  
  Clock Path Skew:        0.181ns (DCD - SCD - CPR)
    Destination Clock Delay (DCD):    1.191ns
    Source Clock Delay      (SCD):    0.975ns
    Clock Pessimism Removal (CPR):    0.035ns

    Location             Delay type                Incr(ns)  Path(ns)    Netlist Resource(s)
  -------------------------------------------------------------------    -------------------
                         (clock clk_fpga_0 rise edge)
                                                      0.000     0.000 r  
    PS7_X0Y0             PS7                          0.000     0.000 r  design_1_i/processing_system7_0/inst/PS7_i/FCLKCLK[0]
                         net (fo=1, routed)           0.310     0.310    design_1_i/processing_system7_0/inst/FCLK_CLK_unbuffered[0]
    BUFGCTRL_X0Y16       BUFG (Prop_bufg_I_O)         0.026     0.336 r  design_1_i/processing_system7_0/inst/buffer_fclk_clk_0.FCLK_CLK_0_BUFG/O
                         net (fo=14851, routed)       0.639     0.975    design_1_i/axi_dma_1/U0/I_PRMRY_DATAMOVER/GEN_MM2S_FULL.I_MM2S_FULL_WRAPPER/I_ADDR_CNTL/m_axi_mm2s_aclk
    SLICE_X42Y100        FDRE                                         r  design_1_i/axi_dma_1/U0/I_PRMRY_DATAMOVER/GEN_MM2S_FULL.I_MM2S_FULL_WRAPPER/I_ADDR_CNTL/sig_next_addr_reg_reg[21]/C
  -------------------------------------------------------------------    -------------------
    SLICE_X42Y100        FDRE (Prop_fdre_C_Q)         0.164     1.139 r  design_1_i/axi_dma_1/U0/I_PRMRY_DATAMOVER/GEN_MM2S_FULL.I_MM2S_FULL_WRAPPER/I_ADDR_CNTL/sig_next_addr_reg_reg[21]/Q
                         net (fo=1, routed)           0.103     1.242    design_1_i/axi_mem_intercon/s02_couplers/auto_pc/inst/gen_axi4_axi3.axi3_conv_inst/USE_READ.USE_SPLIT_R.read_addr_inst/s_axi_araddr[21]
    SLICE_X40Y99         FDRE                                         r  design_1_i/axi_mem_intercon/s02_couplers/auto_pc/inst/gen_axi4_axi3.axi3_conv_inst/USE_READ.USE_SPLIT_R.read_addr_inst/S_AXI_AADDR_Q_reg[21]/D
  -------------------------------------------------------------------    -------------------

                         (clock clk_fpga_0 rise edge)
                                                      0.000     0.000 r  
    PS7_X0Y0             PS7                          0.000     0.000 r  design_1_i/processing_system7_0/inst/PS7_i/FCLKCLK[0]
                         net (fo=1, routed)           0.337     0.337    design_1_i/processing_system7_0/inst/FCLK_CLK_unbuffered[0]
    BUFGCTRL_X0Y16       BUFG (Prop_bufg_I_O)         0.029     0.366 r  design_1_i/processing_system7_0/inst/buffer_fclk_clk_0.FCLK_CLK_0_BUFG/O
                         net (fo=14851, routed)       0.825     1.191    design_1_i/axi_mem_intercon/s02_couplers/auto_pc/inst/gen_axi4_axi3.axi3_conv_inst/USE_READ.USE_SPLIT_R.read_addr_inst/aclk
    SLICE_X40Y99         FDRE                                         r  design_1_i/axi_mem_intercon/s02_couplers/auto_pc/inst/gen_axi4_axi3.axi3_conv_inst/USE_READ.USE_SPLIT_R.read_addr_inst/S_AXI_AADDR_Q_reg[21]/C
                         clock pessimism             -0.035     1.156    
    SLICE_X40Y99         FDRE (Hold_fdre_C_D)         0.047     1.203    design_1_i/axi_mem_intercon/s02_couplers/auto_pc/inst/gen_axi4_axi3.axi3_conv_inst/USE_READ.USE_SPLIT_R.read_addr_inst/S_AXI_AADDR_Q_reg[21]
  -------------------------------------------------------------------
                         required time                         -1.203    
                         arrival time                           1.242    
  -------------------------------------------------------------------
                         slack                                  0.039    

Slack (MET) :             0.040ns  (arrival time - required time)
  Source:                 design_1_i/snn_top_hls_0/inst/grp_snn_top_hls_Pipeline_ENCODER_LOOP_fu_1478/ch_1_reg_399_reg[0]/C
                            (rising edge-triggered cell FDRE clocked by clk_fpga_0  {rise@0.000ns fall@5.000ns period=10.000ns})
  Destination:            design_1_i/snn_top_hls_0/inst/grp_snn_top_hls_Pipeline_ENCODER_LOOP_fu_1478/trunc_ln93_reg_435_reg[0]/D
                            (rising edge-triggered cell FDRE clocked by clk_fpga_0  {rise@0.000ns fall@5.000ns period=10.000ns})
  Path Group:             clk_fpga_0
  Path Type:              Hold (Min at Fast Process Corner)
  Requirement:            0.000ns  (clk_fpga_0 rise@0.000ns - clk_fpga_0 rise@0.000ns)
  Data Path Delay:        0.367ns  (logic 0.141ns (38.396%)  route 0.226ns (61.604%))
  Logic Levels:           0  
  Clock Path Skew:        0.261ns (DCD - SCD - CPR)
    Destination Clock Delay (DCD):    1.186ns
    Source Clock Delay      (SCD):    0.890ns
    Clock Pessimism Removal (CPR):    0.035ns

    Location             Delay type                Incr(ns)  Path(ns)    Netlist Resource(s)
  -------------------------------------------------------------------    -------------------
                         (clock clk_fpga_0 rise edge)
                                                      0.000     0.000 r  
    PS7_X0Y0             PS7                          0.000     0.000 r  design_1_i/processing_system7_0/inst/PS7_i/FCLKCLK[0]
                         net (fo=1, routed)           0.310     0.310    design_1_i/processing_system7_0/inst/FCLK_CLK_unbuffered[0]
    BUFGCTRL_X0Y16       BUFG (Prop_bufg_I_O)         0.026     0.336 r  design_1_i/processing_system7_0/inst/buffer_fclk_clk_0.FCLK_CLK_0_BUFG/O
                         net (fo=14851, routed)       0.554     0.890    design_1_i/snn_top_hls_0/inst/grp_snn_top_hls_Pipeline_ENCODER_LOOP_fu_1478/ap_clk
    SLICE_X49Y59         FDRE                                         r  design_1_i/snn_top_hls_0/inst/grp_snn_top_hls_Pipeline_ENCODER_LOOP_fu_1478/ch_1_reg_399_reg[0]/C
  -------------------------------------------------------------------    -------------------
    SLICE_X49Y59         FDRE (Prop_fdre_C_Q)         0.141     1.031 r  design_1_i/snn_top_hls_0/inst/grp_snn_top_hls_Pipeline_ENCODER_LOOP_fu_1478/ch_1_reg_399_reg[0]/Q
                         net (fo=26, routed)          0.226     1.257    design_1_i/snn_top_hls_0/inst/grp_snn_top_hls_Pipeline_ENCODER_LOOP_fu_1478/ch_1_reg_399_reg[0]_0
    SLICE_X51Y56         FDRE                                         r  design_1_i/snn_top_hls_0/inst/grp_snn_top_hls_Pipeline_ENCODER_LOOP_fu_1478/trunc_ln93_reg_435_reg[0]/D
  -------------------------------------------------------------------    -------------------

                         (clock clk_fpga_0 rise edge)
                                                      0.000     0.000 r  
    PS7_X0Y0             PS7                          0.000     0.000 r  design_1_i/processing_system7_0/inst/PS7_i/FCLKCLK[0]
                         net (fo=1, routed)           0.337     0.337    design_1_i/processing_system7_0/inst/FCLK_CLK_unbuffered[0]
    BUFGCTRL_X0Y16       BUFG (Prop_bufg_I_O)         0.029     0.366 r  design_1_i/processing_system7_0/inst/buffer_fclk_clk_0.FCLK_CLK_0_BUFG/O
                         net (fo=14851, routed)       0.820     1.186    design_1_i/snn_top_hls_0/inst/grp_snn_top_hls_Pipeline_ENCODER_LOOP_fu_1478/ap_clk
    SLICE_X51Y56         FDRE                                         r  design_1_i/snn_top_hls_0/inst/grp_snn_top_hls_Pipeline_ENCODER_LOOP_fu_1478/trunc_ln93_reg_435_reg[0]/C
                         clock pessimism             -0.035     1.151    
    SLICE_X51Y56         FDRE (Hold_fdre_C_D)         0.066     1.217    design_1_i/snn_top_hls_0/inst/grp_snn_top_hls_Pipeline_ENCODER_LOOP_fu_1478/trunc_ln93_reg_435_reg[0]
  -------------------------------------------------------------------
                         required time                         -1.217    
                         arrival time                           1.257    
  -------------------------------------------------------------------
                         slack                                  0.040    

Slack (MET) :             0.040ns  (arrival time - required time)
  Source:                 design_1_i/axi_dma_1/U0/INCLUDE_MM2S_SOF_EOF_GENERATOR.I_MM2S_DMA_MNGR/GEN_MM2S_DMA_CONTROL.GEN_SIMPLE_DMA_MODE.I_MM2S_SMPL_SM/GEN_CMD_BTT_LESS_23.cmnd_wr_i_reg/C
                            (rising edge-triggered cell FDRE clocked by clk_fpga_0  {rise@0.000ns fall@5.000ns period=10.000ns})
  Destination:            design_1_i/axi_dma_1/U0/INCLUDE_MM2S_SOF_EOF_GENERATOR.I_MM2S_DMA_MNGR/GEN_MM2S_DMA_CONTROL.I_MM2S_CMDSTS/GEN_NO_HOLD_DATA.s_axis_mm2s_cmd_tvalid_reg/D
                            (rising edge-triggered cell FDRE clocked by clk_fpga_0  {rise@0.000ns fall@5.000ns period=10.000ns})
  Path Group:             clk_fpga_0
  Path Type:              Hold (Min at Fast Process Corner)
  Requirement:            0.000ns  (clk_fpga_0 rise@0.000ns - clk_fpga_0 rise@0.000ns)
  Data Path Delay:        0.399ns  (logic 0.227ns (56.857%)  route 0.172ns (43.143%))
  Logic Levels:           1  (LUT3=1)
  Clock Path Skew:        0.268ns (DCD - SCD - CPR)
    Destination Clock Delay (DCD):    1.276ns
    Source Clock Delay      (SCD):    0.969ns
    Clock Pessimism Removal (CPR):    0.039ns

    Location             Delay type                Incr(ns)  Path(ns)    Netlist Resource(s)
  -------------------------------------------------------------------    -------------------
                         (clock clk_fpga_0 rise edge)
                                                      0.000     0.000 r  
    PS7_X0Y0             PS7                          0.000     0.000 r  design_1_i/processing_system7_0/inst/PS7_i/FCLKCLK[0]
                         net (fo=1, routed)           0.310     0.310    design_1_i/processing_system7_0/inst/FCLK_CLK_unbuffered[0]
    BUFGCTRL_X0Y16       BUFG (Prop_bufg_I_O)         0.026     0.336 r  design_1_i/processing_system7_0/inst/buffer_fclk_clk_0.FCLK_CLK_0_BUFG/O
                         net (fo=14851, routed)       0.633     0.969    design_1_i/axi_dma_1/U0/INCLUDE_MM2S_SOF_EOF_GENERATOR.I_MM2S_DMA_MNGR/GEN_MM2S_DMA_CONTROL.GEN_SIMPLE_DMA_MODE.I_MM2S_SMPL_SM/s_axi_lite_aclk
    SLICE_X52Y107        FDRE                                         r  design_1_i/axi_dma_1/U0/INCLUDE_MM2S_SOF_EOF_GENERATOR.I_MM2S_DMA_MNGR/GEN_MM2S_DMA_CONTROL.GEN_SIMPLE_DMA_MODE.I_MM2S_SMPL_SM/GEN_CMD_BTT_LESS_23.cmnd_wr_i_reg/C
  -------------------------------------------------------------------    -------------------
    SLICE_X52Y107        FDRE (Prop_fdre_C_Q)         0.128     1.097 r  design_1_i/axi_dma_1/U0/INCLUDE_MM2S_SOF_EOF_GENERATOR.I_MM2S_DMA_MNGR/GEN_MM2S_DMA_CONTROL.GEN_SIMPLE_DMA_MODE.I_MM2S_SMPL_SM/GEN_CMD_BTT_LESS_23.cmnd_wr_i_reg/Q
                         net (fo=2, routed)           0.172     1.269    design_1_i/axi_dma_1/U0/INCLUDE_MM2S_SOF_EOF_GENERATOR.I_MM2S_DMA_MNGR/GEN_MM2S_DMA_CONTROL.GEN_SIMPLE_DMA_MODE.I_MM2S_SMPL_SM/mm2s_cmnd_wr_1
    SLICE_X49Y106        LUT3 (Prop_lut3_I0_O)        0.099     1.368 r  design_1_i/axi_dma_1/U0/INCLUDE_MM2S_SOF_EOF_GENERATOR.I_MM2S_DMA_MNGR/GEN_MM2S_DMA_CONTROL.GEN_SIMPLE_DMA_MODE.I_MM2S_SMPL_SM/GEN_NO_HOLD_DATA.s_axis_mm2s_cmd_tvalid_i_1/O
                         net (fo=1, routed)           0.000     1.368    design_1_i/axi_dma_1/U0/INCLUDE_MM2S_SOF_EOF_GENERATOR.I_MM2S_DMA_MNGR/GEN_MM2S_DMA_CONTROL.I_MM2S_CMDSTS/GEN_NO_HOLD_DATA.s_axis_mm2s_cmd_tvalid_reg_2
    SLICE_X49Y106        FDRE                                         r  design_1_i/axi_dma_1/U0/INCLUDE_MM2S_SOF_EOF_GENERATOR.I_MM2S_DMA_MNGR/GEN_MM2S_DMA_CONTROL.I_MM2S_CMDSTS/GEN_NO_HOLD_DATA.s_axis_mm2s_cmd_tvalid_reg/D
  -------------------------------------------------------------------    -------------------

                         (clock clk_fpga_0 rise edge)
                                                      0.000     0.000 r  
    PS7_X0Y0             PS7                          0.000     0.000 r  design_1_i/processing_system7_0/inst/PS7_i/FCLKCLK[0]
                         net (fo=1, routed)           0.337     0.337    design_1_i/processing_system7_0/inst/FCLK_CLK_unbuffered[0]
    BUFGCTRL_X0Y16       BUFG (Prop_bufg_I_O)         0.029     0.366 r  design_1_i/processing_system7_0/inst/buffer_fclk_clk_0.FCLK_CLK_0_BUFG/O
                         net (fo=14851, routed)       0.910     1.276    design_1_i/axi_dma_1/U0/INCLUDE_MM2S_SOF_EOF_GENERATOR.I_MM2S_DMA_MNGR/GEN_MM2S_DMA_CONTROL.I_MM2S_CMDSTS/s_axi_lite_aclk
    SLICE_X49Y106        FDRE                                         r  design_1_i/axi_dma_1/U0/INCLUDE_MM2S_SOF_EOF_GENERATOR.I_MM2S_DMA_MNGR/GEN_MM2S_DMA_CONTROL.I_MM2S_CMDSTS/GEN_NO_HOLD_DATA.s_axis_mm2s_cmd_tvalid_reg/C
                         clock pessimism             -0.039     1.237    
    SLICE_X49Y106        FDRE (Hold_fdre_C_D)         0.091     1.328    design_1_i/axi_dma_1/U0/INCLUDE_MM2S_SOF_EOF_GENERATOR.I_MM2S_DMA_MNGR/GEN_MM2S_DMA_CONTROL.I_MM2S_CMDSTS/GEN_NO_HOLD_DATA.s_axis_mm2s_cmd_tvalid_reg
  -------------------------------------------------------------------
                         required time                         -1.328    
                         arrival time                           1.368    
  -------------------------------------------------------------------
                         slack                                  0.040    

Slack (MET) :             0.045ns  (arrival time - required time)
  Source:                 design_1_i/axi_dma_2/U0/I_PRMRY_DATAMOVER/GEN_MM2S_FULL.I_MM2S_FULL_WRAPPER/I_ADDR_CNTL/sig_next_addr_reg_reg[21]/C
                            (rising edge-triggered cell FDRE clocked by clk_fpga_0  {rise@0.000ns fall@5.000ns period=10.000ns})
  Destination:            design_1_i/axi_mem_intercon/s05_couplers/auto_pc/inst/gen_axi4_axi3.axi3_conv_inst/USE_READ.USE_SPLIT_R.read_addr_inst/S_AXI_AADDR_Q_reg[21]/D
                            (rising edge-triggered cell FDRE clocked by clk_fpga_0  {rise@0.000ns fall@5.000ns period=10.000ns})
  Path Group:             clk_fpga_0
  Path Type:              Hold (Min at Fast Process Corner)
  Requirement:            0.000ns  (clk_fpga_0 rise@0.000ns - clk_fpga_0 rise@0.000ns)
  Data Path Delay:        0.382ns  (logic 0.164ns (42.909%)  route 0.218ns (57.091%))
  Logic Levels:           0  
  Clock Path Skew:        0.267ns (DCD - SCD - CPR)
    Destination Clock Delay (DCD):    1.190ns
    Source Clock Delay      (SCD):    0.888ns
    Clock Pessimism Removal (CPR):    0.035ns

    Location             Delay type                Incr(ns)  Path(ns)    Netlist Resource(s)
  -------------------------------------------------------------------    -------------------
                         (clock clk_fpga_0 rise edge)
                                                      0.000     0.000 r  
    PS7_X0Y0             PS7                          0.000     0.000 r  design_1_i/processing_system7_0/inst/PS7_i/FCLKCLK[0]
                         net (fo=1, routed)           0.310     0.310    design_1_i/processing_system7_0/inst/FCLK_CLK_unbuffered[0]
    BUFGCTRL_X0Y16       BUFG (Prop_bufg_I_O)         0.026     0.336 r  design_1_i/processing_system7_0/inst/buffer_fclk_clk_0.FCLK_CLK_0_BUFG/O
                         net (fo=14851, routed)       0.552     0.888    design_1_i/axi_dma_2/U0/I_PRMRY_DATAMOVER/GEN_MM2S_FULL.I_MM2S_FULL_WRAPPER/I_ADDR_CNTL/m_axi_mm2s_aclk
    SLICE_X50Y93         FDRE                                         r  design_1_i/axi_dma_2/U0/I_PRMRY_DATAMOVER/GEN_MM2S_FULL.I_MM2S_FULL_WRAPPER/I_ADDR_CNTL/sig_next_addr_reg_reg[21]/C
  -------------------------------------------------------------------    -------------------
    SLICE_X50Y93         FDRE (Prop_fdre_C_Q)         0.164     1.052 r  design_1_i/axi_dma_2/U0/I_PRMRY_DATAMOVER/GEN_MM2S_FULL.I_MM2S_FULL_WRAPPER/I_ADDR_CNTL/sig_next_addr_reg_reg[21]/Q
                         net (fo=1, routed)           0.218     1.270    design_1_i/axi_mem_intercon/s05_couplers/auto_pc/inst/gen_axi4_axi3.axi3_conv_inst/USE_READ.USE_SPLIT_R.read_addr_inst/s_axi_araddr[21]
    SLICE_X45Y94         FDRE                                         r  design_1_i/axi_mem_intercon/s05_couplers/auto_pc/inst/gen_axi4_axi3.axi3_conv_inst/USE_READ.USE_SPLIT_R.read_addr_inst/S_AXI_AADDR_Q_reg[21]/D
  -------------------------------------------------------------------    -------------------

                         (clock clk_fpga_0 rise edge)
                                                      0.000     0.000 r  
    PS7_X0Y0             PS7                          0.000     0.000 r  design_1_i/processing_system7_0/inst/PS7_i/FCLKCLK[0]
                         net (fo=1, routed)           0.337     0.337    design_1_i/processing_system7_0/inst/FCLK_CLK_unbuffered[0]
    BUFGCTRL_X0Y16       BUFG (Prop_bufg_I_O)         0.029     0.366 r  design_1_i/processing_system7_0/inst/buffer_fclk_clk_0.FCLK_CLK_0_BUFG/O
                         net (fo=14851, routed)       0.824     1.190    design_1_i/axi_mem_intercon/s05_couplers/auto_pc/inst/gen_axi4_axi3.axi3_conv_inst/USE_READ.USE_SPLIT_R.read_addr_inst/aclk
    SLICE_X45Y94         FDRE                                         r  design_1_i/axi_mem_intercon/s05_couplers/auto_pc/inst/gen_axi4_axi3.axi3_conv_inst/USE_READ.USE_SPLIT_R.read_addr_inst/S_AXI_AADDR_Q_reg[21]/C
                         clock pessimism             -0.035     1.155    
    SLICE_X45Y94         FDRE (Hold_fdre_C_D)         0.070     1.225    design_1_i/axi_mem_intercon/s05_couplers/auto_pc/inst/gen_axi4_axi3.axi3_conv_inst/USE_READ.USE_SPLIT_R.read_addr_inst/S_AXI_AADDR_Q_reg[21]
  -------------------------------------------------------------------
                         required time                         -1.225    
                         arrival time                           1.270    
  -------------------------------------------------------------------
                         slack                                  0.045    

Slack (MET) :             0.046ns  (arrival time - required time)
  Source:                 design_1_i/axi_dma_2/U0/INCLUDE_MM2S_SOF_EOF_GENERATOR.I_MM2S_DMA_MNGR/GEN_MM2S_DMA_CONTROL.GEN_SIMPLE_DMA_MODE.I_MM2S_SMPL_SM/GEN_CMD_BTT_LESS_23.cmnd_data_reg[7]/C
                            (rising edge-triggered cell FDRE clocked by clk_fpga_0  {rise@0.000ns fall@5.000ns period=10.000ns})
  Destination:            design_1_i/axi_dma_2/U0/I_PRMRY_DATAMOVER/GEN_MM2S_FULL.I_MM2S_FULL_WRAPPER/I_CMD_STATUS/I_CMD_FIFO/USE_SINGLE_REG.sig_regfifo_dout_reg_reg[7]/D
                            (rising edge-triggered cell FDRE clocked by clk_fpga_0  {rise@0.000ns fall@5.000ns period=10.000ns})
  Path Group:             clk_fpga_0
  Path Type:              Hold (Min at Fast Process Corner)
  Requirement:            0.000ns  (clk_fpga_0 rise@0.000ns - clk_fpga_0 rise@0.000ns)
  Data Path Delay:        0.251ns  (logic 0.128ns (50.903%)  route 0.123ns (49.097%))
  Logic Levels:           0  
  Clock Path Skew:        0.181ns (DCD - SCD - CPR)
    Destination Clock Delay (DCD):    1.212ns
    Source Clock Delay      (SCD):    0.996ns
    Clock Pessimism Removal (CPR):    0.035ns

    Location             Delay type                Incr(ns)  Path(ns)    Netlist Resource(s)
  -------------------------------------------------------------------    -------------------
                         (clock clk_fpga_0 rise edge)
                                                      0.000     0.000 r  
    PS7_X0Y0             PS7                          0.000     0.000 r  design_1_i/processing_system7_0/inst/PS7_i/FCLKCLK[0]
                         net (fo=1, routed)           0.310     0.310    design_1_i/processing_system7_0/inst/FCLK_CLK_unbuffered[0]
    BUFGCTRL_X0Y16       BUFG (Prop_bufg_I_O)         0.026     0.336 r  design_1_i/processing_system7_0/inst/buffer_fclk_clk_0.FCLK_CLK_0_BUFG/O
                         net (fo=14851, routed)       0.660     0.996    design_1_i/axi_dma_2/U0/INCLUDE_MM2S_SOF_EOF_GENERATOR.I_MM2S_DMA_MNGR/GEN_MM2S_DMA_CONTROL.GEN_SIMPLE_DMA_MODE.I_MM2S_SMPL_SM/s_axi_lite_aclk
    SLICE_X56Y100        FDRE                                         r  design_1_i/axi_dma_2/U0/INCLUDE_MM2S_SOF_EOF_GENERATOR.I_MM2S_DMA_MNGR/GEN_MM2S_DMA_CONTROL.GEN_SIMPLE_DMA_MODE.I_MM2S_SMPL_SM/GEN_CMD_BTT_LESS_23.cmnd_data_reg[7]/C
  -------------------------------------------------------------------    -------------------
    SLICE_X56Y100        FDRE (Prop_fdre_C_Q)         0.128     1.124 r  design_1_i/axi_dma_2/U0/INCLUDE_MM2S_SOF_EOF_GENERATOR.I_MM2S_DMA_MNGR/GEN_MM2S_DMA_CONTROL.GEN_SIMPLE_DMA_MODE.I_MM2S_SMPL_SM/GEN_CMD_BTT_LESS_23.cmnd_data_reg[7]/Q
                         net (fo=1, routed)           0.123     1.247    design_1_i/axi_dma_2/U0/I_PRMRY_DATAMOVER/GEN_MM2S_FULL.I_MM2S_FULL_WRAPPER/I_CMD_STATUS/I_CMD_FIFO/D[7]
    SLICE_X55Y99         FDRE                                         r  design_1_i/axi_dma_2/U0/I_PRMRY_DATAMOVER/GEN_MM2S_FULL.I_MM2S_FULL_WRAPPER/I_CMD_STATUS/I_CMD_FIFO/USE_SINGLE_REG.sig_regfifo_dout_reg_reg[7]/D
  -------------------------------------------------------------------    -------------------

                         (clock clk_fpga_0 rise edge)
                                                      0.000     0.000 r  
    PS7_X0Y0             PS7                          0.000     0.000 r  design_1_i/processing_system7_0/inst/PS7_i/FCLKCLK[0]
                         net (fo=1, routed)           0.337     0.337    design_1_i/processing_system7_0/inst/FCLK_CLK_unbuffered[0]
    BUFGCTRL_X0Y16       BUFG (Prop_bufg_I_O)         0.029     0.366 r  design_1_i/processing_system7_0/inst/buffer_fclk_clk_0.FCLK_CLK_0_BUFG/O
                         net (fo=14851, routed)       0.846     1.212    design_1_i/axi_dma_2/U0/I_PRMRY_DATAMOVER/GEN_MM2S_FULL.I_MM2S_FULL_WRAPPER/I_CMD_STATUS/I_CMD_FIFO/m_axi_mm2s_aclk
    SLICE_X55Y99         FDRE                                         r  design_1_i/axi_dma_2/U0/I_PRMRY_DATAMOVER/GEN_MM2S_FULL.I_MM2S_FULL_WRAPPER/I_CMD_STATUS/I_CMD_FIFO/USE_SINGLE_REG.sig_regfifo_dout_reg_reg[7]/C
                         clock pessimism             -0.035     1.177    
    SLICE_X55Y99         FDRE (Hold_fdre_C_D)         0.025     1.202    design_1_i/axi_dma_2/U0/I_PRMRY_DATAMOVER/GEN_MM2S_FULL.I_MM2S_FULL_WRAPPER/I_CMD_STATUS/I_CMD_FIFO/USE_SINGLE_REG.sig_regfifo_dout_reg_reg[7]
  -------------------------------------------------------------------
                         required time                         -1.202    
                         arrival time                           1.247    
  -------------------------------------------------------------------
                         slack                                  0.046    

Slack (MET) :             0.046ns  (arrival time - required time)
  Source:                 design_1_i/axi_dma_1/U0/I_PRMRY_DATAMOVER/GEN_MM2S_FULL.I_MM2S_FULL_WRAPPER/ENABLE_AXIS_SKID.I_MM2S_SKID_BUF/sig_data_reg_out_reg[8]/C
                            (rising edge-triggered cell FDRE clocked by clk_fpga_0  {rise@0.000ns fall@5.000ns period=10.000ns})
  Destination:            design_1_i/snn_top_hls_0/inst/regslice_both_s_axis_spikes_V_data_V_U/data_p2_reg[8]/D
                            (rising edge-triggered cell FDRE clocked by clk_fpga_0  {rise@0.000ns fall@5.000ns period=10.000ns})
  Path Group:             clk_fpga_0
  Path Type:              Hold (Min at Fast Process Corner)
  Requirement:            0.000ns  (clk_fpga_0 rise@0.000ns - clk_fpga_0 rise@0.000ns)
  Data Path Delay:        0.404ns  (logic 0.141ns (34.894%)  route 0.263ns (65.106%))
  Logic Levels:           0  
  Clock Path Skew:        0.282ns (DCD - SCD - CPR)
    Destination Clock Delay (DCD):    1.224ns
    Source Clock Delay      (SCD):    0.912ns
    Clock Pessimism Removal (CPR):    0.030ns

    Location             Delay type                Incr(ns)  Path(ns)    Netlist Resource(s)
  -------------------------------------------------------------------    -------------------
                         (clock clk_fpga_0 rise edge)
                                                      0.000     0.000 r  
    PS7_X0Y0             PS7                          0.000     0.000 r  design_1_i/processing_system7_0/inst/PS7_i/FCLKCLK[0]
                         net (fo=1, routed)           0.310     0.310    design_1_i/processing_system7_0/inst/FCLK_CLK_unbuffered[0]
    BUFGCTRL_X0Y16       BUFG (Prop_bufg_I_O)         0.026     0.336 r  design_1_i/processing_system7_0/inst/buffer_fclk_clk_0.FCLK_CLK_0_BUFG/O
                         net (fo=14851, routed)       0.576     0.912    design_1_i/axi_dma_1/U0/I_PRMRY_DATAMOVER/GEN_MM2S_FULL.I_MM2S_FULL_WRAPPER/ENABLE_AXIS_SKID.I_MM2S_SKID_BUF/m_axi_mm2s_aclk
    SLICE_X31Y53         FDRE                                         r  design_1_i/axi_dma_1/U0/I_PRMRY_DATAMOVER/GEN_MM2S_FULL.I_MM2S_FULL_WRAPPER/ENABLE_AXIS_SKID.I_MM2S_SKID_BUF/sig_data_reg_out_reg[8]/C
  -------------------------------------------------------------------    -------------------
    SLICE_X31Y53         FDRE (Prop_fdre_C_Q)         0.141     1.053 r  design_1_i/axi_dma_1/U0/I_PRMRY_DATAMOVER/GEN_MM2S_FULL.I_MM2S_FULL_WRAPPER/ENABLE_AXIS_SKID.I_MM2S_SKID_BUF/sig_data_reg_out_reg[8]/Q
                         net (fo=2, routed)           0.263     1.316    design_1_i/snn_top_hls_0/inst/regslice_both_s_axis_spikes_V_data_V_U/s_axis_spikes_TDATA[8]
    SLICE_X31Y45         FDRE                                         r  design_1_i/snn_top_hls_0/inst/regslice_both_s_axis_spikes_V_data_V_U/data_p2_reg[8]/D
  -------------------------------------------------------------------    -------------------

                         (clock clk_fpga_0 rise edge)
                                                      0.000     0.000 r  
    PS7_X0Y0             PS7                          0.000     0.000 r  design_1_i/processing_system7_0/inst/PS7_i/FCLKCLK[0]
                         net (fo=1, routed)           0.337     0.337    design_1_i/processing_system7_0/inst/FCLK_CLK_unbuffered[0]
    BUFGCTRL_X0Y16       BUFG (Prop_bufg_I_O)         0.029     0.366 r  design_1_i/processing_system7_0/inst/buffer_fclk_clk_0.FCLK_CLK_0_BUFG/O
                         net (fo=14851, routed)       0.858     1.224    design_1_i/snn_top_hls_0/inst/regslice_both_s_axis_spikes_V_data_V_U/ap_clk
    SLICE_X31Y45         FDRE                                         r  design_1_i/snn_top_hls_0/inst/regslice_both_s_axis_spikes_V_data_V_U/data_p2_reg[8]/C
                         clock pessimism             -0.030     1.194    
    SLICE_X31Y45         FDRE (Hold_fdre_C_D)         0.076     1.270    design_1_i/snn_top_hls_0/inst/regslice_both_s_axis_spikes_V_data_V_U/data_p2_reg[8]
  -------------------------------------------------------------------
                         required time                         -1.270    
                         arrival time                           1.316    
  -------------------------------------------------------------------
                         slack                                  0.046    

Slack (MET) :             0.047ns  (arrival time - required time)
  Source:                 design_1_i/axi_dma_2/U0/I_PRMRY_DATAMOVER/GEN_S2MM_FULL.I_S2MM_FULL_WRAPPER/GEN_INCLUDE_IBTTCC.I_S2MM_MSTR_IBTTCC/sig_btt_cntr_reg[11]/C
                            (rising edge-triggered cell FDRE clocked by clk_fpga_0  {rise@0.000ns fall@5.000ns period=10.000ns})
  Destination:            design_1_i/axi_dma_2/U0/I_PRMRY_DATAMOVER/GEN_S2MM_FULL.I_S2MM_FULL_WRAPPER/GEN_INCLUDE_IBTTCC.I_S2MM_MSTR_IBTTCC/sig_btt_cntr_reg[12]/D
                            (rising edge-triggered cell FDRE clocked by clk_fpga_0  {rise@0.000ns fall@5.000ns period=10.000ns})
  Path Group:             clk_fpga_0
  Path Type:              Hold (Min at Fast Process Corner)
  Requirement:            0.000ns  (clk_fpga_0 rise@0.000ns - clk_fpga_0 rise@0.000ns)
  Data Path Delay:        0.531ns  (logic 0.371ns (69.868%)  route 0.160ns (30.132%))
  Logic Levels:           3  (CARRY4=2 LUT4=1)
  Clock Path Skew:        0.350ns (DCD - SCD - CPR)
    Destination Clock Delay (DCD):    1.301ns
    Source Clock Delay      (SCD):    0.916ns
    Clock Pessimism Removal (CPR):    0.035ns

    Location             Delay type                Incr(ns)  Path(ns)    Netlist Resource(s)
  -------------------------------------------------------------------    -------------------
                         (clock clk_fpga_0 rise edge)
                                                      0.000     0.000 r  
    PS7_X0Y0             PS7                          0.000     0.000 r  design_1_i/processing_system7_0/inst/PS7_i/FCLKCLK[0]
                         net (fo=1, routed)           0.310     0.310    design_1_i/processing_system7_0/inst/FCLK_CLK_unbuffered[0]
    BUFGCTRL_X0Y16       BUFG (Prop_bufg_I_O)         0.026     0.336 r  design_1_i/processing_system7_0/inst/buffer_fclk_clk_0.FCLK_CLK_0_BUFG/O
                         net (fo=14851, routed)       0.580     0.916    design_1_i/axi_dma_2/U0/I_PRMRY_DATAMOVER/GEN_S2MM_FULL.I_S2MM_FULL_WRAPPER/GEN_INCLUDE_IBTTCC.I_S2MM_MSTR_IBTTCC/m_axi_s2mm_aclk
    SLICE_X66Y99         FDRE                                         r  design_1_i/axi_dma_2/U0/I_PRMRY_DATAMOVER/GEN_S2MM_FULL.I_S2MM_FULL_WRAPPER/GEN_INCLUDE_IBTTCC.I_S2MM_MSTR_IBTTCC/sig_btt_cntr_reg[11]/C
  -------------------------------------------------------------------    -------------------
    SLICE_X66Y99         FDRE (Prop_fdre_C_Q)         0.164     1.080 r  design_1_i/axi_dma_2/U0/I_PRMRY_DATAMOVER/GEN_S2MM_FULL.I_S2MM_FULL_WRAPPER/GEN_INCLUDE_IBTTCC.I_S2MM_MSTR_IBTTCC/sig_btt_cntr_reg[11]/Q
                         net (fo=3, routed)           0.159     1.239    design_1_i/axi_dma_2/U0/I_PRMRY_DATAMOVER/GEN_S2MM_FULL.I_S2MM_FULL_WRAPPER/GEN_INCLUDE_IBTTCC.I_S2MM_MSTR_IBTTCC/sig_btt_upper_slice[4]
    SLICE_X66Y99         LUT4 (Prop_lut4_I1_O)        0.045     1.284 r  design_1_i/axi_dma_2/U0/I_PRMRY_DATAMOVER/GEN_S2MM_FULL.I_S2MM_FULL_WRAPPER/GEN_INCLUDE_IBTTCC.I_S2MM_MSTR_IBTTCC/sig_btt_cntr[11]_i_6/O
                         net (fo=1, routed)           0.000     1.284    design_1_i/axi_dma_2/U0/I_PRMRY_DATAMOVER/GEN_S2MM_FULL.I_S2MM_FULL_WRAPPER/GEN_INCLUDE_IBTTCC.I_S2MM_MSTR_IBTTCC/sig_btt_cntr[11]_i_6_n_0
    SLICE_X66Y99         CARRY4 (Prop_carry4_S[3]_CO[3])
                                                      0.109     1.393 r  design_1_i/axi_dma_2/U0/I_PRMRY_DATAMOVER/GEN_S2MM_FULL.I_S2MM_FULL_WRAPPER/GEN_INCLUDE_IBTTCC.I_S2MM_MSTR_IBTTCC/sig_btt_cntr_reg[11]_i_1/CO[3]
                         net (fo=1, routed)           0.001     1.394    design_1_i/axi_dma_2/U0/I_PRMRY_DATAMOVER/GEN_S2MM_FULL.I_S2MM_FULL_WRAPPER/GEN_INCLUDE_IBTTCC.I_S2MM_MSTR_IBTTCC/sig_btt_cntr_reg[11]_i_1_n_0
    SLICE_X66Y100        CARRY4 (Prop_carry4_CI_O[0])
                                                      0.053     1.447 r  design_1_i/axi_dma_2/U0/I_PRMRY_DATAMOVER/GEN_S2MM_FULL.I_S2MM_FULL_WRAPPER/GEN_INCLUDE_IBTTCC.I_S2MM_MSTR_IBTTCC/sig_btt_cntr_reg[13]_i_2/O[0]
                         net (fo=1, routed)           0.000     1.447    design_1_i/axi_dma_2/U0/I_PRMRY_DATAMOVER/GEN_S2MM_FULL.I_S2MM_FULL_WRAPPER/GEN_INCLUDE_IBTTCC.I_S2MM_MSTR_IBTTCC/sig_btt_cntr_reg[13]_i_2_n_7
    SLICE_X66Y100        FDRE                                         r  design_1_i/axi_dma_2/U0/I_PRMRY_DATAMOVER/GEN_S2MM_FULL.I_S2MM_FULL_WRAPPER/GEN_INCLUDE_IBTTCC.I_S2MM_MSTR_IBTTCC/sig_btt_cntr_reg[12]/D
  -------------------------------------------------------------------    -------------------

                         (clock clk_fpga_0 rise edge)
                                                      0.000     0.000 r  
    PS7_X0Y0             PS7                          0.000     0.000 r  design_1_i/processing_system7_0/inst/PS7_i/FCLKCLK[0]
                         net (fo=1, routed)           0.337     0.337    design_1_i/processing_system7_0/inst/FCLK_CLK_unbuffered[0]
    BUFGCTRL_X0Y16       BUFG (Prop_bufg_I_O)         0.029     0.366 r  design_1_i/processing_system7_0/inst/buffer_fclk_clk_0.FCLK_CLK_0_BUFG/O
                         net (fo=14851, routed)       0.935     1.301    design_1_i/axi_dma_2/U0/I_PRMRY_DATAMOVER/GEN_S2MM_FULL.I_S2MM_FULL_WRAPPER/GEN_INCLUDE_IBTTCC.I_S2MM_MSTR_IBTTCC/m_axi_s2mm_aclk
    SLICE_X66Y100        FDRE                                         r  design_1_i/axi_dma_2/U0/I_PRMRY_DATAMOVER/GEN_S2MM_FULL.I_S2MM_FULL_WRAPPER/GEN_INCLUDE_IBTTCC.I_S2MM_MSTR_IBTTCC/sig_btt_cntr_reg[12]/C
                         clock pessimism             -0.035     1.266    
    SLICE_X66Y100        FDRE (Hold_fdre_C_D)         0.134     1.400    design_1_i/axi_dma_2/U0/I_PRMRY_DATAMOVER/GEN_S2MM_FULL.I_S2MM_FULL_WRAPPER/GEN_INCLUDE_IBTTCC.I_S2MM_MSTR_IBTTCC/sig_btt_cntr_reg[12]
  -------------------------------------------------------------------
                         required time                         -1.400    
                         arrival time                           1.447    
  -------------------------------------------------------------------
                         slack                                  0.047    

Slack (MET) :             0.047ns  (arrival time - required time)
  Source:                 design_1_i/axi_dma_2/U0/I_PRMRY_DATAMOVER/GEN_S2MM_FULL.I_S2MM_FULL_WRAPPER/I_CMD_STATUS/I_CMD_FIFO/USE_SINGLE_REG.sig_regfifo_dout_reg_reg[37]/C
                            (rising edge-triggered cell FDRE clocked by clk_fpga_0  {rise@0.000ns fall@5.000ns period=10.000ns})
  Destination:            design_1_i/axi_dma_2/U0/I_PRMRY_DATAMOVER/GEN_S2MM_FULL.I_S2MM_FULL_WRAPPER/GEN_INCLUDE_IBTTCC.I_S2MM_MSTR_IBTTCC/sig_input_addr_reg_reg[2]/D
                            (rising edge-triggered cell FDRE clocked by clk_fpga_0  {rise@0.000ns fall@5.000ns period=10.000ns})
  Path Group:             clk_fpga_0
  Path Type:              Hold (Min at Fast Process Corner)
  Requirement:            0.000ns  (clk_fpga_0 rise@0.000ns - clk_fpga_0 rise@0.000ns)
  Data Path Delay:        0.295ns  (logic 0.141ns (47.737%)  route 0.154ns (52.263%))
  Logic Levels:           0  
  Clock Path Skew:        0.182ns (DCD - SCD - CPR)
    Destination Clock Delay (DCD):    1.215ns
    Source Clock Delay      (SCD):    0.998ns
    Clock Pessimism Removal (CPR):    0.035ns

    Location             Delay type                Incr(ns)  Path(ns)    Netlist Resource(s)
  -------------------------------------------------------------------    -------------------
                         (clock clk_fpga_0 rise edge)
                                                      0.000     0.000 r  
    PS7_X0Y0             PS7                          0.000     0.000 r  design_1_i/processing_system7_0/inst/PS7_i/FCLKCLK[0]
                         net (fo=1, routed)           0.310     0.310    design_1_i/processing_system7_0/inst/FCLK_CLK_unbuffered[0]
    BUFGCTRL_X0Y16       BUFG (Prop_bufg_I_O)         0.026     0.336 r  design_1_i/processing_system7_0/inst/buffer_fclk_clk_0.FCLK_CLK_0_BUFG/O
                         net (fo=14851, routed)       0.662     0.998    design_1_i/axi_dma_2/U0/I_PRMRY_DATAMOVER/GEN_S2MM_FULL.I_S2MM_FULL_WRAPPER/I_CMD_STATUS/I_CMD_FIFO/m_axi_s2mm_aclk
    SLICE_X67Y100        FDRE                                         r  design_1_i/axi_dma_2/U0/I_PRMRY_DATAMOVER/GEN_S2MM_FULL.I_S2MM_FULL_WRAPPER/I_CMD_STATUS/I_CMD_FIFO/USE_SINGLE_REG.sig_regfifo_dout_reg_reg[37]/C
  -------------------------------------------------------------------    -------------------
    SLICE_X67Y100        FDRE (Prop_fdre_C_Q)         0.141     1.139 r  design_1_i/axi_dma_2/U0/I_PRMRY_DATAMOVER/GEN_S2MM_FULL.I_S2MM_FULL_WRAPPER/I_CMD_STATUS/I_CMD_FIFO/USE_SINGLE_REG.sig_regfifo_dout_reg_reg[37]/Q
                         net (fo=1, routed)           0.154     1.293    design_1_i/axi_dma_2/U0/I_PRMRY_DATAMOVER/GEN_S2MM_FULL.I_S2MM_FULL_WRAPPER/GEN_INCLUDE_IBTTCC.I_S2MM_MSTR_IBTTCC/Q[18]
    SLICE_X64Y98         FDRE                                         r  design_1_i/axi_dma_2/U0/I_PRMRY_DATAMOVER/GEN_S2MM_FULL.I_S2MM_FULL_WRAPPER/GEN_INCLUDE_IBTTCC.I_S2MM_MSTR_IBTTCC/sig_input_addr_reg_reg[2]/D
  -------------------------------------------------------------------    -------------------

                         (clock clk_fpga_0 rise edge)
                                                      0.000     0.000 r  
    PS7_X0Y0             PS7                          0.000     0.000 r  design_1_i/processing_system7_0/inst/PS7_i/FCLKCLK[0]
                         net (fo=1, routed)           0.337     0.337    design_1_i/processing_system7_0/inst/FCLK_CLK_unbuffered[0]
    BUFGCTRL_X0Y16       BUFG (Prop_bufg_I_O)         0.029     0.366 r  design_1_i/processing_system7_0/inst/buffer_fclk_clk_0.FCLK_CLK_0_BUFG/O
                         net (fo=14851, routed)       0.849     1.215    design_1_i/axi_dma_2/U0/I_PRMRY_DATAMOVER/GEN_S2MM_FULL.I_S2MM_FULL_WRAPPER/GEN_INCLUDE_IBTTCC.I_S2MM_MSTR_IBTTCC/m_axi_s2mm_aclk
    SLICE_X64Y98         FDRE                                         r  design_1_i/axi_dma_2/U0/I_PRMRY_DATAMOVER/GEN_S2MM_FULL.I_S2MM_FULL_WRAPPER/GEN_INCLUDE_IBTTCC.I_S2MM_MSTR_IBTTCC/sig_input_addr_reg_reg[2]/C
                         clock pessimism             -0.035     1.180    
    SLICE_X64Y98         FDRE (Hold_fdre_C_D)         0.066     1.246    design_1_i/axi_dma_2/U0/I_PRMRY_DATAMOVER/GEN_S2MM_FULL.I_S2MM_FULL_WRAPPER/GEN_INCLUDE_IBTTCC.I_S2MM_MSTR_IBTTCC/sig_input_addr_reg_reg[2]
  -------------------------------------------------------------------
                         required time                         -1.246    
                         arrival time                           1.293    
  -------------------------------------------------------------------
                         slack                                  0.047    





Pulse Width Checks
--------------------------------------------------------------------------------------
Clock Name:         clk_fpga_0
Waveform(ns):       { 0.000 5.000 }
Period(ns):         10.000
Sources:            { design_1_i/processing_system7_0/inst/PS7_i/FCLKCLK[0] }

Check Type        Corner  Lib Pin             Reference Pin  Required(ns)  Actual(ns)  Slack(ns)  Location      Pin
Min Period        n/a     DSP48E1/CLK         n/a            3.884         10.000      6.116      DSP48_X2Y2    design_1_i/snn_top_hls_0/inst/grp_apply_rstdp_reward_fu_1580/grp_apply_rstdp_reward_Pipeline_RSTDP_INNER_fu_264/mul_8s_8s_16_3_1_U126/buff0_reg/CLK
Min Period        n/a     DSP48E1/CLK         n/a            3.884         10.000      6.116      DSP48_X2Y20   design_1_i/snn_top_hls_0/inst/grp_decay_all_traces_fu_1462/grp_decay_all_traces_Pipeline_DECAY_POST_TRACE_fu_36/mul_8ns_8ns_16_3_1_U21/buff0_reg/CLK
Min Period        n/a     DSP48E1/CLK         n/a            3.884         10.000      6.116      DSP48_X2Y14   design_1_i/snn_top_hls_0/inst/grp_decay_all_traces_fu_1462/grp_decay_all_traces_Pipeline_DECAY_PRE_TRACE_fu_28/mul_8ns_8ns_16_3_1_U17/buff0_reg/CLK
Min Period        n/a     RAMB36E1/CLKARDCLK  n/a            3.363         10.000      6.637      RAMB36_X2Y0   design_1_i/snn_top_hls_0/inst/weight_memory_U/ram_reg_0_0/CLKARDCLK
Min Period        n/a     RAMB36E1/CLKARDCLK  n/a            3.363         10.000      6.637      RAMB36_X3Y0   design_1_i/snn_top_hls_0/inst/weight_memory_U/ram_reg_0_1/CLKARDCLK
Min Period        n/a     RAMB36E1/CLKARDCLK  n/a            3.363         10.000      6.637      RAMB36_X5Y14  design_1_i/snn_top_hls_0/inst/weight_memory_U/ram_reg_0_2/CLKARDCLK
Min Period        n/a     RAMB36E1/CLKARDCLK  n/a            3.363         10.000      6.637      RAMB36_X3Y14  design_1_i/snn_top_hls_0/inst/weight_memory_U/ram_reg_0_3/CLKARDCLK
Min Period        n/a     RAMB36E1/CLKARDCLK  n/a            3.363         10.000      6.637      RAMB36_X4Y20  design_1_i/snn_top_hls_0/inst/weight_memory_U/ram_reg_10_0/CLKARDCLK
Min Period        n/a     RAMB36E1/CLKARDCLK  n/a            3.363         10.000      6.637      RAMB36_X2Y6   design_1_i/snn_top_hls_0/inst/weight_memory_U/ram_reg_10_1/CLKARDCLK
Min Period        n/a     RAMB36E1/CLKARDCLK  n/a            3.363         10.000      6.637      RAMB36_X3Y23  design_1_i/snn_top_hls_0/inst/weight_memory_U/ram_reg_10_2/CLKARDCLK
Low Pulse Width   Slow    RAMD32/CLK          n/a            1.250         5.000       3.750      SLICE_X58Y94  design_1_i/axi_dma_1/U0/I_PRMRY_DATAMOVER/GEN_S2MM_FULL.I_S2MM_FULL_WRAPPER/GEN_ENABLE_INDET_BTT_SF.I_INDET_BTT/I_XD_FIFO/NON_BLK_MEM.I_SYNC_FIFOGEN_FIFO/xpm_fifo_base_inst/gen_sdpram.xpm_memory_base_inst/gen_wr_a.gen_word_narrow.mem_reg_0_15_0_5/RAMA/CLK
Low Pulse Width   Fast    RAMD32/CLK          n/a            1.250         5.000       3.750      SLICE_X58Y94  design_1_i/axi_dma_1/U0/I_PRMRY_DATAMOVER/GEN_S2MM_FULL.I_S2MM_FULL_WRAPPER/GEN_ENABLE_INDET_BTT_SF.I_INDET_BTT/I_XD_FIFO/NON_BLK_MEM.I_SYNC_FIFOGEN_FIFO/xpm_fifo_base_inst/gen_sdpram.xpm_memory_base_inst/gen_wr_a.gen_word_narrow.mem_reg_0_15_0_5/RAMA/CLK
Low Pulse Width   Slow    RAMD32/CLK          n/a            1.250         5.000       3.750      SLICE_X58Y94  design_1_i/axi_dma_1/U0/I_PRMRY_DATAMOVER/GEN_S2MM_FULL.I_S2MM_FULL_WRAPPER/GEN_ENABLE_INDET_BTT_SF.I_INDET_BTT/I_XD_FIFO/NON_BLK_MEM.I_SYNC_FIFOGEN_FIFO/xpm_fifo_base_inst/gen_sdpram.xpm_memory_base_inst/gen_wr_a.gen_word_narrow.mem_reg_0_15_0_5/RAMA_D1/CLK
Low Pulse Width   Fast    RAMD32/CLK          n/a            1.250         5.000       3.750      SLICE_X58Y94  design_1_i/axi_dma_1/U0/I_PRMRY_DATAMOVER/GEN_S2MM_FULL.I_S2MM_FULL_WRAPPER/GEN_ENABLE_INDET_BTT_SF.I_INDET_BTT/I_XD_FIFO/NON_BLK_MEM.I_SYNC_FIFOGEN_FIFO/xpm_fifo_base_inst/gen_sdpram.xpm_memory_base_inst/gen_wr_a.gen_word_narrow.mem_reg_0_15_0_5/RAMA_D1/CLK
Low Pulse Width   Slow    RAMD32/CLK          n/a            1.250         5.000       3.750      SLICE_X58Y94  design_1_i/axi_dma_1/U0/I_PRMRY_DATAMOVER/GEN_S2MM_FULL.I_S2MM_FULL_WRAPPER/GEN_ENABLE_INDET_BTT_SF.I_INDET_BTT/I_XD_FIFO/NON_BLK_MEM.I_SYNC_FIFOGEN_FIFO/xpm_fifo_base_inst/gen_sdpram.xpm_memory_base_inst/gen_wr_a.gen_word_narrow.mem_reg_0_15_0_5/RAMB/CLK
Low Pulse Width   Fast    RAMD32/CLK          n/a            1.250         5.000       3.750      SLICE_X58Y94  design_1_i/axi_dma_1/U0/I_PRMRY_DATAMOVER/GEN_S2MM_FULL.I_S2MM_FULL_WRAPPER/GEN_ENABLE_INDET_BTT_SF.I_INDET_BTT/I_XD_FIFO/NON_BLK_MEM.I_SYNC_FIFOGEN_FIFO/xpm_fifo_base_inst/gen_sdpram.xpm_memory_base_inst/gen_wr_a.gen_word_narrow.mem_reg_0_15_0_5/RAMB/CLK
Low Pulse Width   Slow    RAMD32/CLK          n/a            1.250         5.000       3.750      SLICE_X58Y94  design_1_i/axi_dma_1/U0/I_PRMRY_DATAMOVER/GEN_S2MM_FULL.I_S2MM_FULL_WRAPPER/GEN_ENABLE_INDET_BTT_SF.I_INDET_BTT/I_XD_FIFO/NON_BLK_MEM.I_SYNC_FIFOGEN_FIFO/xpm_fifo_base_inst/gen_sdpram.xpm_memory_base_inst/gen_wr_a.gen_word_narrow.mem_reg_0_15_0_5/RAMB_D1/CLK
Low Pulse Width   Fast    RAMD32/CLK          n/a            1.250         5.000       3.750      SLICE_X58Y94  design_1_i/axi_dma_1/U0/I_PRMRY_DATAMOVER/GEN_S2MM_FULL.I_S2MM_FULL_WRAPPER/GEN_ENABLE_INDET_BTT_SF.I_INDET_BTT/I_XD_FIFO/NON_BLK_MEM.I_SYNC_FIFOGEN_FIFO/xpm_fifo_base_inst/gen_sdpram.xpm_memory_base_inst/gen_wr_a.gen_word_narrow.mem_reg_0_15_0_5/RAMB_D1/CLK
Low Pulse Width   Slow    RAMD32/CLK          n/a            1.250         5.000       3.750      SLICE_X58Y94  design_1_i/axi_dma_1/U0/I_PRMRY_DATAMOVER/GEN_S2MM_FULL.I_S2MM_FULL_WRAPPER/GEN_ENABLE_INDET_BTT_SF.I_INDET_BTT/I_XD_FIFO/NON_BLK_MEM.I_SYNC_FIFOGEN_FIFO/xpm_fifo_base_inst/gen_sdpram.xpm_memory_base_inst/gen_wr_a.gen_word_narrow.mem_reg_0_15_0_5/RAMC/CLK
Low Pulse Width   Fast    RAMD32/CLK          n/a            1.250         5.000       3.750      SLICE_X58Y94  design_1_i/axi_dma_1/U0/I_PRMRY_DATAMOVER/GEN_S2MM_FULL.I_S2MM_FULL_WRAPPER/GEN_ENABLE_INDET_BTT_SF.I_INDET_BTT/I_XD_FIFO/NON_BLK_MEM.I_SYNC_FIFOGEN_FIFO/xpm_fifo_base_inst/gen_sdpram.xpm_memory_base_inst/gen_wr_a.gen_word_narrow.mem_reg_0_15_0_5/RAMC/CLK
High Pulse Width  Slow    RAMD32/CLK          n/a            1.250         5.000       3.750      SLICE_X58Y94  design_1_i/axi_dma_1/U0/I_PRMRY_DATAMOVER/GEN_S2MM_FULL.I_S2MM_FULL_WRAPPER/GEN_ENABLE_INDET_BTT_SF.I_INDET_BTT/I_XD_FIFO/NON_BLK_MEM.I_SYNC_FIFOGEN_FIFO/xpm_fifo_base_inst/gen_sdpram.xpm_memory_base_inst/gen_wr_a.gen_word_narrow.mem_reg_0_15_0_5/RAMA/CLK
High Pulse Width  Fast    RAMD32/CLK          n/a            1.250         5.000       3.750      SLICE_X58Y94  design_1_i/axi_dma_1/U0/I_PRMRY_DATAMOVER/GEN_S2MM_FULL.I_S2MM_FULL_WRAPPER/GEN_ENABLE_INDET_BTT_SF.I_INDET_BTT/I_XD_FIFO/NON_BLK_MEM.I_SYNC_FIFOGEN_FIFO/xpm_fifo_base_inst/gen_sdpram.xpm_memory_base_inst/gen_wr_a.gen_word_narrow.mem_reg_0_15_0_5/RAMA/CLK
High Pulse Width  Slow    RAMD32/CLK          n/a            1.250         5.000       3.750      SLICE_X58Y94  design_1_i/axi_dma_1/U0/I_PRMRY_DATAMOVER/GEN_S2MM_FULL.I_S2MM_FULL_WRAPPER/GEN_ENABLE_INDET_BTT_SF.I_INDET_BTT/I_XD_FIFO/NON_BLK_MEM.I_SYNC_FIFOGEN_FIFO/xpm_fifo_base_inst/gen_sdpram.xpm_memory_base_inst/gen_wr_a.gen_word_narrow.mem_reg_0_15_0_5/RAMA_D1/CLK
High Pulse Width  Fast    RAMD32/CLK          n/a            1.250         5.000       3.750      SLICE_X58Y94  design_1_i/axi_dma_1/U0/I_PRMRY_DATAMOVER/GEN_S2MM_FULL.I_S2MM_FULL_WRAPPER/GEN_ENABLE_INDET_BTT_SF.I_INDET_BTT/I_XD_FIFO/NON_BLK_MEM.I_SYNC_FIFOGEN_FIFO/xpm_fifo_base_inst/gen_sdpram.xpm_memory_base_inst/gen_wr_a.gen_word_narrow.mem_reg_0_15_0_5/RAMA_D1/CLK
High Pulse Width  Slow    RAMD32/CLK          n/a            1.250         5.000       3.750      SLICE_X58Y94  design_1_i/axi_dma_1/U0/I_PRMRY_DATAMOVER/GEN_S2MM_FULL.I_S2MM_FULL_WRAPPER/GEN_ENABLE_INDET_BTT_SF.I_INDET_BTT/I_XD_FIFO/NON_BLK_MEM.I_SYNC_FIFOGEN_FIFO/xpm_fifo_base_inst/gen_sdpram.xpm_memory_base_inst/gen_wr_a.gen_word_narrow.mem_reg_0_15_0_5/RAMB/CLK
High Pulse Width  Fast    RAMD32/CLK          n/a            1.250         5.000       3.750      SLICE_X58Y94  design_1_i/axi_dma_1/U0/I_PRMRY_DATAMOVER/GEN_S2MM_FULL.I_S2MM_FULL_WRAPPER/GEN_ENABLE_INDET_BTT_SF.I_INDET_BTT/I_XD_FIFO/NON_BLK_MEM.I_SYNC_FIFOGEN_FIFO/xpm_fifo_base_inst/gen_sdpram.xpm_memory_base_inst/gen_wr_a.gen_word_narrow.mem_reg_0_15_0_5/RAMB/CLK
High Pulse Width  Slow    RAMD32/CLK          n/a            1.250         5.000       3.750      SLICE_X58Y94  design_1_i/axi_dma_1/U0/I_PRMRY_DATAMOVER/GEN_S2MM_FULL.I_S2MM_FULL_WRAPPER/GEN_ENABLE_INDET_BTT_SF.I_INDET_BTT/I_XD_FIFO/NON_BLK_MEM.I_SYNC_FIFOGEN_FIFO/xpm_fifo_base_inst/gen_sdpram.xpm_memory_base_inst/gen_wr_a.gen_word_narrow.mem_reg_0_15_0_5/RAMB_D1/CLK
High Pulse Width  Fast    RAMD32/CLK          n/a            1.250         5.000       3.750      SLICE_X58Y94  design_1_i/axi_dma_1/U0/I_PRMRY_DATAMOVER/GEN_S2MM_FULL.I_S2MM_FULL_WRAPPER/GEN_ENABLE_INDET_BTT_SF.I_INDET_BTT/I_XD_FIFO/NON_BLK_MEM.I_SYNC_FIFOGEN_FIFO/xpm_fifo_base_inst/gen_sdpram.xpm_memory_base_inst/gen_wr_a.gen_word_narrow.mem_reg_0_15_0_5/RAMB_D1/CLK
High Pulse Width  Slow    RAMD32/CLK          n/a            1.250         5.000       3.750      SLICE_X58Y94  design_1_i/axi_dma_1/U0/I_PRMRY_DATAMOVER/GEN_S2MM_FULL.I_S2MM_FULL_WRAPPER/GEN_ENABLE_INDET_BTT_SF.I_INDET_BTT/I_XD_FIFO/NON_BLK_MEM.I_SYNC_FIFOGEN_FIFO/xpm_fifo_base_inst/gen_sdpram.xpm_memory_base_inst/gen_wr_a.gen_word_narrow.mem_reg_0_15_0_5/RAMC/CLK
High Pulse Width  Fast    RAMD32/CLK          n/a            1.250         5.000       3.750      SLICE_X58Y94  design_1_i/axi_dma_1/U0/I_PRMRY_DATAMOVER/GEN_S2MM_FULL.I_S2MM_FULL_WRAPPER/GEN_ENABLE_INDET_BTT_SF.I_INDET_BTT/I_XD_FIFO/NON_BLK_MEM.I_SYNC_FIFOGEN_FIFO/xpm_fifo_base_inst/gen_sdpram.xpm_memory_base_inst/gen_wr_a.gen_word_narrow.mem_reg_0_15_0_5/RAMC/CLK



---------------------------------------------------------------------------------------------------
Path Group:  **async_default**
From Clock:  clk_fpga_0
  To Clock:  clk_fpga_0

Setup :            0  Failing Endpoints,  Worst Slack        6.222ns,  Total Violation        0.000ns
Hold  :            0  Failing Endpoints,  Worst Slack        0.393ns,  Total Violation        0.000ns
---------------------------------------------------------------------------------------------------


Max Delay Paths
--------------------------------------------------------------------------------------
Slack (MET) :             6.222ns  (required time - arrival time)
  Source:                 design_1_wrapper/design_1/design_1_axi_mem_intercon_0/s02_couplers_imp_8NCF02/design_1_axi_mem_intercon_imp_auto_pc_1/design_1_axi_mem_intercon_imp_auto_pc_1_axi_protocol_converter_v2_1_37_axi_protocol_converter/design_1_axi_mem_intercon_imp_auto_pc_1_axi_protocol_converter_v2_1_37_axi3_conv/design_1_axi_mem_intercon_imp_auto_pc_1_axi_protocol_converter_v2_1_37_a_axi3_conv/design_1_axi_mem_intercon_imp_auto_pc_1_axi_data_fifo_v2_1_36_axic_fifo/design_1_axi_mem_intercon_imp_auto_pc_1_axi_data_fifo_v2_1_36_fifo_gen/<hidden>/<hidden>/<hidden>/<hidden>/<hidden>
                            (rising edge-triggered cell FDRE clocked by clk_fpga_0  {rise@0.000ns fall@5.000ns period=10.000ns})
  Destination:            design_1_wrapper/design_1/design_1_axi_mem_intercon_0/s02_couplers_imp_8NCF02/design_1_axi_mem_intercon_imp_auto_pc_1/design_1_axi_mem_intercon_imp_auto_pc_1_axi_protocol_converter_v2_1_37_axi_protocol_converter/design_1_axi_mem_intercon_imp_auto_pc_1_axi_protocol_converter_v2_1_37_axi3_conv/design_1_axi_mem_intercon_imp_auto_pc_1_axi_protocol_converter_v2_1_37_a_axi3_conv/design_1_axi_mem_intercon_imp_auto_pc_1_axi_data_fifo_v2_1_36_axic_fifo/design_1_axi_mem_intercon_imp_auto_pc_1_axi_data_fifo_v2_1_36_fifo_gen/<hidden>/<hidden>/<hidden>/<hidden>/<hidden>/<hidden>
                            (recovery check against rising-edge clock clk_fpga_0  {rise@0.000ns fall@5.000ns period=10.000ns})
  Path Group:             **async_default**
  Path Type:              Recovery (Max at Slow Process Corner)
  Requirement:            10.000ns  (clk_fpga_0 rise@10.000ns - clk_fpga_0 rise@0.000ns)
  Data Path Delay:        3.045ns  (logic 0.580ns (19.050%)  route 2.465ns (80.950%))
  Logic Levels:           1  (LUT3=1)
  Clock Path Skew:        -0.174ns (DCD - SCD + CPR)
    Destination Clock Delay (DCD):    2.634ns = ( 12.634 - 10.000 ) 
    Source Clock Delay      (SCD):    2.937ns
    Clock Pessimism Removal (CPR):    0.129ns
  Clock Uncertainty:      0.154ns  ((TSJ^2 + TIJ^2)^1/2 + DJ) / 2 + PE
    Total System Jitter     (TSJ):    0.071ns
    Total Input Jitter      (TIJ):    0.300ns
    Discrete Jitter          (DJ):    0.000ns
    Phase Error              (PE):    0.000ns

    Location             Delay type                Incr(ns)  Path(ns)    Netlist Resource(s)
  -------------------------------------------------------------------    -------------------
                         (clock clk_fpga_0 rise edge)
                                                      0.000     0.000 r  
    PS7_X0Y0             PS7                          0.000     0.000 r  design_1_i/processing_system7_0/inst/PS7_i/FCLKCLK[0]
                         net (fo=1, routed)           1.193     1.193    design_1_i/processing_system7_0/inst/FCLK_CLK_unbuffered[0]
    BUFGCTRL_X0Y16       BUFG (Prop_bufg_I_O)         0.101     1.294 r  design_1_i/processing_system7_0/inst/buffer_fclk_clk_0.FCLK_CLK_0_BUFG/O
                         net (fo=14851, routed)       1.643     2.937    design_1_wrapper/design_1/design_1_axi_mem_intercon_0/s02_couplers_imp_8NCF02/design_1_axi_mem_intercon_imp_auto_pc_1/design_1_axi_mem_intercon_imp_auto_pc_1_axi_protocol_converter_v2_1_37_axi_protocol_converter/design_1_axi_mem_intercon_imp_auto_pc_1_axi_protocol_converter_v2_1_37_axi3_conv/design_1_axi_mem_intercon_imp_auto_pc_1_axi_protocol_converter_v2_1_37_a_axi3_conv/design_1_axi_mem_intercon_imp_auto_pc_1_axi_data_fifo_v2_1_36_axic_fifo/design_1_axi_mem_intercon_imp_auto_pc_1_axi_data_fifo_v2_1_36_fifo_gen/<hidden>/<hidden>/<hidden>/<hidden>/<hidden>
    SLICE_X44Y83         FDRE                                         r  design_1_wrapper/design_1/design_1_axi_mem_intercon_0/s02_couplers_imp_8NCF02/design_1_axi_mem_intercon_imp_auto_pc_1/design_1_axi_mem_intercon_imp_auto_pc_1_axi_protocol_converter_v2_1_37_axi_protocol_converter/design_1_axi_mem_intercon_imp_auto_pc_1_axi_protocol_converter_v2_1_37_axi3_conv/design_1_axi_mem_intercon_imp_auto_pc_1_axi_protocol_converter_v2_1_37_a_axi3_conv/design_1_axi_mem_intercon_imp_auto_pc_1_axi_data_fifo_v2_1_36_axic_fifo/design_1_axi_mem_intercon_imp_auto_pc_1_axi_data_fifo_v2_1_36_fifo_gen/<hidden>/<hidden>/<hidden>/<hidden>/<hidden>
  -------------------------------------------------------------------    -------------------
    SLICE_X44Y83         FDRE (Prop_fdre_C_Q)         0.456     3.393 f  design_1_wrapper/design_1/design_1_axi_mem_intercon_0/s02_couplers_imp_8NCF02/design_1_axi_mem_intercon_imp_auto_pc_1/design_1_axi_mem_intercon_imp_auto_pc_1_axi_protocol_converter_v2_1_37_axi_protocol_converter/design_1_axi_mem_intercon_imp_auto_pc_1_axi_protocol_converter_v2_1_37_axi3_conv/design_1_axi_mem_intercon_imp_auto_pc_1_axi_protocol_converter_v2_1_37_a_axi3_conv/design_1_axi_mem_intercon_imp_auto_pc_1_axi_data_fifo_v2_1_36_axic_fifo/design_1_axi_mem_intercon_imp_auto_pc_1_axi_data_fifo_v2_1_36_fifo_gen/<hidden>/<hidden>/<hidden>/<hidden>/<hidden>
                         net (fo=2, routed)           1.283     4.676    design_1_wrapper/design_1/design_1_axi_mem_intercon_0/s02_couplers_imp_8NCF02/design_1_axi_mem_intercon_imp_auto_pc_1/design_1_axi_mem_intercon_imp_auto_pc_1_axi_protocol_converter_v2_1_37_axi_protocol_converter/design_1_axi_mem_intercon_imp_auto_pc_1_axi_protocol_converter_v2_1_37_axi3_conv/design_1_axi_mem_intercon_imp_auto_pc_1_axi_protocol_converter_v2_1_37_a_axi3_conv/design_1_axi_mem_intercon_imp_auto_pc_1_axi_data_fifo_v2_1_36_axic_fifo/design_1_axi_mem_intercon_imp_auto_pc_1_axi_data_fifo_v2_1_36_fifo_gen/<hidden>/<hidden>/<hidden>/<hidden>/<hidden>
    SLICE_X46Y81         LUT3 (Prop_lut3_I1_O)        0.124     4.800 f  design_1_wrapper/design_1/design_1_axi_mem_intercon_0/s02_couplers_imp_8NCF02/design_1_axi_mem_intercon_imp_auto_pc_1/design_1_axi_mem_intercon_imp_auto_pc_1_axi_protocol_converter_v2_1_37_axi_protocol_converter/design_1_axi_mem_intercon_imp_auto_pc_1_axi_protocol_converter_v2_1_37_axi3_conv/design_1_axi_mem_intercon_imp_auto_pc_1_axi_protocol_converter_v2_1_37_a_axi3_conv/design_1_axi_mem_intercon_imp_auto_pc_1_axi_data_fifo_v2_1_36_axic_fifo/design_1_axi_mem_intercon_imp_auto_pc_1_axi_data_fifo_v2_1_36_fifo_gen/<hidden>/<hidden>/<hidden>/<hidden>/<hidden>
                         net (fo=33, routed)          1.182     5.982    design_1_wrapper/design_1/design_1_axi_mem_intercon_0/s02_couplers_imp_8NCF02/design_1_axi_mem_intercon_imp_auto_pc_1/design_1_axi_mem_intercon_imp_auto_pc_1_axi_protocol_converter_v2_1_37_axi_protocol_converter/design_1_axi_mem_intercon_imp_auto_pc_1_axi_protocol_converter_v2_1_37_axi3_conv/design_1_axi_mem_intercon_imp_auto_pc_1_axi_protocol_converter_v2_1_37_a_axi3_conv/design_1_axi_mem_intercon_imp_auto_pc_1_axi_data_fifo_v2_1_36_axic_fifo/design_1_axi_mem_intercon_imp_auto_pc_1_axi_data_fifo_v2_1_36_fifo_gen/<hidden>/<hidden>/<hidden>/<hidden>/<hidden>/<hidden>
    SLICE_X52Y80         FDCE                                         f  design_1_wrapper/design_1/design_1_axi_mem_intercon_0/s02_couplers_imp_8NCF02/design_1_axi_mem_intercon_imp_auto_pc_1/design_1_axi_mem_intercon_imp_auto_pc_1_axi_protocol_converter_v2_1_37_axi_protocol_converter/design_1_axi_mem_intercon_imp_auto_pc_1_axi_protocol_converter_v2_1_37_axi3_conv/design_1_axi_mem_intercon_imp_auto_pc_1_axi_protocol_converter_v2_1_37_a_axi3_conv/design_1_axi_mem_intercon_imp_auto_pc_1_axi_data_fifo_v2_1_36_axic_fifo/design_1_axi_mem_intercon_imp_auto_pc_1_axi_data_fifo_v2_1_36_fifo_gen/<hidden>/<hidden>/<hidden>/<hidden>/<hidden>/<hidden>
  -------------------------------------------------------------------    -------------------

                         (clock clk_fpga_0 rise edge)
                                                     10.000    10.000 r  
    PS7_X0Y0             PS7                          0.000    10.000 r  design_1_i/processing_system7_0/inst/PS7_i/FCLKCLK[0]
                         net (fo=1, routed)           1.088    11.088    design_1_i/processing_system7_0/inst/FCLK_CLK_unbuffered[0]
    BUFGCTRL_X0Y16       BUFG (Prop_bufg_I_O)         0.091    11.179 r  design_1_i/processing_system7_0/inst/buffer_fclk_clk_0.FCLK_CLK_0_BUFG/O
                         net (fo=14851, routed)       1.455    12.634    design_1_wrapper/design_1/design_1_axi_mem_intercon_0/s02_couplers_imp_8NCF02/design_1_axi_mem_intercon_imp_auto_pc_1/design_1_axi_mem_intercon_imp_auto_pc_1_axi_protocol_converter_v2_1_37_axi_protocol_converter/design_1_axi_mem_intercon_imp_auto_pc_1_axi_protocol_converter_v2_1_37_axi3_conv/design_1_axi_mem_intercon_imp_auto_pc_1_axi_protocol_converter_v2_1_37_a_axi3_conv/design_1_axi_mem_intercon_imp_auto_pc_1_axi_data_fifo_v2_1_36_axic_fifo/design_1_axi_mem_intercon_imp_auto_pc_1_axi_data_fifo_v2_1_36_fifo_gen/<hidden>/<hidden>/<hidden>/<hidden>/<hidden>/<hidden>
    SLICE_X52Y80         FDCE                                         r  design_1_wrapper/design_1/design_1_axi_mem_intercon_0/s02_couplers_imp_8NCF02/design_1_axi_mem_intercon_imp_auto_pc_1/design_1_axi_mem_intercon_imp_auto_pc_1_axi_protocol_converter_v2_1_37_axi_protocol_converter/design_1_axi_mem_intercon_imp_auto_pc_1_axi_protocol_converter_v2_1_37_axi3_conv/design_1_axi_mem_intercon_imp_auto_pc_1_axi_protocol_converter_v2_1_37_a_axi3_conv/design_1_axi_mem_intercon_imp_auto_pc_1_axi_data_fifo_v2_1_36_axic_fifo/design_1_axi_mem_intercon_imp_auto_pc_1_axi_data_fifo_v2_1_36_fifo_gen/<hidden>/<hidden>/<hidden>/<hidden>/<hidden>/<hidden>
                         clock pessimism              0.129    12.763    
                         clock uncertainty           -0.154    12.609    
    SLICE_X52Y80         FDCE (Recov_fdce_C_CLR)     -0.405    12.204    design_1_wrapper/design_1/design_1_axi_mem_intercon_0/s02_couplers_imp_8NCF02/design_1_axi_mem_intercon_imp_auto_pc_1/design_1_axi_mem_intercon_imp_auto_pc_1_axi_protocol_converter_v2_1_37_axi_protocol_converter/design_1_axi_mem_intercon_imp_auto_pc_1_axi_protocol_converter_v2_1_37_axi3_conv/design_1_axi_mem_intercon_imp_auto_pc_1_axi_protocol_converter_v2_1_37_a_axi3_conv/design_1_axi_mem_intercon_imp_auto_pc_1_axi_data_fifo_v2_1_36_axic_fifo/design_1_axi_mem_intercon_imp_auto_pc_1_axi_data_fifo_v2_1_36_fifo_gen/<hidden>/<hidden>/<hidden>/<hidden>/<hidden>/<hidden>
  -------------------------------------------------------------------
                         required time                         12.204    
                         arrival time                          -5.982    
  -------------------------------------------------------------------
                         slack                                  6.222    

Slack (MET) :             6.222ns  (required time - arrival time)
  Source:                 design_1_wrapper/design_1/design_1_axi_mem_intercon_0/s02_couplers_imp_8NCF02/design_1_axi_mem_intercon_imp_auto_pc_1/design_1_axi_mem_intercon_imp_auto_pc_1_axi_protocol_converter_v2_1_37_axi_protocol_converter/design_1_axi_mem_intercon_imp_auto_pc_1_axi_protocol_converter_v2_1_37_axi3_conv/design_1_axi_mem_intercon_imp_auto_pc_1_axi_protocol_converter_v2_1_37_a_axi3_conv/design_1_axi_mem_intercon_imp_auto_pc_1_axi_data_fifo_v2_1_36_axic_fifo/design_1_axi_mem_intercon_imp_auto_pc_1_axi_data_fifo_v2_1_36_fifo_gen/<hidden>/<hidden>/<hidden>/<hidden>/<hidden>
                            (rising edge-triggered cell FDRE clocked by clk_fpga_0  {rise@0.000ns fall@5.000ns period=10.000ns})
  Destination:            design_1_wrapper/design_1/design_1_axi_mem_intercon_0/s02_couplers_imp_8NCF02/design_1_axi_mem_intercon_imp_auto_pc_1/design_1_axi_mem_intercon_imp_auto_pc_1_axi_protocol_converter_v2_1_37_axi_protocol_converter/design_1_axi_mem_intercon_imp_auto_pc_1_axi_protocol_converter_v2_1_37_axi3_conv/design_1_axi_mem_intercon_imp_auto_pc_1_axi_protocol_converter_v2_1_37_a_axi3_conv/design_1_axi_mem_intercon_imp_auto_pc_1_axi_data_fifo_v2_1_36_axic_fifo/design_1_axi_mem_intercon_imp_auto_pc_1_axi_data_fifo_v2_1_36_fifo_gen/<hidden>/<hidden>/<hidden>/<hidden>/<hidden>/<hidden>
                            (recovery check against rising-edge clock clk_fpga_0  {rise@0.000ns fall@5.000ns period=10.000ns})
  Path Group:             **async_default**
  Path Type:              Recovery (Max at Slow Process Corner)
  Requirement:            10.000ns  (clk_fpga_0 rise@10.000ns - clk_fpga_0 rise@0.000ns)
  Data Path Delay:        3.045ns  (logic 0.580ns (19.050%)  route 2.465ns (80.950%))
  Logic Levels:           1  (LUT3=1)
  Clock Path Skew:        -0.174ns (DCD - SCD + CPR)
    Destination Clock Delay (DCD):    2.634ns = ( 12.634 - 10.000 ) 
    Source Clock Delay      (SCD):    2.937ns
    Clock Pessimism Removal (CPR):    0.129ns
  Clock Uncertainty:      0.154ns  ((TSJ^2 + TIJ^2)^1/2 + DJ) / 2 + PE
    Total System Jitter     (TSJ):    0.071ns
    Total Input Jitter      (TIJ):    0.300ns
    Discrete Jitter          (DJ):    0.000ns
    Phase Error              (PE):    0.000ns

    Location             Delay type                Incr(ns)  Path(ns)    Netlist Resource(s)
  -------------------------------------------------------------------    -------------------
                         (clock clk_fpga_0 rise edge)
                                                      0.000     0.000 r  
    PS7_X0Y0             PS7                          0.000     0.000 r  design_1_i/processing_system7_0/inst/PS7_i/FCLKCLK[0]
                         net (fo=1, routed)           1.193     1.193    design_1_i/processing_system7_0/inst/FCLK_CLK_unbuffered[0]
    BUFGCTRL_X0Y16       BUFG (Prop_bufg_I_O)         0.101     1.294 r  design_1_i/processing_system7_0/inst/buffer_fclk_clk_0.FCLK_CLK_0_BUFG/O
                         net (fo=14851, routed)       1.643     2.937    design_1_wrapper/design_1/design_1_axi_mem_intercon_0/s02_couplers_imp_8NCF02/design_1_axi_mem_intercon_imp_auto_pc_1/design_1_axi_mem_intercon_imp_auto_pc_1_axi_protocol_converter_v2_1_37_axi_protocol_converter/design_1_axi_mem_intercon_imp_auto_pc_1_axi_protocol_converter_v2_1_37_axi3_conv/design_1_axi_mem_intercon_imp_auto_pc_1_axi_protocol_converter_v2_1_37_a_axi3_conv/design_1_axi_mem_intercon_imp_auto_pc_1_axi_data_fifo_v2_1_36_axic_fifo/design_1_axi_mem_intercon_imp_auto_pc_1_axi_data_fifo_v2_1_36_fifo_gen/<hidden>/<hidden>/<hidden>/<hidden>/<hidden>
    SLICE_X44Y83         FDRE                                         r  design_1_wrapper/design_1/design_1_axi_mem_intercon_0/s02_couplers_imp_8NCF02/design_1_axi_mem_intercon_imp_auto_pc_1/design_1_axi_mem_intercon_imp_auto_pc_1_axi_protocol_converter_v2_1_37_axi_protocol_converter/design_1_axi_mem_intercon_imp_auto_pc_1_axi_protocol_converter_v2_1_37_axi3_conv/design_1_axi_mem_intercon_imp_auto_pc_1_axi_protocol_converter_v2_1_37_a_axi3_conv/design_1_axi_mem_intercon_imp_auto_pc_1_axi_data_fifo_v2_1_36_axic_fifo/design_1_axi_mem_intercon_imp_auto_pc_1_axi_data_fifo_v2_1_36_fifo_gen/<hidden>/<hidden>/<hidden>/<hidden>/<hidden>
  -------------------------------------------------------------------    -------------------
    SLICE_X44Y83         FDRE (Prop_fdre_C_Q)         0.456     3.393 f  design_1_wrapper/design_1/design_1_axi_mem_intercon_0/s02_couplers_imp_8NCF02/design_1_axi_mem_intercon_imp_auto_pc_1/design_1_axi_mem_intercon_imp_auto_pc_1_axi_protocol_converter_v2_1_37_axi_protocol_converter/design_1_axi_mem_intercon_imp_auto_pc_1_axi_protocol_converter_v2_1_37_axi3_conv/design_1_axi_mem_intercon_imp_auto_pc_1_axi_protocol_converter_v2_1_37_a_axi3_conv/design_1_axi_mem_intercon_imp_auto_pc_1_axi_data_fifo_v2_1_36_axic_fifo/design_1_axi_mem_intercon_imp_auto_pc_1_axi_data_fifo_v2_1_36_fifo_gen/<hidden>/<hidden>/<hidden>/<hidden>/<hidden>
                         net (fo=2, routed)           1.283     4.676    design_1_wrapper/design_1/design_1_axi_mem_intercon_0/s02_couplers_imp_8NCF02/design_1_axi_mem_intercon_imp_auto_pc_1/design_1_axi_mem_intercon_imp_auto_pc_1_axi_protocol_converter_v2_1_37_axi_protocol_converter/design_1_axi_mem_intercon_imp_auto_pc_1_axi_protocol_converter_v2_1_37_axi3_conv/design_1_axi_mem_intercon_imp_auto_pc_1_axi_protocol_converter_v2_1_37_a_axi3_conv/design_1_axi_mem_intercon_imp_auto_pc_1_axi_data_fifo_v2_1_36_axic_fifo/design_1_axi_mem_intercon_imp_auto_pc_1_axi_data_fifo_v2_1_36_fifo_gen/<hidden>/<hidden>/<hidden>/<hidden>/<hidden>
    SLICE_X46Y81         LUT3 (Prop_lut3_I1_O)        0.124     4.800 f  design_1_wrapper/design_1/design_1_axi_mem_intercon_0/s02_couplers_imp_8NCF02/design_1_axi_mem_intercon_imp_auto_pc_1/design_1_axi_mem_intercon_imp_auto_pc_1_axi_protocol_converter_v2_1_37_axi_protocol_converter/design_1_axi_mem_intercon_imp_auto_pc_1_axi_protocol_converter_v2_1_37_axi3_conv/design_1_axi_mem_intercon_imp_auto_pc_1_axi_protocol_converter_v2_1_37_a_axi3_conv/design_1_axi_mem_intercon_imp_auto_pc_1_axi_data_fifo_v2_1_36_axic_fifo/design_1_axi_mem_intercon_imp_auto_pc_1_axi_data_fifo_v2_1_36_fifo_gen/<hidden>/<hidden>/<hidden>/<hidden>/<hidden>
                         net (fo=33, routed)          1.182     5.982    design_1_wrapper/design_1/design_1_axi_mem_intercon_0/s02_couplers_imp_8NCF02/design_1_axi_mem_intercon_imp_auto_pc_1/design_1_axi_mem_intercon_imp_auto_pc_1_axi_protocol_converter_v2_1_37_axi_protocol_converter/design_1_axi_mem_intercon_imp_auto_pc_1_axi_protocol_converter_v2_1_37_axi3_conv/design_1_axi_mem_intercon_imp_auto_pc_1_axi_protocol_converter_v2_1_37_a_axi3_conv/design_1_axi_mem_intercon_imp_auto_pc_1_axi_data_fifo_v2_1_36_axic_fifo/design_1_axi_mem_intercon_imp_auto_pc_1_axi_data_fifo_v2_1_36_fifo_gen/<hidden>/<hidden>/<hidden>/<hidden>/<hidden>/<hidden>
    SLICE_X52Y80         FDCE                                         f  design_1_wrapper/design_1/design_1_axi_mem_intercon_0/s02_couplers_imp_8NCF02/design_1_axi_mem_intercon_imp_auto_pc_1/design_1_axi_mem_intercon_imp_auto_pc_1_axi_protocol_converter_v2_1_37_axi_protocol_converter/design_1_axi_mem_intercon_imp_auto_pc_1_axi_protocol_converter_v2_1_37_axi3_conv/design_1_axi_mem_intercon_imp_auto_pc_1_axi_protocol_converter_v2_1_37_a_axi3_conv/design_1_axi_mem_intercon_imp_auto_pc_1_axi_data_fifo_v2_1_36_axic_fifo/design_1_axi_mem_intercon_imp_auto_pc_1_axi_data_fifo_v2_1_36_fifo_gen/<hidden>/<hidden>/<hidden>/<hidden>/<hidden>/<hidden>
  -------------------------------------------------------------------    -------------------

                         (clock clk_fpga_0 rise edge)
                                                     10.000    10.000 r  
    PS7_X0Y0             PS7                          0.000    10.000 r  design_1_i/processing_system7_0/inst/PS7_i/FCLKCLK[0]
                         net (fo=1, routed)           1.088    11.088    design_1_i/processing_system7_0/inst/FCLK_CLK_unbuffered[0]
    BUFGCTRL_X0Y16       BUFG (Prop_bufg_I_O)         0.091    11.179 r  design_1_i/processing_system7_0/inst/buffer_fclk_clk_0.FCLK_CLK_0_BUFG/O
                         net (fo=14851, routed)       1.455    12.634    design_1_wrapper/design_1/design_1_axi_mem_intercon_0/s02_couplers_imp_8NCF02/design_1_axi_mem_intercon_imp_auto_pc_1/design_1_axi_mem_intercon_imp_auto_pc_1_axi_protocol_converter_v2_1_37_axi_protocol_converter/design_1_axi_mem_intercon_imp_auto_pc_1_axi_protocol_converter_v2_1_37_axi3_conv/design_1_axi_mem_intercon_imp_auto_pc_1_axi_protocol_converter_v2_1_37_a_axi3_conv/design_1_axi_mem_intercon_imp_auto_pc_1_axi_data_fifo_v2_1_36_axic_fifo/design_1_axi_mem_intercon_imp_auto_pc_1_axi_data_fifo_v2_1_36_fifo_gen/<hidden>/<hidden>/<hidden>/<hidden>/<hidden>/<hidden>
    SLICE_X52Y80         FDCE                                         r  design_1_wrapper/design_1/design_1_axi_mem_intercon_0/s02_couplers_imp_8NCF02/design_1_axi_mem_intercon_imp_auto_pc_1/design_1_axi_mem_intercon_imp_auto_pc_1_axi_protocol_converter_v2_1_37_axi_protocol_converter/design_1_axi_mem_intercon_imp_auto_pc_1_axi_protocol_converter_v2_1_37_axi3_conv/design_1_axi_mem_intercon_imp_auto_pc_1_axi_protocol_converter_v2_1_37_a_axi3_conv/design_1_axi_mem_intercon_imp_auto_pc_1_axi_data_fifo_v2_1_36_axic_fifo/design_1_axi_mem_intercon_imp_auto_pc_1_axi_data_fifo_v2_1_36_fifo_gen/<hidden>/<hidden>/<hidden>/<hidden>/<hidden>/<hidden>
                         clock pessimism              0.129    12.763    
                         clock uncertainty           -0.154    12.609    
    SLICE_X52Y80         FDCE (Recov_fdce_C_CLR)     -0.405    12.204    design_1_wrapper/design_1/design_1_axi_mem_intercon_0/s02_couplers_imp_8NCF02/design_1_axi_mem_intercon_imp_auto_pc_1/design_1_axi_mem_intercon_imp_auto_pc_1_axi_protocol_converter_v2_1_37_axi_protocol_converter/design_1_axi_mem_intercon_imp_auto_pc_1_axi_protocol_converter_v2_1_37_axi3_conv/design_1_axi_mem_intercon_imp_auto_pc_1_axi_protocol_converter_v2_1_37_a_axi3_conv/design_1_axi_mem_intercon_imp_auto_pc_1_axi_data_fifo_v2_1_36_axic_fifo/design_1_axi_mem_intercon_imp_auto_pc_1_axi_data_fifo_v2_1_36_fifo_gen/<hidden>/<hidden>/<hidden>/<hidden>/<hidden>/<hidden>
  -------------------------------------------------------------------
                         required time                         12.204    
                         arrival time                          -5.982    
  -------------------------------------------------------------------
                         slack                                  6.222    

Slack (MET) :             6.268ns  (required time - arrival time)
  Source:                 design_1_wrapper/design_1/design_1_axi_mem_intercon_0/s02_couplers_imp_8NCF02/design_1_axi_mem_intercon_imp_auto_pc_1/design_1_axi_mem_intercon_imp_auto_pc_1_axi_protocol_converter_v2_1_37_axi_protocol_converter/design_1_axi_mem_intercon_imp_auto_pc_1_axi_protocol_converter_v2_1_37_axi3_conv/design_1_axi_mem_intercon_imp_auto_pc_1_axi_protocol_converter_v2_1_37_a_axi3_conv/design_1_axi_mem_intercon_imp_auto_pc_1_axi_data_fifo_v2_1_36_axic_fifo/design_1_axi_mem_intercon_imp_auto_pc_1_axi_data_fifo_v2_1_36_fifo_gen/<hidden>/<hidden>/<hidden>/<hidden>/<hidden>
                            (rising edge-triggered cell FDRE clocked by clk_fpga_0  {rise@0.000ns fall@5.000ns period=10.000ns})
  Destination:            design_1_wrapper/design_1/design_1_axi_mem_intercon_0/s02_couplers_imp_8NCF02/design_1_axi_mem_intercon_imp_auto_pc_1/design_1_axi_mem_intercon_imp_auto_pc_1_axi_protocol_converter_v2_1_37_axi_protocol_converter/design_1_axi_mem_intercon_imp_auto_pc_1_axi_protocol_converter_v2_1_37_axi3_conv/design_1_axi_mem_intercon_imp_auto_pc_1_axi_protocol_converter_v2_1_37_a_axi3_conv/design_1_axi_mem_intercon_imp_auto_pc_1_axi_data_fifo_v2_1_36_axic_fifo/design_1_axi_mem_intercon_imp_auto_pc_1_axi_data_fifo_v2_1_36_fifo_gen/<hidden>/<hidden>/<hidden>/<hidden>/<hidden>/<hidden>
                            (recovery check against rising-edge clock clk_fpga_0  {rise@0.000ns fall@5.000ns period=10.000ns})
  Path Group:             **async_default**
  Path Type:              Recovery (Max at Slow Process Corner)
  Requirement:            10.000ns  (clk_fpga_0 rise@10.000ns - clk_fpga_0 rise@0.000ns)
  Data Path Delay:        3.045ns  (logic 0.580ns (19.050%)  route 2.465ns (80.950%))
  Logic Levels:           1  (LUT3=1)
  Clock Path Skew:        -0.174ns (DCD - SCD + CPR)
    Destination Clock Delay (DCD):    2.634ns = ( 12.634 - 10.000 ) 
    Source Clock Delay      (SCD):    2.937ns
    Clock Pessimism Removal (CPR):    0.129ns
  Clock Uncertainty:      0.154ns  ((TSJ^2 + TIJ^2)^1/2 + DJ) / 2 + PE
    Total System Jitter     (TSJ):    0.071ns
    Total Input Jitter      (TIJ):    0.300ns
    Discrete Jitter          (DJ):    0.000ns
    Phase Error              (PE):    0.000ns

    Location             Delay type                Incr(ns)  Path(ns)    Netlist Resource(s)
  -------------------------------------------------------------------    -------------------
                         (clock clk_fpga_0 rise edge)
                                                      0.000     0.000 r  
    PS7_X0Y0             PS7                          0.000     0.000 r  design_1_i/processing_system7_0/inst/PS7_i/FCLKCLK[0]
                         net (fo=1, routed)           1.193     1.193    design_1_i/processing_system7_0/inst/FCLK_CLK_unbuffered[0]
    BUFGCTRL_X0Y16       BUFG (Prop_bufg_I_O)         0.101     1.294 r  design_1_i/processing_system7_0/inst/buffer_fclk_clk_0.FCLK_CLK_0_BUFG/O
                         net (fo=14851, routed)       1.643     2.937    design_1_wrapper/design_1/design_1_axi_mem_intercon_0/s02_couplers_imp_8NCF02/design_1_axi_mem_intercon_imp_auto_pc_1/design_1_axi_mem_intercon_imp_auto_pc_1_axi_protocol_converter_v2_1_37_axi_protocol_converter/design_1_axi_mem_intercon_imp_auto_pc_1_axi_protocol_converter_v2_1_37_axi3_conv/design_1_axi_mem_intercon_imp_auto_pc_1_axi_protocol_converter_v2_1_37_a_axi3_conv/design_1_axi_mem_intercon_imp_auto_pc_1_axi_data_fifo_v2_1_36_axic_fifo/design_1_axi_mem_intercon_imp_auto_pc_1_axi_data_fifo_v2_1_36_fifo_gen/<hidden>/<hidden>/<hidden>/<hidden>/<hidden>
    SLICE_X44Y83         FDRE                                         r  design_1_wrapper/design_1/design_1_axi_mem_intercon_0/s02_couplers_imp_8NCF02/design_1_axi_mem_intercon_imp_auto_pc_1/design_1_axi_mem_intercon_imp_auto_pc_1_axi_protocol_converter_v2_1_37_axi_protocol_converter/design_1_axi_mem_intercon_imp_auto_pc_1_axi_protocol_converter_v2_1_37_axi3_conv/design_1_axi_mem_intercon_imp_auto_pc_1_axi_protocol_converter_v2_1_37_a_axi3_conv/design_1_axi_mem_intercon_imp_auto_pc_1_axi_data_fifo_v2_1_36_axic_fifo/design_1_axi_mem_intercon_imp_auto_pc_1_axi_data_fifo_v2_1_36_fifo_gen/<hidden>/<hidden>/<hidden>/<hidden>/<hidden>
  -------------------------------------------------------------------    -------------------
    SLICE_X44Y83         FDRE (Prop_fdre_C_Q)         0.456     3.393 f  design_1_wrapper/design_1/design_1_axi_mem_intercon_0/s02_couplers_imp_8NCF02/design_1_axi_mem_intercon_imp_auto_pc_1/design_1_axi_mem_intercon_imp_auto_pc_1_axi_protocol_converter_v2_1_37_axi_protocol_converter/design_1_axi_mem_intercon_imp_auto_pc_1_axi_protocol_converter_v2_1_37_axi3_conv/design_1_axi_mem_intercon_imp_auto_pc_1_axi_protocol_converter_v2_1_37_a_axi3_conv/design_1_axi_mem_intercon_imp_auto_pc_1_axi_data_fifo_v2_1_36_axic_fifo/design_1_axi_mem_intercon_imp_auto_pc_1_axi_data_fifo_v2_1_36_fifo_gen/<hidden>/<hidden>/<hidden>/<hidden>/<hidden>
                         net (fo=2, routed)           1.283     4.676    design_1_wrapper/design_1/design_1_axi_mem_intercon_0/s02_couplers_imp_8NCF02/design_1_axi_mem_intercon_imp_auto_pc_1/design_1_axi_mem_intercon_imp_auto_pc_1_axi_protocol_converter_v2_1_37_axi_protocol_converter/design_1_axi_mem_intercon_imp_auto_pc_1_axi_protocol_converter_v2_1_37_axi3_conv/design_1_axi_mem_intercon_imp_auto_pc_1_axi_protocol_converter_v2_1_37_a_axi3_conv/design_1_axi_mem_intercon_imp_auto_pc_1_axi_data_fifo_v2_1_36_axic_fifo/design_1_axi_mem_intercon_imp_auto_pc_1_axi_data_fifo_v2_1_36_fifo_gen/<hidden>/<hidden>/<hidden>/<hidden>/<hidden>
    SLICE_X46Y81         LUT3 (Prop_lut3_I1_O)        0.124     4.800 f  design_1_wrapper/design_1/design_1_axi_mem_intercon_0/s02_couplers_imp_8NCF02/design_1_axi_mem_intercon_imp_auto_pc_1/design_1_axi_mem_intercon_imp_auto_pc_1_axi_protocol_converter_v2_1_37_axi_protocol_converter/design_1_axi_mem_intercon_imp_auto_pc_1_axi_protocol_converter_v2_1_37_axi3_conv/design_1_axi_mem_intercon_imp_auto_pc_1_axi_protocol_converter_v2_1_37_a_axi3_conv/design_1_axi_mem_intercon_imp_auto_pc_1_axi_data_fifo_v2_1_36_axic_fifo/design_1_axi_mem_intercon_imp_auto_pc_1_axi_data_fifo_v2_1_36_fifo_gen/<hidden>/<hidden>/<hidden>/<hidden>/<hidden>
                         net (fo=33, routed)          1.182     5.982    design_1_wrapper/design_1/design_1_axi_mem_intercon_0/s02_couplers_imp_8NCF02/design_1_axi_mem_intercon_imp_auto_pc_1/design_1_axi_mem_intercon_imp_auto_pc_1_axi_protocol_converter_v2_1_37_axi_protocol_converter/design_1_axi_mem_intercon_imp_auto_pc_1_axi_protocol_converter_v2_1_37_axi3_conv/design_1_axi_mem_intercon_imp_auto_pc_1_axi_protocol_converter_v2_1_37_a_axi3_conv/design_1_axi_mem_intercon_imp_auto_pc_1_axi_data_fifo_v2_1_36_axic_fifo/design_1_axi_mem_intercon_imp_auto_pc_1_axi_data_fifo_v2_1_36_fifo_gen/<hidden>/<hidden>/<hidden>/<hidden>/<hidden>/<hidden>
    SLICE_X52Y80         FDPE                                         f  design_1_wrapper/design_1/design_1_axi_mem_intercon_0/s02_couplers_imp_8NCF02/design_1_axi_mem_intercon_imp_auto_pc_1/design_1_axi_mem_intercon_imp_auto_pc_1_axi_protocol_converter_v2_1_37_axi_protocol_converter/design_1_axi_mem_intercon_imp_auto_pc_1_axi_protocol_converter_v2_1_37_axi3_conv/design_1_axi_mem_intercon_imp_auto_pc_1_axi_protocol_converter_v2_1_37_a_axi3_conv/design_1_axi_mem_intercon_imp_auto_pc_1_axi_data_fifo_v2_1_36_axic_fifo/design_1_axi_mem_intercon_imp_auto_pc_1_axi_data_fifo_v2_1_36_fifo_gen/<hidden>/<hidden>/<hidden>/<hidden>/<hidden>/<hidden>
  -------------------------------------------------------------------    -------------------

                         (clock clk_fpga_0 rise edge)
                                                     10.000    10.000 r  
    PS7_X0Y0             PS7                          0.000    10.000 r  design_1_i/processing_system7_0/inst/PS7_i/FCLKCLK[0]
                         net (fo=1, routed)           1.088    11.088    design_1_i/processing_system7_0/inst/FCLK_CLK_unbuffered[0]
    BUFGCTRL_X0Y16       BUFG (Prop_bufg_I_O)         0.091    11.179 r  design_1_i/processing_system7_0/inst/buffer_fclk_clk_0.FCLK_CLK_0_BUFG/O
                         net (fo=14851, routed)       1.455    12.634    design_1_wrapper/design_1/design_1_axi_mem_intercon_0/s02_couplers_imp_8NCF02/design_1_axi_mem_intercon_imp_auto_pc_1/design_1_axi_mem_intercon_imp_auto_pc_1_axi_protocol_converter_v2_1_37_axi_protocol_converter/design_1_axi_mem_intercon_imp_auto_pc_1_axi_protocol_converter_v2_1_37_axi3_conv/design_1_axi_mem_intercon_imp_auto_pc_1_axi_protocol_converter_v2_1_37_a_axi3_conv/design_1_axi_mem_intercon_imp_auto_pc_1_axi_data_fifo_v2_1_36_axic_fifo/design_1_axi_mem_intercon_imp_auto_pc_1_axi_data_fifo_v2_1_36_fifo_gen/<hidden>/<hidden>/<hidden>/<hidden>/<hidden>/<hidden>
    SLICE_X52Y80         FDPE                                         r  design_1_wrapper/design_1/design_1_axi_mem_intercon_0/s02_couplers_imp_8NCF02/design_1_axi_mem_intercon_imp_auto_pc_1/design_1_axi_mem_intercon_imp_auto_pc_1_axi_protocol_converter_v2_1_37_axi_protocol_converter/design_1_axi_mem_intercon_imp_auto_pc_1_axi_protocol_converter_v2_1_37_axi3_conv/design_1_axi_mem_intercon_imp_auto_pc_1_axi_protocol_converter_v2_1_37_a_axi3_conv/design_1_axi_mem_intercon_imp_auto_pc_1_axi_data_fifo_v2_1_36_axic_fifo/design_1_axi_mem_intercon_imp_auto_pc_1_axi_data_fifo_v2_1_36_fifo_gen/<hidden>/<hidden>/<hidden>/<hidden>/<hidden>/<hidden>
                         clock pessimism              0.129    12.763    
                         clock uncertainty           -0.154    12.609    
    SLICE_X52Y80         FDPE (Recov_fdpe_C_PRE)     -0.359    12.250    design_1_wrapper/design_1/design_1_axi_mem_intercon_0/s02_couplers_imp_8NCF02/design_1_axi_mem_intercon_imp_auto_pc_1/design_1_axi_mem_intercon_imp_auto_pc_1_axi_protocol_converter_v2_1_37_axi_protocol_converter/design_1_axi_mem_intercon_imp_auto_pc_1_axi_protocol_converter_v2_1_37_axi3_conv/design_1_axi_mem_intercon_imp_auto_pc_1_axi_protocol_converter_v2_1_37_a_axi3_conv/design_1_axi_mem_intercon_imp_auto_pc_1_axi_data_fifo_v2_1_36_axic_fifo/design_1_axi_mem_intercon_imp_auto_pc_1_axi_data_fifo_v2_1_36_fifo_gen/<hidden>/<hidden>/<hidden>/<hidden>/<hidden>/<hidden>
  -------------------------------------------------------------------
                         required time                         12.250    
                         arrival time                          -5.982    
  -------------------------------------------------------------------
                         slack                                  6.268    

Slack (MET) :             6.268ns  (required time - arrival time)
  Source:                 design_1_wrapper/design_1/design_1_axi_mem_intercon_0/s02_couplers_imp_8NCF02/design_1_axi_mem_intercon_imp_auto_pc_1/design_1_axi_mem_intercon_imp_auto_pc_1_axi_protocol_converter_v2_1_37_axi_protocol_converter/design_1_axi_mem_intercon_imp_auto_pc_1_axi_protocol_converter_v2_1_37_axi3_conv/design_1_axi_mem_intercon_imp_auto_pc_1_axi_protocol_converter_v2_1_37_a_axi3_conv/design_1_axi_mem_intercon_imp_auto_pc_1_axi_data_fifo_v2_1_36_axic_fifo/design_1_axi_mem_intercon_imp_auto_pc_1_axi_data_fifo_v2_1_36_fifo_gen/<hidden>/<hidden>/<hidden>/<hidden>/<hidden>
                            (rising edge-triggered cell FDRE clocked by clk_fpga_0  {rise@0.000ns fall@5.000ns period=10.000ns})
  Destination:            design_1_wrapper/design_1/design_1_axi_mem_intercon_0/s02_couplers_imp_8NCF02/design_1_axi_mem_intercon_imp_auto_pc_1/design_1_axi_mem_intercon_imp_auto_pc_1_axi_protocol_converter_v2_1_37_axi_protocol_converter/design_1_axi_mem_intercon_imp_auto_pc_1_axi_protocol_converter_v2_1_37_axi3_conv/design_1_axi_mem_intercon_imp_auto_pc_1_axi_protocol_converter_v2_1_37_a_axi3_conv/design_1_axi_mem_intercon_imp_auto_pc_1_axi_data_fifo_v2_1_36_axic_fifo/design_1_axi_mem_intercon_imp_auto_pc_1_axi_data_fifo_v2_1_36_fifo_gen/<hidden>/<hidden>/<hidden>/<hidden>/<hidden>/<hidden>
                            (recovery check against rising-edge clock clk_fpga_0  {rise@0.000ns fall@5.000ns period=10.000ns})
  Path Group:             **async_default**
  Path Type:              Recovery (Max at Slow Process Corner)
  Requirement:            10.000ns  (clk_fpga_0 rise@10.000ns - clk_fpga_0 rise@0.000ns)
  Data Path Delay:        3.045ns  (logic 0.580ns (19.050%)  route 2.465ns (80.950%))
  Logic Levels:           1  (LUT3=1)
  Clock Path Skew:        -0.174ns (DCD - SCD + CPR)
    Destination Clock Delay (DCD):    2.634ns = ( 12.634 - 10.000 ) 
    Source Clock Delay      (SCD):    2.937ns
    Clock Pessimism Removal (CPR):    0.129ns
  Clock Uncertainty:      0.154ns  ((TSJ^2 + TIJ^2)^1/2 + DJ) / 2 + PE
    Total System Jitter     (TSJ):    0.071ns
    Total Input Jitter      (TIJ):    0.300ns
    Discrete Jitter          (DJ):    0.000ns
    Phase Error              (PE):    0.000ns

    Location             Delay type                Incr(ns)  Path(ns)    Netlist Resource(s)
  -------------------------------------------------------------------    -------------------
                         (clock clk_fpga_0 rise edge)
                                                      0.000     0.000 r  
    PS7_X0Y0             PS7                          0.000     0.000 r  design_1_i/processing_system7_0/inst/PS7_i/FCLKCLK[0]
                         net (fo=1, routed)           1.193     1.193    design_1_i/processing_system7_0/inst/FCLK_CLK_unbuffered[0]
    BUFGCTRL_X0Y16       BUFG (Prop_bufg_I_O)         0.101     1.294 r  design_1_i/processing_system7_0/inst/buffer_fclk_clk_0.FCLK_CLK_0_BUFG/O
                         net (fo=14851, routed)       1.643     2.937    design_1_wrapper/design_1/design_1_axi_mem_intercon_0/s02_couplers_imp_8NCF02/design_1_axi_mem_intercon_imp_auto_pc_1/design_1_axi_mem_intercon_imp_auto_pc_1_axi_protocol_converter_v2_1_37_axi_protocol_converter/design_1_axi_mem_intercon_imp_auto_pc_1_axi_protocol_converter_v2_1_37_axi3_conv/design_1_axi_mem_intercon_imp_auto_pc_1_axi_protocol_converter_v2_1_37_a_axi3_conv/design_1_axi_mem_intercon_imp_auto_pc_1_axi_data_fifo_v2_1_36_axic_fifo/design_1_axi_mem_intercon_imp_auto_pc_1_axi_data_fifo_v2_1_36_fifo_gen/<hidden>/<hidden>/<hidden>/<hidden>/<hidden>
    SLICE_X44Y83         FDRE                                         r  design_1_wrapper/design_1/design_1_axi_mem_intercon_0/s02_couplers_imp_8NCF02/design_1_axi_mem_intercon_imp_auto_pc_1/design_1_axi_mem_intercon_imp_auto_pc_1_axi_protocol_converter_v2_1_37_axi_protocol_converter/design_1_axi_mem_intercon_imp_auto_pc_1_axi_protocol_converter_v2_1_37_axi3_conv/design_1_axi_mem_intercon_imp_auto_pc_1_axi_protocol_converter_v2_1_37_a_axi3_conv/design_1_axi_mem_intercon_imp_auto_pc_1_axi_data_fifo_v2_1_36_axic_fifo/design_1_axi_mem_intercon_imp_auto_pc_1_axi_data_fifo_v2_1_36_fifo_gen/<hidden>/<hidden>/<hidden>/<hidden>/<hidden>
  -------------------------------------------------------------------    -------------------
    SLICE_X44Y83         FDRE (Prop_fdre_C_Q)         0.456     3.393 f  design_1_wrapper/design_1/design_1_axi_mem_intercon_0/s02_couplers_imp_8NCF02/design_1_axi_mem_intercon_imp_auto_pc_1/design_1_axi_mem_intercon_imp_auto_pc_1_axi_protocol_converter_v2_1_37_axi_protocol_converter/design_1_axi_mem_intercon_imp_auto_pc_1_axi_protocol_converter_v2_1_37_axi3_conv/design_1_axi_mem_intercon_imp_auto_pc_1_axi_protocol_converter_v2_1_37_a_axi3_conv/design_1_axi_mem_intercon_imp_auto_pc_1_axi_data_fifo_v2_1_36_axic_fifo/design_1_axi_mem_intercon_imp_auto_pc_1_axi_data_fifo_v2_1_36_fifo_gen/<hidden>/<hidden>/<hidden>/<hidden>/<hidden>
                         net (fo=2, routed)           1.283     4.676    design_1_wrapper/design_1/design_1_axi_mem_intercon_0/s02_couplers_imp_8NCF02/design_1_axi_mem_intercon_imp_auto_pc_1/design_1_axi_mem_intercon_imp_auto_pc_1_axi_protocol_converter_v2_1_37_axi_protocol_converter/design_1_axi_mem_intercon_imp_auto_pc_1_axi_protocol_converter_v2_1_37_axi3_conv/design_1_axi_mem_intercon_imp_auto_pc_1_axi_protocol_converter_v2_1_37_a_axi3_conv/design_1_axi_mem_intercon_imp_auto_pc_1_axi_data_fifo_v2_1_36_axic_fifo/design_1_axi_mem_intercon_imp_auto_pc_1_axi_data_fifo_v2_1_36_fifo_gen/<hidden>/<hidden>/<hidden>/<hidden>/<hidden>
    SLICE_X46Y81         LUT3 (Prop_lut3_I1_O)        0.124     4.800 f  design_1_wrapper/design_1/design_1_axi_mem_intercon_0/s02_couplers_imp_8NCF02/design_1_axi_mem_intercon_imp_auto_pc_1/design_1_axi_mem_intercon_imp_auto_pc_1_axi_protocol_converter_v2_1_37_axi_protocol_converter/design_1_axi_mem_intercon_imp_auto_pc_1_axi_protocol_converter_v2_1_37_axi3_conv/design_1_axi_mem_intercon_imp_auto_pc_1_axi_protocol_converter_v2_1_37_a_axi3_conv/design_1_axi_mem_intercon_imp_auto_pc_1_axi_data_fifo_v2_1_36_axic_fifo/design_1_axi_mem_intercon_imp_auto_pc_1_axi_data_fifo_v2_1_36_fifo_gen/<hidden>/<hidden>/<hidden>/<hidden>/<hidden>
                         net (fo=33, routed)          1.182     5.982    design_1_wrapper/design_1/design_1_axi_mem_intercon_0/s02_couplers_imp_8NCF02/design_1_axi_mem_intercon_imp_auto_pc_1/design_1_axi_mem_intercon_imp_auto_pc_1_axi_protocol_converter_v2_1_37_axi_protocol_converter/design_1_axi_mem_intercon_imp_auto_pc_1_axi_protocol_converter_v2_1_37_axi3_conv/design_1_axi_mem_intercon_imp_auto_pc_1_axi_protocol_converter_v2_1_37_a_axi3_conv/design_1_axi_mem_intercon_imp_auto_pc_1_axi_data_fifo_v2_1_36_axic_fifo/design_1_axi_mem_intercon_imp_auto_pc_1_axi_data_fifo_v2_1_36_fifo_gen/<hidden>/<hidden>/<hidden>/<hidden>/<hidden>/<hidden>
    SLICE_X52Y80         FDPE                                         f  design_1_wrapper/design_1/design_1_axi_mem_intercon_0/s02_couplers_imp_8NCF02/design_1_axi_mem_intercon_imp_auto_pc_1/design_1_axi_mem_intercon_imp_auto_pc_1_axi_protocol_converter_v2_1_37_axi_protocol_converter/design_1_axi_mem_intercon_imp_auto_pc_1_axi_protocol_converter_v2_1_37_axi3_conv/design_1_axi_mem_intercon_imp_auto_pc_1_axi_protocol_converter_v2_1_37_a_axi3_conv/design_1_axi_mem_intercon_imp_auto_pc_1_axi_data_fifo_v2_1_36_axic_fifo/design_1_axi_mem_intercon_imp_auto_pc_1_axi_data_fifo_v2_1_36_fifo_gen/<hidden>/<hidden>/<hidden>/<hidden>/<hidden>/<hidden>
  -------------------------------------------------------------------    -------------------

                         (clock clk_fpga_0 rise edge)
                                                     10.000    10.000 r  
    PS7_X0Y0             PS7                          0.000    10.000 r  design_1_i/processing_system7_0/inst/PS7_i/FCLKCLK[0]
                         net (fo=1, routed)           1.088    11.088    design_1_i/processing_system7_0/inst/FCLK_CLK_unbuffered[0]
    BUFGCTRL_X0Y16       BUFG (Prop_bufg_I_O)         0.091    11.179 r  design_1_i/processing_system7_0/inst/buffer_fclk_clk_0.FCLK_CLK_0_BUFG/O
                         net (fo=14851, routed)       1.455    12.634    design_1_wrapper/design_1/design_1_axi_mem_intercon_0/s02_couplers_imp_8NCF02/design_1_axi_mem_intercon_imp_auto_pc_1/design_1_axi_mem_intercon_imp_auto_pc_1_axi_protocol_converter_v2_1_37_axi_protocol_converter/design_1_axi_mem_intercon_imp_auto_pc_1_axi_protocol_converter_v2_1_37_axi3_conv/design_1_axi_mem_intercon_imp_auto_pc_1_axi_protocol_converter_v2_1_37_a_axi3_conv/design_1_axi_mem_intercon_imp_auto_pc_1_axi_data_fifo_v2_1_36_axic_fifo/design_1_axi_mem_intercon_imp_auto_pc_1_axi_data_fifo_v2_1_36_fifo_gen/<hidden>/<hidden>/<hidden>/<hidden>/<hidden>/<hidden>
    SLICE_X52Y80         FDPE                                         r  design_1_wrapper/design_1/design_1_axi_mem_intercon_0/s02_couplers_imp_8NCF02/design_1_axi_mem_intercon_imp_auto_pc_1/design_1_axi_mem_intercon_imp_auto_pc_1_axi_protocol_converter_v2_1_37_axi_protocol_converter/design_1_axi_mem_intercon_imp_auto_pc_1_axi_protocol_converter_v2_1_37_axi3_conv/design_1_axi_mem_intercon_imp_auto_pc_1_axi_protocol_converter_v2_1_37_a_axi3_conv/design_1_axi_mem_intercon_imp_auto_pc_1_axi_data_fifo_v2_1_36_axic_fifo/design_1_axi_mem_intercon_imp_auto_pc_1_axi_data_fifo_v2_1_36_fifo_gen/<hidden>/<hidden>/<hidden>/<hidden>/<hidden>/<hidden>
                         clock pessimism              0.129    12.763    
                         clock uncertainty           -0.154    12.609    
    SLICE_X52Y80         FDPE (Recov_fdpe_C_PRE)     -0.359    12.250    design_1_wrapper/design_1/design_1_axi_mem_intercon_0/s02_couplers_imp_8NCF02/design_1_axi_mem_intercon_imp_auto_pc_1/design_1_axi_mem_intercon_imp_auto_pc_1_axi_protocol_converter_v2_1_37_axi_protocol_converter/design_1_axi_mem_intercon_imp_auto_pc_1_axi_protocol_converter_v2_1_37_axi3_conv/design_1_axi_mem_intercon_imp_auto_pc_1_axi_protocol_converter_v2_1_37_a_axi3_conv/design_1_axi_mem_intercon_imp_auto_pc_1_axi_data_fifo_v2_1_36_axic_fifo/design_1_axi_mem_intercon_imp_auto_pc_1_axi_data_fifo_v2_1_36_fifo_gen/<hidden>/<hidden>/<hidden>/<hidden>/<hidden>/<hidden>
  -------------------------------------------------------------------
                         required time                         12.250    
                         arrival time                          -5.982    
  -------------------------------------------------------------------
                         slack                                  6.268    

Slack (MET) :             6.268ns  (required time - arrival time)
  Source:                 design_1_wrapper/design_1/design_1_axi_mem_intercon_0/s02_couplers_imp_8NCF02/design_1_axi_mem_intercon_imp_auto_pc_1/design_1_axi_mem_intercon_imp_auto_pc_1_axi_protocol_converter_v2_1_37_axi_protocol_converter/design_1_axi_mem_intercon_imp_auto_pc_1_axi_protocol_converter_v2_1_37_axi3_conv/design_1_axi_mem_intercon_imp_auto_pc_1_axi_protocol_converter_v2_1_37_a_axi3_conv/design_1_axi_mem_intercon_imp_auto_pc_1_axi_data_fifo_v2_1_36_axic_fifo/design_1_axi_mem_intercon_imp_auto_pc_1_axi_data_fifo_v2_1_36_fifo_gen/<hidden>/<hidden>/<hidden>/<hidden>/<hidden>
                            (rising edge-triggered cell FDRE clocked by clk_fpga_0  {rise@0.000ns fall@5.000ns period=10.000ns})
  Destination:            design_1_wrapper/design_1/design_1_axi_mem_intercon_0/s02_couplers_imp_8NCF02/design_1_axi_mem_intercon_imp_auto_pc_1/design_1_axi_mem_intercon_imp_auto_pc_1_axi_protocol_converter_v2_1_37_axi_protocol_converter/design_1_axi_mem_intercon_imp_auto_pc_1_axi_protocol_converter_v2_1_37_axi3_conv/design_1_axi_mem_intercon_imp_auto_pc_1_axi_protocol_converter_v2_1_37_a_axi3_conv/design_1_axi_mem_intercon_imp_auto_pc_1_axi_data_fifo_v2_1_36_axic_fifo/design_1_axi_mem_intercon_imp_auto_pc_1_axi_data_fifo_v2_1_36_fifo_gen/<hidden>/<hidden>/<hidden>/<hidden>/<hidden>/<hidden>
                            (recovery check against rising-edge clock clk_fpga_0  {rise@0.000ns fall@5.000ns period=10.000ns})
  Path Group:             **async_default**
  Path Type:              Recovery (Max at Slow Process Corner)
  Requirement:            10.000ns  (clk_fpga_0 rise@10.000ns - clk_fpga_0 rise@0.000ns)
  Data Path Delay:        3.045ns  (logic 0.580ns (19.050%)  route 2.465ns (80.950%))
  Logic Levels:           1  (LUT3=1)
  Clock Path Skew:        -0.174ns (DCD - SCD + CPR)
    Destination Clock Delay (DCD):    2.634ns = ( 12.634 - 10.000 ) 
    Source Clock Delay      (SCD):    2.937ns
    Clock Pessimism Removal (CPR):    0.129ns
  Clock Uncertainty:      0.154ns  ((TSJ^2 + TIJ^2)^1/2 + DJ) / 2 + PE
    Total System Jitter     (TSJ):    0.071ns
    Total Input Jitter      (TIJ):    0.300ns
    Discrete Jitter          (DJ):    0.000ns
    Phase Error              (PE):    0.000ns

    Location             Delay type                Incr(ns)  Path(ns)    Netlist Resource(s)
  -------------------------------------------------------------------    -------------------
                         (clock clk_fpga_0 rise edge)
                                                      0.000     0.000 r  
    PS7_X0Y0             PS7                          0.000     0.000 r  design_1_i/processing_system7_0/inst/PS7_i/FCLKCLK[0]
                         net (fo=1, routed)           1.193     1.193    design_1_i/processing_system7_0/inst/FCLK_CLK_unbuffered[0]
    BUFGCTRL_X0Y16       BUFG (Prop_bufg_I_O)         0.101     1.294 r  design_1_i/processing_system7_0/inst/buffer_fclk_clk_0.FCLK_CLK_0_BUFG/O
                         net (fo=14851, routed)       1.643     2.937    design_1_wrapper/design_1/design_1_axi_mem_intercon_0/s02_couplers_imp_8NCF02/design_1_axi_mem_intercon_imp_auto_pc_1/design_1_axi_mem_intercon_imp_auto_pc_1_axi_protocol_converter_v2_1_37_axi_protocol_converter/design_1_axi_mem_intercon_imp_auto_pc_1_axi_protocol_converter_v2_1_37_axi3_conv/design_1_axi_mem_intercon_imp_auto_pc_1_axi_protocol_converter_v2_1_37_a_axi3_conv/design_1_axi_mem_intercon_imp_auto_pc_1_axi_data_fifo_v2_1_36_axic_fifo/design_1_axi_mem_intercon_imp_auto_pc_1_axi_data_fifo_v2_1_36_fifo_gen/<hidden>/<hidden>/<hidden>/<hidden>/<hidden>
    SLICE_X44Y83         FDRE                                         r  design_1_wrapper/design_1/design_1_axi_mem_intercon_0/s02_couplers_imp_8NCF02/design_1_axi_mem_intercon_imp_auto_pc_1/design_1_axi_mem_intercon_imp_auto_pc_1_axi_protocol_converter_v2_1_37_axi_protocol_converter/design_1_axi_mem_intercon_imp_auto_pc_1_axi_protocol_converter_v2_1_37_axi3_conv/design_1_axi_mem_intercon_imp_auto_pc_1_axi_protocol_converter_v2_1_37_a_axi3_conv/design_1_axi_mem_intercon_imp_auto_pc_1_axi_data_fifo_v2_1_36_axic_fifo/design_1_axi_mem_intercon_imp_auto_pc_1_axi_data_fifo_v2_1_36_fifo_gen/<hidden>/<hidden>/<hidden>/<hidden>/<hidden>
  -------------------------------------------------------------------    -------------------
    SLICE_X44Y83         FDRE (Prop_fdre_C_Q)         0.456     3.393 f  design_1_wrapper/design_1/design_1_axi_mem_intercon_0/s02_couplers_imp_8NCF02/design_1_axi_mem_intercon_imp_auto_pc_1/design_1_axi_mem_intercon_imp_auto_pc_1_axi_protocol_converter_v2_1_37_axi_protocol_converter/design_1_axi_mem_intercon_imp_auto_pc_1_axi_protocol_converter_v2_1_37_axi3_conv/design_1_axi_mem_intercon_imp_auto_pc_1_axi_protocol_converter_v2_1_37_a_axi3_conv/design_1_axi_mem_intercon_imp_auto_pc_1_axi_data_fifo_v2_1_36_axic_fifo/design_1_axi_mem_intercon_imp_auto_pc_1_axi_data_fifo_v2_1_36_fifo_gen/<hidden>/<hidden>/<hidden>/<hidden>/<hidden>
                         net (fo=2, routed)           1.283     4.676    design_1_wrapper/design_1/design_1_axi_mem_intercon_0/s02_couplers_imp_8NCF02/design_1_axi_mem_intercon_imp_auto_pc_1/design_1_axi_mem_intercon_imp_auto_pc_1_axi_protocol_converter_v2_1_37_axi_protocol_converter/design_1_axi_mem_intercon_imp_auto_pc_1_axi_protocol_converter_v2_1_37_axi3_conv/design_1_axi_mem_intercon_imp_auto_pc_1_axi_protocol_converter_v2_1_37_a_axi3_conv/design_1_axi_mem_intercon_imp_auto_pc_1_axi_data_fifo_v2_1_36_axic_fifo/design_1_axi_mem_intercon_imp_auto_pc_1_axi_data_fifo_v2_1_36_fifo_gen/<hidden>/<hidden>/<hidden>/<hidden>/<hidden>
    SLICE_X46Y81         LUT3 (Prop_lut3_I1_O)        0.124     4.800 f  design_1_wrapper/design_1/design_1_axi_mem_intercon_0/s02_couplers_imp_8NCF02/design_1_axi_mem_intercon_imp_auto_pc_1/design_1_axi_mem_intercon_imp_auto_pc_1_axi_protocol_converter_v2_1_37_axi_protocol_converter/design_1_axi_mem_intercon_imp_auto_pc_1_axi_protocol_converter_v2_1_37_axi3_conv/design_1_axi_mem_intercon_imp_auto_pc_1_axi_protocol_converter_v2_1_37_a_axi3_conv/design_1_axi_mem_intercon_imp_auto_pc_1_axi_data_fifo_v2_1_36_axic_fifo/design_1_axi_mem_intercon_imp_auto_pc_1_axi_data_fifo_v2_1_36_fifo_gen/<hidden>/<hidden>/<hidden>/<hidden>/<hidden>
                         net (fo=33, routed)          1.182     5.982    design_1_wrapper/design_1/design_1_axi_mem_intercon_0/s02_couplers_imp_8NCF02/design_1_axi_mem_intercon_imp_auto_pc_1/design_1_axi_mem_intercon_imp_auto_pc_1_axi_protocol_converter_v2_1_37_axi_protocol_converter/design_1_axi_mem_intercon_imp_auto_pc_1_axi_protocol_converter_v2_1_37_axi3_conv/design_1_axi_mem_intercon_imp_auto_pc_1_axi_protocol_converter_v2_1_37_a_axi3_conv/design_1_axi_mem_intercon_imp_auto_pc_1_axi_data_fifo_v2_1_36_axic_fifo/design_1_axi_mem_intercon_imp_auto_pc_1_axi_data_fifo_v2_1_36_fifo_gen/<hidden>/<hidden>/<hidden>/<hidden>/<hidden>/<hidden>
    SLICE_X52Y80         FDPE                                         f  design_1_wrapper/design_1/design_1_axi_mem_intercon_0/s02_couplers_imp_8NCF02/design_1_axi_mem_intercon_imp_auto_pc_1/design_1_axi_mem_intercon_imp_auto_pc_1_axi_protocol_converter_v2_1_37_axi_protocol_converter/design_1_axi_mem_intercon_imp_auto_pc_1_axi_protocol_converter_v2_1_37_axi3_conv/design_1_axi_mem_intercon_imp_auto_pc_1_axi_protocol_converter_v2_1_37_a_axi3_conv/design_1_axi_mem_intercon_imp_auto_pc_1_axi_data_fifo_v2_1_36_axic_fifo/design_1_axi_mem_intercon_imp_auto_pc_1_axi_data_fifo_v2_1_36_fifo_gen/<hidden>/<hidden>/<hidden>/<hidden>/<hidden>/<hidden>
  -------------------------------------------------------------------    -------------------

                         (clock clk_fpga_0 rise edge)
                                                     10.000    10.000 r  
    PS7_X0Y0             PS7                          0.000    10.000 r  design_1_i/processing_system7_0/inst/PS7_i/FCLKCLK[0]
                         net (fo=1, routed)           1.088    11.088    design_1_i/processing_system7_0/inst/FCLK_CLK_unbuffered[0]
    BUFGCTRL_X0Y16       BUFG (Prop_bufg_I_O)         0.091    11.179 r  design_1_i/processing_system7_0/inst/buffer_fclk_clk_0.FCLK_CLK_0_BUFG/O
                         net (fo=14851, routed)       1.455    12.634    design_1_wrapper/design_1/design_1_axi_mem_intercon_0/s02_couplers_imp_8NCF02/design_1_axi_mem_intercon_imp_auto_pc_1/design_1_axi_mem_intercon_imp_auto_pc_1_axi_protocol_converter_v2_1_37_axi_protocol_converter/design_1_axi_mem_intercon_imp_auto_pc_1_axi_protocol_converter_v2_1_37_axi3_conv/design_1_axi_mem_intercon_imp_auto_pc_1_axi_protocol_converter_v2_1_37_a_axi3_conv/design_1_axi_mem_intercon_imp_auto_pc_1_axi_data_fifo_v2_1_36_axic_fifo/design_1_axi_mem_intercon_imp_auto_pc_1_axi_data_fifo_v2_1_36_fifo_gen/<hidden>/<hidden>/<hidden>/<hidden>/<hidden>/<hidden>
    SLICE_X52Y80         FDPE                                         r  design_1_wrapper/design_1/design_1_axi_mem_intercon_0/s02_couplers_imp_8NCF02/design_1_axi_mem_intercon_imp_auto_pc_1/design_1_axi_mem_intercon_imp_auto_pc_1_axi_protocol_converter_v2_1_37_axi_protocol_converter/design_1_axi_mem_intercon_imp_auto_pc_1_axi_protocol_converter_v2_1_37_axi3_conv/design_1_axi_mem_intercon_imp_auto_pc_1_axi_protocol_converter_v2_1_37_a_axi3_conv/design_1_axi_mem_intercon_imp_auto_pc_1_axi_data_fifo_v2_1_36_axic_fifo/design_1_axi_mem_intercon_imp_auto_pc_1_axi_data_fifo_v2_1_36_fifo_gen/<hidden>/<hidden>/<hidden>/<hidden>/<hidden>/<hidden>
                         clock pessimism              0.129    12.763    
                         clock uncertainty           -0.154    12.609    
    SLICE_X52Y80         FDPE (Recov_fdpe_C_PRE)     -0.359    12.250    design_1_wrapper/design_1/design_1_axi_mem_intercon_0/s02_couplers_imp_8NCF02/design_1_axi_mem_intercon_imp_auto_pc_1/design_1_axi_mem_intercon_imp_auto_pc_1_axi_protocol_converter_v2_1_37_axi_protocol_converter/design_1_axi_mem_intercon_imp_auto_pc_1_axi_protocol_converter_v2_1_37_axi3_conv/design_1_axi_mem_intercon_imp_auto_pc_1_axi_protocol_converter_v2_1_37_a_axi3_conv/design_1_axi_mem_intercon_imp_auto_pc_1_axi_data_fifo_v2_1_36_axic_fifo/design_1_axi_mem_intercon_imp_auto_pc_1_axi_data_fifo_v2_1_36_fifo_gen/<hidden>/<hidden>/<hidden>/<hidden>/<hidden>/<hidden>
  -------------------------------------------------------------------
                         required time                         12.250    
                         arrival time                          -5.982    
  -------------------------------------------------------------------
                         slack                                  6.268    

Slack (MET) :             6.384ns  (required time - arrival time)
  Source:                 design_1_wrapper/design_1/design_1_axi_mem_intercon_0/s02_couplers_imp_8NCF02/design_1_axi_mem_intercon_imp_auto_pc_1/design_1_axi_mem_intercon_imp_auto_pc_1_axi_protocol_converter_v2_1_37_axi_protocol_converter/design_1_axi_mem_intercon_imp_auto_pc_1_axi_protocol_converter_v2_1_37_axi3_conv/design_1_axi_mem_intercon_imp_auto_pc_1_axi_protocol_converter_v2_1_37_a_axi3_conv/design_1_axi_mem_intercon_imp_auto_pc_1_axi_data_fifo_v2_1_36_axic_fifo/design_1_axi_mem_intercon_imp_auto_pc_1_axi_data_fifo_v2_1_36_fifo_gen/<hidden>/<hidden>/<hidden>/<hidden>/<hidden>
                            (rising edge-triggered cell FDRE clocked by clk_fpga_0  {rise@0.000ns fall@5.000ns period=10.000ns})
  Destination:            design_1_wrapper/design_1/design_1_axi_mem_intercon_0/s02_couplers_imp_8NCF02/design_1_axi_mem_intercon_imp_auto_pc_1/design_1_axi_mem_intercon_imp_auto_pc_1_axi_protocol_converter_v2_1_37_axi_protocol_converter/design_1_axi_mem_intercon_imp_auto_pc_1_axi_protocol_converter_v2_1_37_axi3_conv/design_1_axi_mem_intercon_imp_auto_pc_1_axi_protocol_converter_v2_1_37_a_axi3_conv/design_1_axi_mem_intercon_imp_auto_pc_1_axi_data_fifo_v2_1_36_axic_fifo/design_1_axi_mem_intercon_imp_auto_pc_1_axi_data_fifo_v2_1_36_fifo_gen/<hidden>/<hidden>/<hidden>/<hidden>/<hidden>/<hidden>
                            (recovery check against rising-edge clock clk_fpga_0  {rise@0.000ns fall@5.000ns period=10.000ns})
  Path Group:             **async_default**
  Path Type:              Recovery (Max at Slow Process Corner)
  Requirement:            10.000ns  (clk_fpga_0 rise@10.000ns - clk_fpga_0 rise@0.000ns)
  Data Path Delay:        2.884ns  (logic 0.580ns (20.113%)  route 2.304ns (79.887%))
  Logic Levels:           1  (LUT3=1)
  Clock Path Skew:        -0.173ns (DCD - SCD + CPR)
    Destination Clock Delay (DCD):    2.635ns = ( 12.635 - 10.000 ) 
    Source Clock Delay      (SCD):    2.937ns
    Clock Pessimism Removal (CPR):    0.129ns
  Clock Uncertainty:      0.154ns  ((TSJ^2 + TIJ^2)^1/2 + DJ) / 2 + PE
    Total System Jitter     (TSJ):    0.071ns
    Total Input Jitter      (TIJ):    0.300ns
    Discrete Jitter          (DJ):    0.000ns
    Phase Error              (PE):    0.000ns

    Location             Delay type                Incr(ns)  Path(ns)    Netlist Resource(s)
  -------------------------------------------------------------------    -------------------
                         (clock clk_fpga_0 rise edge)
                                                      0.000     0.000 r  
    PS7_X0Y0             PS7                          0.000     0.000 r  design_1_i/processing_system7_0/inst/PS7_i/FCLKCLK[0]
                         net (fo=1, routed)           1.193     1.193    design_1_i/processing_system7_0/inst/FCLK_CLK_unbuffered[0]
    BUFGCTRL_X0Y16       BUFG (Prop_bufg_I_O)         0.101     1.294 r  design_1_i/processing_system7_0/inst/buffer_fclk_clk_0.FCLK_CLK_0_BUFG/O
                         net (fo=14851, routed)       1.643     2.937    design_1_wrapper/design_1/design_1_axi_mem_intercon_0/s02_couplers_imp_8NCF02/design_1_axi_mem_intercon_imp_auto_pc_1/design_1_axi_mem_intercon_imp_auto_pc_1_axi_protocol_converter_v2_1_37_axi_protocol_converter/design_1_axi_mem_intercon_imp_auto_pc_1_axi_protocol_converter_v2_1_37_axi3_conv/design_1_axi_mem_intercon_imp_auto_pc_1_axi_protocol_converter_v2_1_37_a_axi3_conv/design_1_axi_mem_intercon_imp_auto_pc_1_axi_data_fifo_v2_1_36_axic_fifo/design_1_axi_mem_intercon_imp_auto_pc_1_axi_data_fifo_v2_1_36_fifo_gen/<hidden>/<hidden>/<hidden>/<hidden>/<hidden>
    SLICE_X44Y83         FDRE                                         r  design_1_wrapper/design_1/design_1_axi_mem_intercon_0/s02_couplers_imp_8NCF02/design_1_axi_mem_intercon_imp_auto_pc_1/design_1_axi_mem_intercon_imp_auto_pc_1_axi_protocol_converter_v2_1_37_axi_protocol_converter/design_1_axi_mem_intercon_imp_auto_pc_1_axi_protocol_converter_v2_1_37_axi3_conv/design_1_axi_mem_intercon_imp_auto_pc_1_axi_protocol_converter_v2_1_37_a_axi3_conv/design_1_axi_mem_intercon_imp_auto_pc_1_axi_data_fifo_v2_1_36_axic_fifo/design_1_axi_mem_intercon_imp_auto_pc_1_axi_data_fifo_v2_1_36_fifo_gen/<hidden>/<hidden>/<hidden>/<hidden>/<hidden>
  -------------------------------------------------------------------    -------------------
    SLICE_X44Y83         FDRE (Prop_fdre_C_Q)         0.456     3.393 f  design_1_wrapper/design_1/design_1_axi_mem_intercon_0/s02_couplers_imp_8NCF02/design_1_axi_mem_intercon_imp_auto_pc_1/design_1_axi_mem_intercon_imp_auto_pc_1_axi_protocol_converter_v2_1_37_axi_protocol_converter/design_1_axi_mem_intercon_imp_auto_pc_1_axi_protocol_converter_v2_1_37_axi3_conv/design_1_axi_mem_intercon_imp_auto_pc_1_axi_protocol_converter_v2_1_37_a_axi3_conv/design_1_axi_mem_intercon_imp_auto_pc_1_axi_data_fifo_v2_1_36_axic_fifo/design_1_axi_mem_intercon_imp_auto_pc_1_axi_data_fifo_v2_1_36_fifo_gen/<hidden>/<hidden>/<hidden>/<hidden>/<hidden>
                         net (fo=2, routed)           1.283     4.676    design_1_wrapper/design_1/design_1_axi_mem_intercon_0/s02_couplers_imp_8NCF02/design_1_axi_mem_intercon_imp_auto_pc_1/design_1_axi_mem_intercon_imp_auto_pc_1_axi_protocol_converter_v2_1_37_axi_protocol_converter/design_1_axi_mem_intercon_imp_auto_pc_1_axi_protocol_converter_v2_1_37_axi3_conv/design_1_axi_mem_intercon_imp_auto_pc_1_axi_protocol_converter_v2_1_37_a_axi3_conv/design_1_axi_mem_intercon_imp_auto_pc_1_axi_data_fifo_v2_1_36_axic_fifo/design_1_axi_mem_intercon_imp_auto_pc_1_axi_data_fifo_v2_1_36_fifo_gen/<hidden>/<hidden>/<hidden>/<hidden>/<hidden>
    SLICE_X46Y81         LUT3 (Prop_lut3_I1_O)        0.124     4.800 f  design_1_wrapper/design_1/design_1_axi_mem_intercon_0/s02_couplers_imp_8NCF02/design_1_axi_mem_intercon_imp_auto_pc_1/design_1_axi_mem_intercon_imp_auto_pc_1_axi_protocol_converter_v2_1_37_axi_protocol_converter/design_1_axi_mem_intercon_imp_auto_pc_1_axi_protocol_converter_v2_1_37_axi3_conv/design_1_axi_mem_intercon_imp_auto_pc_1_axi_protocol_converter_v2_1_37_a_axi3_conv/design_1_axi_mem_intercon_imp_auto_pc_1_axi_data_fifo_v2_1_36_axic_fifo/design_1_axi_mem_intercon_imp_auto_pc_1_axi_data_fifo_v2_1_36_fifo_gen/<hidden>/<hidden>/<hidden>/<hidden>/<hidden>
                         net (fo=33, routed)          1.021     5.821    design_1_wrapper/design_1/design_1_axi_mem_intercon_0/s02_couplers_imp_8NCF02/design_1_axi_mem_intercon_imp_auto_pc_1/design_1_axi_mem_intercon_imp_auto_pc_1_axi_protocol_converter_v2_1_37_axi_protocol_converter/design_1_axi_mem_intercon_imp_auto_pc_1_axi_protocol_converter_v2_1_37_axi3_conv/design_1_axi_mem_intercon_imp_auto_pc_1_axi_protocol_converter_v2_1_37_a_axi3_conv/design_1_axi_mem_intercon_imp_auto_pc_1_axi_data_fifo_v2_1_36_axic_fifo/design_1_axi_mem_intercon_imp_auto_pc_1_axi_data_fifo_v2_1_36_fifo_gen/<hidden>/<hidden>/<hidden>/<hidden>/<hidden>/<hidden>
    SLICE_X53Y81         FDCE                                         f  design_1_wrapper/design_1/design_1_axi_mem_intercon_0/s02_couplers_imp_8NCF02/design_1_axi_mem_intercon_imp_auto_pc_1/design_1_axi_mem_intercon_imp_auto_pc_1_axi_protocol_converter_v2_1_37_axi_protocol_converter/design_1_axi_mem_intercon_imp_auto_pc_1_axi_protocol_converter_v2_1_37_axi3_conv/design_1_axi_mem_intercon_imp_auto_pc_1_axi_protocol_converter_v2_1_37_a_axi3_conv/design_1_axi_mem_intercon_imp_auto_pc_1_axi_data_fifo_v2_1_36_axic_fifo/design_1_axi_mem_intercon_imp_auto_pc_1_axi_data_fifo_v2_1_36_fifo_gen/<hidden>/<hidden>/<hidden>/<hidden>/<hidden>/<hidden>
  -------------------------------------------------------------------    -------------------

                         (clock clk_fpga_0 rise edge)
                                                     10.000    10.000 r  
    PS7_X0Y0             PS7                          0.000    10.000 r  design_1_i/processing_system7_0/inst/PS7_i/FCLKCLK[0]
                         net (fo=1, routed)           1.088    11.088    design_1_i/processing_system7_0/inst/FCLK_CLK_unbuffered[0]
    BUFGCTRL_X0Y16       BUFG (Prop_bufg_I_O)         0.091    11.179 r  design_1_i/processing_system7_0/inst/buffer_fclk_clk_0.FCLK_CLK_0_BUFG/O
                         net (fo=14851, routed)       1.456    12.635    design_1_wrapper/design_1/design_1_axi_mem_intercon_0/s02_couplers_imp_8NCF02/design_1_axi_mem_intercon_imp_auto_pc_1/design_1_axi_mem_intercon_imp_auto_pc_1_axi_protocol_converter_v2_1_37_axi_protocol_converter/design_1_axi_mem_intercon_imp_auto_pc_1_axi_protocol_converter_v2_1_37_axi3_conv/design_1_axi_mem_intercon_imp_auto_pc_1_axi_protocol_converter_v2_1_37_a_axi3_conv/design_1_axi_mem_intercon_imp_auto_pc_1_axi_data_fifo_v2_1_36_axic_fifo/design_1_axi_mem_intercon_imp_auto_pc_1_axi_data_fifo_v2_1_36_fifo_gen/<hidden>/<hidden>/<hidden>/<hidden>/<hidden>/<hidden>
    SLICE_X53Y81         FDCE                                         r  design_1_wrapper/design_1/design_1_axi_mem_intercon_0/s02_couplers_imp_8NCF02/design_1_axi_mem_intercon_imp_auto_pc_1/design_1_axi_mem_intercon_imp_auto_pc_1_axi_protocol_converter_v2_1_37_axi_protocol_converter/design_1_axi_mem_intercon_imp_auto_pc_1_axi_protocol_converter_v2_1_37_axi3_conv/design_1_axi_mem_intercon_imp_auto_pc_1_axi_protocol_converter_v2_1_37_a_axi3_conv/design_1_axi_mem_intercon_imp_auto_pc_1_axi_data_fifo_v2_1_36_axic_fifo/design_1_axi_mem_intercon_imp_auto_pc_1_axi_data_fifo_v2_1_36_fifo_gen/<hidden>/<hidden>/<hidden>/<hidden>/<hidden>/<hidden>
                         clock pessimism              0.129    12.764    
                         clock uncertainty           -0.154    12.610    
    SLICE_X53Y81         FDCE (Recov_fdce_C_CLR)     -0.405    12.205    design_1_wrapper/design_1/design_1_axi_mem_intercon_0/s02_couplers_imp_8NCF02/design_1_axi_mem_intercon_imp_auto_pc_1/design_1_axi_mem_intercon_imp_auto_pc_1_axi_protocol_converter_v2_1_37_axi_protocol_converter/design_1_axi_mem_intercon_imp_auto_pc_1_axi_protocol_converter_v2_1_37_axi3_conv/design_1_axi_mem_intercon_imp_auto_pc_1_axi_protocol_converter_v2_1_37_a_axi3_conv/design_1_axi_mem_intercon_imp_auto_pc_1_axi_data_fifo_v2_1_36_axic_fifo/design_1_axi_mem_intercon_imp_auto_pc_1_axi_data_fifo_v2_1_36_fifo_gen/<hidden>/<hidden>/<hidden>/<hidden>/<hidden>/<hidden>
  -------------------------------------------------------------------
                         required time                         12.205    
                         arrival time                          -5.821    
  -------------------------------------------------------------------
                         slack                                  6.384    

Slack (MET) :             6.384ns  (required time - arrival time)
  Source:                 design_1_wrapper/design_1/design_1_axi_mem_intercon_0/s02_couplers_imp_8NCF02/design_1_axi_mem_intercon_imp_auto_pc_1/design_1_axi_mem_intercon_imp_auto_pc_1_axi_protocol_converter_v2_1_37_axi_protocol_converter/design_1_axi_mem_intercon_imp_auto_pc_1_axi_protocol_converter_v2_1_37_axi3_conv/design_1_axi_mem_intercon_imp_auto_pc_1_axi_protocol_converter_v2_1_37_a_axi3_conv/design_1_axi_mem_intercon_imp_auto_pc_1_axi_data_fifo_v2_1_36_axic_fifo/design_1_axi_mem_intercon_imp_auto_pc_1_axi_data_fifo_v2_1_36_fifo_gen/<hidden>/<hidden>/<hidden>/<hidden>/<hidden>
                            (rising edge-triggered cell FDRE clocked by clk_fpga_0  {rise@0.000ns fall@5.000ns period=10.000ns})
  Destination:            design_1_wrapper/design_1/design_1_axi_mem_intercon_0/s02_couplers_imp_8NCF02/design_1_axi_mem_intercon_imp_auto_pc_1/design_1_axi_mem_intercon_imp_auto_pc_1_axi_protocol_converter_v2_1_37_axi_protocol_converter/design_1_axi_mem_intercon_imp_auto_pc_1_axi_protocol_converter_v2_1_37_axi3_conv/design_1_axi_mem_intercon_imp_auto_pc_1_axi_protocol_converter_v2_1_37_a_axi3_conv/design_1_axi_mem_intercon_imp_auto_pc_1_axi_data_fifo_v2_1_36_axic_fifo/design_1_axi_mem_intercon_imp_auto_pc_1_axi_data_fifo_v2_1_36_fifo_gen/<hidden>/<hidden>/<hidden>/<hidden>/<hidden>/<hidden>
                            (recovery check against rising-edge clock clk_fpga_0  {rise@0.000ns fall@5.000ns period=10.000ns})
  Path Group:             **async_default**
  Path Type:              Recovery (Max at Slow Process Corner)
  Requirement:            10.000ns  (clk_fpga_0 rise@10.000ns - clk_fpga_0 rise@0.000ns)
  Data Path Delay:        2.884ns  (logic 0.580ns (20.113%)  route 2.304ns (79.887%))
  Logic Levels:           1  (LUT3=1)
  Clock Path Skew:        -0.173ns (DCD - SCD + CPR)
    Destination Clock Delay (DCD):    2.635ns = ( 12.635 - 10.000 ) 
    Source Clock Delay      (SCD):    2.937ns
    Clock Pessimism Removal (CPR):    0.129ns
  Clock Uncertainty:      0.154ns  ((TSJ^2 + TIJ^2)^1/2 + DJ) / 2 + PE
    Total System Jitter     (TSJ):    0.071ns
    Total Input Jitter      (TIJ):    0.300ns
    Discrete Jitter          (DJ):    0.000ns
    Phase Error              (PE):    0.000ns

    Location             Delay type                Incr(ns)  Path(ns)    Netlist Resource(s)
  -------------------------------------------------------------------    -------------------
                         (clock clk_fpga_0 rise edge)
                                                      0.000     0.000 r  
    PS7_X0Y0             PS7                          0.000     0.000 r  design_1_i/processing_system7_0/inst/PS7_i/FCLKCLK[0]
                         net (fo=1, routed)           1.193     1.193    design_1_i/processing_system7_0/inst/FCLK_CLK_unbuffered[0]
    BUFGCTRL_X0Y16       BUFG (Prop_bufg_I_O)         0.101     1.294 r  design_1_i/processing_system7_0/inst/buffer_fclk_clk_0.FCLK_CLK_0_BUFG/O
                         net (fo=14851, routed)       1.643     2.937    design_1_wrapper/design_1/design_1_axi_mem_intercon_0/s02_couplers_imp_8NCF02/design_1_axi_mem_intercon_imp_auto_pc_1/design_1_axi_mem_intercon_imp_auto_pc_1_axi_protocol_converter_v2_1_37_axi_protocol_converter/design_1_axi_mem_intercon_imp_auto_pc_1_axi_protocol_converter_v2_1_37_axi3_conv/design_1_axi_mem_intercon_imp_auto_pc_1_axi_protocol_converter_v2_1_37_a_axi3_conv/design_1_axi_mem_intercon_imp_auto_pc_1_axi_data_fifo_v2_1_36_axic_fifo/design_1_axi_mem_intercon_imp_auto_pc_1_axi_data_fifo_v2_1_36_fifo_gen/<hidden>/<hidden>/<hidden>/<hidden>/<hidden>
    SLICE_X44Y83         FDRE                                         r  design_1_wrapper/design_1/design_1_axi_mem_intercon_0/s02_couplers_imp_8NCF02/design_1_axi_mem_intercon_imp_auto_pc_1/design_1_axi_mem_intercon_imp_auto_pc_1_axi_protocol_converter_v2_1_37_axi_protocol_converter/design_1_axi_mem_intercon_imp_auto_pc_1_axi_protocol_converter_v2_1_37_axi3_conv/design_1_axi_mem_intercon_imp_auto_pc_1_axi_protocol_converter_v2_1_37_a_axi3_conv/design_1_axi_mem_intercon_imp_auto_pc_1_axi_data_fifo_v2_1_36_axic_fifo/design_1_axi_mem_intercon_imp_auto_pc_1_axi_data_fifo_v2_1_36_fifo_gen/<hidden>/<hidden>/<hidden>/<hidden>/<hidden>
  -------------------------------------------------------------------    -------------------
    SLICE_X44Y83         FDRE (Prop_fdre_C_Q)         0.456     3.393 f  design_1_wrapper/design_1/design_1_axi_mem_intercon_0/s02_couplers_imp_8NCF02/design_1_axi_mem_intercon_imp_auto_pc_1/design_1_axi_mem_intercon_imp_auto_pc_1_axi_protocol_converter_v2_1_37_axi_protocol_converter/design_1_axi_mem_intercon_imp_auto_pc_1_axi_protocol_converter_v2_1_37_axi3_conv/design_1_axi_mem_intercon_imp_auto_pc_1_axi_protocol_converter_v2_1_37_a_axi3_conv/design_1_axi_mem_intercon_imp_auto_pc_1_axi_data_fifo_v2_1_36_axic_fifo/design_1_axi_mem_intercon_imp_auto_pc_1_axi_data_fifo_v2_1_36_fifo_gen/<hidden>/<hidden>/<hidden>/<hidden>/<hidden>
                         net (fo=2, routed)           1.283     4.676    design_1_wrapper/design_1/design_1_axi_mem_intercon_0/s02_couplers_imp_8NCF02/design_1_axi_mem_intercon_imp_auto_pc_1/design_1_axi_mem_intercon_imp_auto_pc_1_axi_protocol_converter_v2_1_37_axi_protocol_converter/design_1_axi_mem_intercon_imp_auto_pc_1_axi_protocol_converter_v2_1_37_axi3_conv/design_1_axi_mem_intercon_imp_auto_pc_1_axi_protocol_converter_v2_1_37_a_axi3_conv/design_1_axi_mem_intercon_imp_auto_pc_1_axi_data_fifo_v2_1_36_axic_fifo/design_1_axi_mem_intercon_imp_auto_pc_1_axi_data_fifo_v2_1_36_fifo_gen/<hidden>/<hidden>/<hidden>/<hidden>/<hidden>
    SLICE_X46Y81         LUT3 (Prop_lut3_I1_O)        0.124     4.800 f  design_1_wrapper/design_1/design_1_axi_mem_intercon_0/s02_couplers_imp_8NCF02/design_1_axi_mem_intercon_imp_auto_pc_1/design_1_axi_mem_intercon_imp_auto_pc_1_axi_protocol_converter_v2_1_37_axi_protocol_converter/design_1_axi_mem_intercon_imp_auto_pc_1_axi_protocol_converter_v2_1_37_axi3_conv/design_1_axi_mem_intercon_imp_auto_pc_1_axi_protocol_converter_v2_1_37_a_axi3_conv/design_1_axi_mem_intercon_imp_auto_pc_1_axi_data_fifo_v2_1_36_axic_fifo/design_1_axi_mem_intercon_imp_auto_pc_1_axi_data_fifo_v2_1_36_fifo_gen/<hidden>/<hidden>/<hidden>/<hidden>/<hidden>
                         net (fo=33, routed)          1.021     5.821    design_1_wrapper/design_1/design_1_axi_mem_intercon_0/s02_couplers_imp_8NCF02/design_1_axi_mem_intercon_imp_auto_pc_1/design_1_axi_mem_intercon_imp_auto_pc_1_axi_protocol_converter_v2_1_37_axi_protocol_converter/design_1_axi_mem_intercon_imp_auto_pc_1_axi_protocol_converter_v2_1_37_axi3_conv/design_1_axi_mem_intercon_imp_auto_pc_1_axi_protocol_converter_v2_1_37_a_axi3_conv/design_1_axi_mem_intercon_imp_auto_pc_1_axi_data_fifo_v2_1_36_axic_fifo/design_1_axi_mem_intercon_imp_auto_pc_1_axi_data_fifo_v2_1_36_fifo_gen/<hidden>/<hidden>/<hidden>/<hidden>/<hidden>/<hidden>
    SLICE_X53Y81         FDCE                                         f  design_1_wrapper/design_1/design_1_axi_mem_intercon_0/s02_couplers_imp_8NCF02/design_1_axi_mem_intercon_imp_auto_pc_1/design_1_axi_mem_intercon_imp_auto_pc_1_axi_protocol_converter_v2_1_37_axi_protocol_converter/design_1_axi_mem_intercon_imp_auto_pc_1_axi_protocol_converter_v2_1_37_axi3_conv/design_1_axi_mem_intercon_imp_auto_pc_1_axi_protocol_converter_v2_1_37_a_axi3_conv/design_1_axi_mem_intercon_imp_auto_pc_1_axi_data_fifo_v2_1_36_axic_fifo/design_1_axi_mem_intercon_imp_auto_pc_1_axi_data_fifo_v2_1_36_fifo_gen/<hidden>/<hidden>/<hidden>/<hidden>/<hidden>/<hidden>
  -------------------------------------------------------------------    -------------------

                         (clock clk_fpga_0 rise edge)
                                                     10.000    10.000 r  
    PS7_X0Y0             PS7                          0.000    10.000 r  design_1_i/processing_system7_0/inst/PS7_i/FCLKCLK[0]
                         net (fo=1, routed)           1.088    11.088    design_1_i/processing_system7_0/inst/FCLK_CLK_unbuffered[0]
    BUFGCTRL_X0Y16       BUFG (Prop_bufg_I_O)         0.091    11.179 r  design_1_i/processing_system7_0/inst/buffer_fclk_clk_0.FCLK_CLK_0_BUFG/O
                         net (fo=14851, routed)       1.456    12.635    design_1_wrapper/design_1/design_1_axi_mem_intercon_0/s02_couplers_imp_8NCF02/design_1_axi_mem_intercon_imp_auto_pc_1/design_1_axi_mem_intercon_imp_auto_pc_1_axi_protocol_converter_v2_1_37_axi_protocol_converter/design_1_axi_mem_intercon_imp_auto_pc_1_axi_protocol_converter_v2_1_37_axi3_conv/design_1_axi_mem_intercon_imp_auto_pc_1_axi_protocol_converter_v2_1_37_a_axi3_conv/design_1_axi_mem_intercon_imp_auto_pc_1_axi_data_fifo_v2_1_36_axic_fifo/design_1_axi_mem_intercon_imp_auto_pc_1_axi_data_fifo_v2_1_36_fifo_gen/<hidden>/<hidden>/<hidden>/<hidden>/<hidden>/<hidden>
    SLICE_X53Y81         FDCE                                         r  design_1_wrapper/design_1/design_1_axi_mem_intercon_0/s02_couplers_imp_8NCF02/design_1_axi_mem_intercon_imp_auto_pc_1/design_1_axi_mem_intercon_imp_auto_pc_1_axi_protocol_converter_v2_1_37_axi_protocol_converter/design_1_axi_mem_intercon_imp_auto_pc_1_axi_protocol_converter_v2_1_37_axi3_conv/design_1_axi_mem_intercon_imp_auto_pc_1_axi_protocol_converter_v2_1_37_a_axi3_conv/design_1_axi_mem_intercon_imp_auto_pc_1_axi_data_fifo_v2_1_36_axic_fifo/design_1_axi_mem_intercon_imp_auto_pc_1_axi_data_fifo_v2_1_36_fifo_gen/<hidden>/<hidden>/<hidden>/<hidden>/<hidden>/<hidden>
                         clock pessimism              0.129    12.764    
                         clock uncertainty           -0.154    12.610    
    SLICE_X53Y81         FDCE (Recov_fdce_C_CLR)     -0.405    12.205    design_1_wrapper/design_1/design_1_axi_mem_intercon_0/s02_couplers_imp_8NCF02/design_1_axi_mem_intercon_imp_auto_pc_1/design_1_axi_mem_intercon_imp_auto_pc_1_axi_protocol_converter_v2_1_37_axi_protocol_converter/design_1_axi_mem_intercon_imp_auto_pc_1_axi_protocol_converter_v2_1_37_axi3_conv/design_1_axi_mem_intercon_imp_auto_pc_1_axi_protocol_converter_v2_1_37_a_axi3_conv/design_1_axi_mem_intercon_imp_auto_pc_1_axi_data_fifo_v2_1_36_axic_fifo/design_1_axi_mem_intercon_imp_auto_pc_1_axi_data_fifo_v2_1_36_fifo_gen/<hidden>/<hidden>/<hidden>/<hidden>/<hidden>/<hidden>
  -------------------------------------------------------------------
                         required time                         12.205    
                         arrival time                          -5.821    
  -------------------------------------------------------------------
                         slack                                  6.384    

Slack (MET) :             6.384ns  (required time - arrival time)
  Source:                 design_1_wrapper/design_1/design_1_axi_mem_intercon_0/s02_couplers_imp_8NCF02/design_1_axi_mem_intercon_imp_auto_pc_1/design_1_axi_mem_intercon_imp_auto_pc_1_axi_protocol_converter_v2_1_37_axi_protocol_converter/design_1_axi_mem_intercon_imp_auto_pc_1_axi_protocol_converter_v2_1_37_axi3_conv/design_1_axi_mem_intercon_imp_auto_pc_1_axi_protocol_converter_v2_1_37_a_axi3_conv/design_1_axi_mem_intercon_imp_auto_pc_1_axi_data_fifo_v2_1_36_axic_fifo/design_1_axi_mem_intercon_imp_auto_pc_1_axi_data_fifo_v2_1_36_fifo_gen/<hidden>/<hidden>/<hidden>/<hidden>/<hidden>
                            (rising edge-triggered cell FDRE clocked by clk_fpga_0  {rise@0.000ns fall@5.000ns period=10.000ns})
  Destination:            design_1_wrapper/design_1/design_1_axi_mem_intercon_0/s02_couplers_imp_8NCF02/design_1_axi_mem_intercon_imp_auto_pc_1/design_1_axi_mem_intercon_imp_auto_pc_1_axi_protocol_converter_v2_1_37_axi_protocol_converter/design_1_axi_mem_intercon_imp_auto_pc_1_axi_protocol_converter_v2_1_37_axi3_conv/design_1_axi_mem_intercon_imp_auto_pc_1_axi_protocol_converter_v2_1_37_a_axi3_conv/design_1_axi_mem_intercon_imp_auto_pc_1_axi_data_fifo_v2_1_36_axic_fifo/design_1_axi_mem_intercon_imp_auto_pc_1_axi_data_fifo_v2_1_36_fifo_gen/<hidden>/<hidden>/<hidden>/<hidden>/<hidden>/<hidden>
                            (recovery check against rising-edge clock clk_fpga_0  {rise@0.000ns fall@5.000ns period=10.000ns})
  Path Group:             **async_default**
  Path Type:              Recovery (Max at Slow Process Corner)
  Requirement:            10.000ns  (clk_fpga_0 rise@10.000ns - clk_fpga_0 rise@0.000ns)
  Data Path Delay:        2.884ns  (logic 0.580ns (20.113%)  route 2.304ns (79.887%))
  Logic Levels:           1  (LUT3=1)
  Clock Path Skew:        -0.173ns (DCD - SCD + CPR)
    Destination Clock Delay (DCD):    2.635ns = ( 12.635 - 10.000 ) 
    Source Clock Delay      (SCD):    2.937ns
    Clock Pessimism Removal (CPR):    0.129ns
  Clock Uncertainty:      0.154ns  ((TSJ^2 + TIJ^2)^1/2 + DJ) / 2 + PE
    Total System Jitter     (TSJ):    0.071ns
    Total Input Jitter      (TIJ):    0.300ns
    Discrete Jitter          (DJ):    0.000ns
    Phase Error              (PE):    0.000ns

    Location             Delay type                Incr(ns)  Path(ns)    Netlist Resource(s)
  -------------------------------------------------------------------    -------------------
                         (clock clk_fpga_0 rise edge)
                                                      0.000     0.000 r  
    PS7_X0Y0             PS7                          0.000     0.000 r  design_1_i/processing_system7_0/inst/PS7_i/FCLKCLK[0]
                         net (fo=1, routed)           1.193     1.193    design_1_i/processing_system7_0/inst/FCLK_CLK_unbuffered[0]
    BUFGCTRL_X0Y16       BUFG (Prop_bufg_I_O)         0.101     1.294 r  design_1_i/processing_system7_0/inst/buffer_fclk_clk_0.FCLK_CLK_0_BUFG/O
                         net (fo=14851, routed)       1.643     2.937    design_1_wrapper/design_1/design_1_axi_mem_intercon_0/s02_couplers_imp_8NCF02/design_1_axi_mem_intercon_imp_auto_pc_1/design_1_axi_mem_intercon_imp_auto_pc_1_axi_protocol_converter_v2_1_37_axi_protocol_converter/design_1_axi_mem_intercon_imp_auto_pc_1_axi_protocol_converter_v2_1_37_axi3_conv/design_1_axi_mem_intercon_imp_auto_pc_1_axi_protocol_converter_v2_1_37_a_axi3_conv/design_1_axi_mem_intercon_imp_auto_pc_1_axi_data_fifo_v2_1_36_axic_fifo/design_1_axi_mem_intercon_imp_auto_pc_1_axi_data_fifo_v2_1_36_fifo_gen/<hidden>/<hidden>/<hidden>/<hidden>/<hidden>
    SLICE_X44Y83         FDRE                                         r  design_1_wrapper/design_1/design_1_axi_mem_intercon_0/s02_couplers_imp_8NCF02/design_1_axi_mem_intercon_imp_auto_pc_1/design_1_axi_mem_intercon_imp_auto_pc_1_axi_protocol_converter_v2_1_37_axi_protocol_converter/design_1_axi_mem_intercon_imp_auto_pc_1_axi_protocol_converter_v2_1_37_axi3_conv/design_1_axi_mem_intercon_imp_auto_pc_1_axi_protocol_converter_v2_1_37_a_axi3_conv/design_1_axi_mem_intercon_imp_auto_pc_1_axi_data_fifo_v2_1_36_axic_fifo/design_1_axi_mem_intercon_imp_auto_pc_1_axi_data_fifo_v2_1_36_fifo_gen/<hidden>/<hidden>/<hidden>/<hidden>/<hidden>
  -------------------------------------------------------------------    -------------------
    SLICE_X44Y83         FDRE (Prop_fdre_C_Q)         0.456     3.393 f  design_1_wrapper/design_1/design_1_axi_mem_intercon_0/s02_couplers_imp_8NCF02/design_1_axi_mem_intercon_imp_auto_pc_1/design_1_axi_mem_intercon_imp_auto_pc_1_axi_protocol_converter_v2_1_37_axi_protocol_converter/design_1_axi_mem_intercon_imp_auto_pc_1_axi_protocol_converter_v2_1_37_axi3_conv/design_1_axi_mem_intercon_imp_auto_pc_1_axi_protocol_converter_v2_1_37_a_axi3_conv/design_1_axi_mem_intercon_imp_auto_pc_1_axi_data_fifo_v2_1_36_axic_fifo/design_1_axi_mem_intercon_imp_auto_pc_1_axi_data_fifo_v2_1_36_fifo_gen/<hidden>/<hidden>/<hidden>/<hidden>/<hidden>
                         net (fo=2, routed)           1.283     4.676    design_1_wrapper/design_1/design_1_axi_mem_intercon_0/s02_couplers_imp_8NCF02/design_1_axi_mem_intercon_imp_auto_pc_1/design_1_axi_mem_intercon_imp_auto_pc_1_axi_protocol_converter_v2_1_37_axi_protocol_converter/design_1_axi_mem_intercon_imp_auto_pc_1_axi_protocol_converter_v2_1_37_axi3_conv/design_1_axi_mem_intercon_imp_auto_pc_1_axi_protocol_converter_v2_1_37_a_axi3_conv/design_1_axi_mem_intercon_imp_auto_pc_1_axi_data_fifo_v2_1_36_axic_fifo/design_1_axi_mem_intercon_imp_auto_pc_1_axi_data_fifo_v2_1_36_fifo_gen/<hidden>/<hidden>/<hidden>/<hidden>/<hidden>
    SLICE_X46Y81         LUT3 (Prop_lut3_I1_O)        0.124     4.800 f  design_1_wrapper/design_1/design_1_axi_mem_intercon_0/s02_couplers_imp_8NCF02/design_1_axi_mem_intercon_imp_auto_pc_1/design_1_axi_mem_intercon_imp_auto_pc_1_axi_protocol_converter_v2_1_37_axi_protocol_converter/design_1_axi_mem_intercon_imp_auto_pc_1_axi_protocol_converter_v2_1_37_axi3_conv/design_1_axi_mem_intercon_imp_auto_pc_1_axi_protocol_converter_v2_1_37_a_axi3_conv/design_1_axi_mem_intercon_imp_auto_pc_1_axi_data_fifo_v2_1_36_axic_fifo/design_1_axi_mem_intercon_imp_auto_pc_1_axi_data_fifo_v2_1_36_fifo_gen/<hidden>/<hidden>/<hidden>/<hidden>/<hidden>
                         net (fo=33, routed)          1.021     5.821    design_1_wrapper/design_1/design_1_axi_mem_intercon_0/s02_couplers_imp_8NCF02/design_1_axi_mem_intercon_imp_auto_pc_1/design_1_axi_mem_intercon_imp_auto_pc_1_axi_protocol_converter_v2_1_37_axi_protocol_converter/design_1_axi_mem_intercon_imp_auto_pc_1_axi_protocol_converter_v2_1_37_axi3_conv/design_1_axi_mem_intercon_imp_auto_pc_1_axi_protocol_converter_v2_1_37_a_axi3_conv/design_1_axi_mem_intercon_imp_auto_pc_1_axi_data_fifo_v2_1_36_axic_fifo/design_1_axi_mem_intercon_imp_auto_pc_1_axi_data_fifo_v2_1_36_fifo_gen/<hidden>/<hidden>/<hidden>/<hidden>/<hidden>/<hidden>
    SLICE_X53Y81         FDCE                                         f  design_1_wrapper/design_1/design_1_axi_mem_intercon_0/s02_couplers_imp_8NCF02/design_1_axi_mem_intercon_imp_auto_pc_1/design_1_axi_mem_intercon_imp_auto_pc_1_axi_protocol_converter_v2_1_37_axi_protocol_converter/design_1_axi_mem_intercon_imp_auto_pc_1_axi_protocol_converter_v2_1_37_axi3_conv/design_1_axi_mem_intercon_imp_auto_pc_1_axi_protocol_converter_v2_1_37_a_axi3_conv/design_1_axi_mem_intercon_imp_auto_pc_1_axi_data_fifo_v2_1_36_axic_fifo/design_1_axi_mem_intercon_imp_auto_pc_1_axi_data_fifo_v2_1_36_fifo_gen/<hidden>/<hidden>/<hidden>/<hidden>/<hidden>/<hidden>
  -------------------------------------------------------------------    -------------------

                         (clock clk_fpga_0 rise edge)
                                                     10.000    10.000 r  
    PS7_X0Y0             PS7                          0.000    10.000 r  design_1_i/processing_system7_0/inst/PS7_i/FCLKCLK[0]
                         net (fo=1, routed)           1.088    11.088    design_1_i/processing_system7_0/inst/FCLK_CLK_unbuffered[0]
    BUFGCTRL_X0Y16       BUFG (Prop_bufg_I_O)         0.091    11.179 r  design_1_i/processing_system7_0/inst/buffer_fclk_clk_0.FCLK_CLK_0_BUFG/O
                         net (fo=14851, routed)       1.456    12.635    design_1_wrapper/design_1/design_1_axi_mem_intercon_0/s02_couplers_imp_8NCF02/design_1_axi_mem_intercon_imp_auto_pc_1/design_1_axi_mem_intercon_imp_auto_pc_1_axi_protocol_converter_v2_1_37_axi_protocol_converter/design_1_axi_mem_intercon_imp_auto_pc_1_axi_protocol_converter_v2_1_37_axi3_conv/design_1_axi_mem_intercon_imp_auto_pc_1_axi_protocol_converter_v2_1_37_a_axi3_conv/design_1_axi_mem_intercon_imp_auto_pc_1_axi_data_fifo_v2_1_36_axic_fifo/design_1_axi_mem_intercon_imp_auto_pc_1_axi_data_fifo_v2_1_36_fifo_gen/<hidden>/<hidden>/<hidden>/<hidden>/<hidden>/<hidden>
    SLICE_X53Y81         FDCE                                         r  design_1_wrapper/design_1/design_1_axi_mem_intercon_0/s02_couplers_imp_8NCF02/design_1_axi_mem_intercon_imp_auto_pc_1/design_1_axi_mem_intercon_imp_auto_pc_1_axi_protocol_converter_v2_1_37_axi_protocol_converter/design_1_axi_mem_intercon_imp_auto_pc_1_axi_protocol_converter_v2_1_37_axi3_conv/design_1_axi_mem_intercon_imp_auto_pc_1_axi_protocol_converter_v2_1_37_a_axi3_conv/design_1_axi_mem_intercon_imp_auto_pc_1_axi_data_fifo_v2_1_36_axic_fifo/design_1_axi_mem_intercon_imp_auto_pc_1_axi_data_fifo_v2_1_36_fifo_gen/<hidden>/<hidden>/<hidden>/<hidden>/<hidden>/<hidden>
                         clock pessimism              0.129    12.764    
                         clock uncertainty           -0.154    12.610    
    SLICE_X53Y81         FDCE (Recov_fdce_C_CLR)     -0.405    12.205    design_1_wrapper/design_1/design_1_axi_mem_intercon_0/s02_couplers_imp_8NCF02/design_1_axi_mem_intercon_imp_auto_pc_1/design_1_axi_mem_intercon_imp_auto_pc_1_axi_protocol_converter_v2_1_37_axi_protocol_converter/design_1_axi_mem_intercon_imp_auto_pc_1_axi_protocol_converter_v2_1_37_axi3_conv/design_1_axi_mem_intercon_imp_auto_pc_1_axi_protocol_converter_v2_1_37_a_axi3_conv/design_1_axi_mem_intercon_imp_auto_pc_1_axi_data_fifo_v2_1_36_axic_fifo/design_1_axi_mem_intercon_imp_auto_pc_1_axi_data_fifo_v2_1_36_fifo_gen/<hidden>/<hidden>/<hidden>/<hidden>/<hidden>/<hidden>
  -------------------------------------------------------------------
                         required time                         12.205    
                         arrival time                          -5.821    
  -------------------------------------------------------------------
                         slack                                  6.384    

Slack (MET) :             6.384ns  (required time - arrival time)
  Source:                 design_1_wrapper/design_1/design_1_axi_mem_intercon_0/s02_couplers_imp_8NCF02/design_1_axi_mem_intercon_imp_auto_pc_1/design_1_axi_mem_intercon_imp_auto_pc_1_axi_protocol_converter_v2_1_37_axi_protocol_converter/design_1_axi_mem_intercon_imp_auto_pc_1_axi_protocol_converter_v2_1_37_axi3_conv/design_1_axi_mem_intercon_imp_auto_pc_1_axi_protocol_converter_v2_1_37_a_axi3_conv/design_1_axi_mem_intercon_imp_auto_pc_1_axi_data_fifo_v2_1_36_axic_fifo/design_1_axi_mem_intercon_imp_auto_pc_1_axi_data_fifo_v2_1_36_fifo_gen/<hidden>/<hidden>/<hidden>/<hidden>/<hidden>
                            (rising edge-triggered cell FDRE clocked by clk_fpga_0  {rise@0.000ns fall@5.000ns period=10.000ns})
  Destination:            design_1_wrapper/design_1/design_1_axi_mem_intercon_0/s02_couplers_imp_8NCF02/design_1_axi_mem_intercon_imp_auto_pc_1/design_1_axi_mem_intercon_imp_auto_pc_1_axi_protocol_converter_v2_1_37_axi_protocol_converter/design_1_axi_mem_intercon_imp_auto_pc_1_axi_protocol_converter_v2_1_37_axi3_conv/design_1_axi_mem_intercon_imp_auto_pc_1_axi_protocol_converter_v2_1_37_a_axi3_conv/design_1_axi_mem_intercon_imp_auto_pc_1_axi_data_fifo_v2_1_36_axic_fifo/design_1_axi_mem_intercon_imp_auto_pc_1_axi_data_fifo_v2_1_36_fifo_gen/<hidden>/<hidden>/<hidden>/<hidden>/<hidden>/<hidden>
                            (recovery check against rising-edge clock clk_fpga_0  {rise@0.000ns fall@5.000ns period=10.000ns})
  Path Group:             **async_default**
  Path Type:              Recovery (Max at Slow Process Corner)
  Requirement:            10.000ns  (clk_fpga_0 rise@10.000ns - clk_fpga_0 rise@0.000ns)
  Data Path Delay:        2.884ns  (logic 0.580ns (20.113%)  route 2.304ns (79.887%))
  Logic Levels:           1  (LUT3=1)
  Clock Path Skew:        -0.173ns (DCD - SCD + CPR)
    Destination Clock Delay (DCD):    2.635ns = ( 12.635 - 10.000 ) 
    Source Clock Delay      (SCD):    2.937ns
    Clock Pessimism Removal (CPR):    0.129ns
  Clock Uncertainty:      0.154ns  ((TSJ^2 + TIJ^2)^1/2 + DJ) / 2 + PE
    Total System Jitter     (TSJ):    0.071ns
    Total Input Jitter      (TIJ):    0.300ns
    Discrete Jitter          (DJ):    0.000ns
    Phase Error              (PE):    0.000ns

    Location             Delay type                Incr(ns)  Path(ns)    Netlist Resource(s)
  -------------------------------------------------------------------    -------------------
                         (clock clk_fpga_0 rise edge)
                                                      0.000     0.000 r  
    PS7_X0Y0             PS7                          0.000     0.000 r  design_1_i/processing_system7_0/inst/PS7_i/FCLKCLK[0]
                         net (fo=1, routed)           1.193     1.193    design_1_i/processing_system7_0/inst/FCLK_CLK_unbuffered[0]
    BUFGCTRL_X0Y16       BUFG (Prop_bufg_I_O)         0.101     1.294 r  design_1_i/processing_system7_0/inst/buffer_fclk_clk_0.FCLK_CLK_0_BUFG/O
                         net (fo=14851, routed)       1.643     2.937    design_1_wrapper/design_1/design_1_axi_mem_intercon_0/s02_couplers_imp_8NCF02/design_1_axi_mem_intercon_imp_auto_pc_1/design_1_axi_mem_intercon_imp_auto_pc_1_axi_protocol_converter_v2_1_37_axi_protocol_converter/design_1_axi_mem_intercon_imp_auto_pc_1_axi_protocol_converter_v2_1_37_axi3_conv/design_1_axi_mem_intercon_imp_auto_pc_1_axi_protocol_converter_v2_1_37_a_axi3_conv/design_1_axi_mem_intercon_imp_auto_pc_1_axi_data_fifo_v2_1_36_axic_fifo/design_1_axi_mem_intercon_imp_auto_pc_1_axi_data_fifo_v2_1_36_fifo_gen/<hidden>/<hidden>/<hidden>/<hidden>/<hidden>
    SLICE_X44Y83         FDRE                                         r  design_1_wrapper/design_1/design_1_axi_mem_intercon_0/s02_couplers_imp_8NCF02/design_1_axi_mem_intercon_imp_auto_pc_1/design_1_axi_mem_intercon_imp_auto_pc_1_axi_protocol_converter_v2_1_37_axi_protocol_converter/design_1_axi_mem_intercon_imp_auto_pc_1_axi_protocol_converter_v2_1_37_axi3_conv/design_1_axi_mem_intercon_imp_auto_pc_1_axi_protocol_converter_v2_1_37_a_axi3_conv/design_1_axi_mem_intercon_imp_auto_pc_1_axi_data_fifo_v2_1_36_axic_fifo/design_1_axi_mem_intercon_imp_auto_pc_1_axi_data_fifo_v2_1_36_fifo_gen/<hidden>/<hidden>/<hidden>/<hidden>/<hidden>
  -------------------------------------------------------------------    -------------------
    SLICE_X44Y83         FDRE (Prop_fdre_C_Q)         0.456     3.393 f  design_1_wrapper/design_1/design_1_axi_mem_intercon_0/s02_couplers_imp_8NCF02/design_1_axi_mem_intercon_imp_auto_pc_1/design_1_axi_mem_intercon_imp_auto_pc_1_axi_protocol_converter_v2_1_37_axi_protocol_converter/design_1_axi_mem_intercon_imp_auto_pc_1_axi_protocol_converter_v2_1_37_axi3_conv/design_1_axi_mem_intercon_imp_auto_pc_1_axi_protocol_converter_v2_1_37_a_axi3_conv/design_1_axi_mem_intercon_imp_auto_pc_1_axi_data_fifo_v2_1_36_axic_fifo/design_1_axi_mem_intercon_imp_auto_pc_1_axi_data_fifo_v2_1_36_fifo_gen/<hidden>/<hidden>/<hidden>/<hidden>/<hidden>
                         net (fo=2, routed)           1.283     4.676    design_1_wrapper/design_1/design_1_axi_mem_intercon_0/s02_couplers_imp_8NCF02/design_1_axi_mem_intercon_imp_auto_pc_1/design_1_axi_mem_intercon_imp_auto_pc_1_axi_protocol_converter_v2_1_37_axi_protocol_converter/design_1_axi_mem_intercon_imp_auto_pc_1_axi_protocol_converter_v2_1_37_axi3_conv/design_1_axi_mem_intercon_imp_auto_pc_1_axi_protocol_converter_v2_1_37_a_axi3_conv/design_1_axi_mem_intercon_imp_auto_pc_1_axi_data_fifo_v2_1_36_axic_fifo/design_1_axi_mem_intercon_imp_auto_pc_1_axi_data_fifo_v2_1_36_fifo_gen/<hidden>/<hidden>/<hidden>/<hidden>/<hidden>
    SLICE_X46Y81         LUT3 (Prop_lut3_I1_O)        0.124     4.800 f  design_1_wrapper/design_1/design_1_axi_mem_intercon_0/s02_couplers_imp_8NCF02/design_1_axi_mem_intercon_imp_auto_pc_1/design_1_axi_mem_intercon_imp_auto_pc_1_axi_protocol_converter_v2_1_37_axi_protocol_converter/design_1_axi_mem_intercon_imp_auto_pc_1_axi_protocol_converter_v2_1_37_axi3_conv/design_1_axi_mem_intercon_imp_auto_pc_1_axi_protocol_converter_v2_1_37_a_axi3_conv/design_1_axi_mem_intercon_imp_auto_pc_1_axi_data_fifo_v2_1_36_axic_fifo/design_1_axi_mem_intercon_imp_auto_pc_1_axi_data_fifo_v2_1_36_fifo_gen/<hidden>/<hidden>/<hidden>/<hidden>/<hidden>
                         net (fo=33, routed)          1.021     5.821    design_1_wrapper/design_1/design_1_axi_mem_intercon_0/s02_couplers_imp_8NCF02/design_1_axi_mem_intercon_imp_auto_pc_1/design_1_axi_mem_intercon_imp_auto_pc_1_axi_protocol_converter_v2_1_37_axi_protocol_converter/design_1_axi_mem_intercon_imp_auto_pc_1_axi_protocol_converter_v2_1_37_axi3_conv/design_1_axi_mem_intercon_imp_auto_pc_1_axi_protocol_converter_v2_1_37_a_axi3_conv/design_1_axi_mem_intercon_imp_auto_pc_1_axi_data_fifo_v2_1_36_axic_fifo/design_1_axi_mem_intercon_imp_auto_pc_1_axi_data_fifo_v2_1_36_fifo_gen/<hidden>/<hidden>/<hidden>/<hidden>/<hidden>/<hidden>
    SLICE_X53Y81         FDCE                                         f  design_1_wrapper/design_1/design_1_axi_mem_intercon_0/s02_couplers_imp_8NCF02/design_1_axi_mem_intercon_imp_auto_pc_1/design_1_axi_mem_intercon_imp_auto_pc_1_axi_protocol_converter_v2_1_37_axi_protocol_converter/design_1_axi_mem_intercon_imp_auto_pc_1_axi_protocol_converter_v2_1_37_axi3_conv/design_1_axi_mem_intercon_imp_auto_pc_1_axi_protocol_converter_v2_1_37_a_axi3_conv/design_1_axi_mem_intercon_imp_auto_pc_1_axi_data_fifo_v2_1_36_axic_fifo/design_1_axi_mem_intercon_imp_auto_pc_1_axi_data_fifo_v2_1_36_fifo_gen/<hidden>/<hidden>/<hidden>/<hidden>/<hidden>/<hidden>
  -------------------------------------------------------------------    -------------------

                         (clock clk_fpga_0 rise edge)
                                                     10.000    10.000 r  
    PS7_X0Y0             PS7                          0.000    10.000 r  design_1_i/processing_system7_0/inst/PS7_i/FCLKCLK[0]
                         net (fo=1, routed)           1.088    11.088    design_1_i/processing_system7_0/inst/FCLK_CLK_unbuffered[0]
    BUFGCTRL_X0Y16       BUFG (Prop_bufg_I_O)         0.091    11.179 r  design_1_i/processing_system7_0/inst/buffer_fclk_clk_0.FCLK_CLK_0_BUFG/O
                         net (fo=14851, routed)       1.456    12.635    design_1_wrapper/design_1/design_1_axi_mem_intercon_0/s02_couplers_imp_8NCF02/design_1_axi_mem_intercon_imp_auto_pc_1/design_1_axi_mem_intercon_imp_auto_pc_1_axi_protocol_converter_v2_1_37_axi_protocol_converter/design_1_axi_mem_intercon_imp_auto_pc_1_axi_protocol_converter_v2_1_37_axi3_conv/design_1_axi_mem_intercon_imp_auto_pc_1_axi_protocol_converter_v2_1_37_a_axi3_conv/design_1_axi_mem_intercon_imp_auto_pc_1_axi_data_fifo_v2_1_36_axic_fifo/design_1_axi_mem_intercon_imp_auto_pc_1_axi_data_fifo_v2_1_36_fifo_gen/<hidden>/<hidden>/<hidden>/<hidden>/<hidden>/<hidden>
    SLICE_X53Y81         FDCE                                         r  design_1_wrapper/design_1/design_1_axi_mem_intercon_0/s02_couplers_imp_8NCF02/design_1_axi_mem_intercon_imp_auto_pc_1/design_1_axi_mem_intercon_imp_auto_pc_1_axi_protocol_converter_v2_1_37_axi_protocol_converter/design_1_axi_mem_intercon_imp_auto_pc_1_axi_protocol_converter_v2_1_37_axi3_conv/design_1_axi_mem_intercon_imp_auto_pc_1_axi_protocol_converter_v2_1_37_a_axi3_conv/design_1_axi_mem_intercon_imp_auto_pc_1_axi_data_fifo_v2_1_36_axic_fifo/design_1_axi_mem_intercon_imp_auto_pc_1_axi_data_fifo_v2_1_36_fifo_gen/<hidden>/<hidden>/<hidden>/<hidden>/<hidden>/<hidden>
                         clock pessimism              0.129    12.764    
                         clock uncertainty           -0.154    12.610    
    SLICE_X53Y81         FDCE (Recov_fdce_C_CLR)     -0.405    12.205    design_1_wrapper/design_1/design_1_axi_mem_intercon_0/s02_couplers_imp_8NCF02/design_1_axi_mem_intercon_imp_auto_pc_1/design_1_axi_mem_intercon_imp_auto_pc_1_axi_protocol_converter_v2_1_37_axi_protocol_converter/design_1_axi_mem_intercon_imp_auto_pc_1_axi_protocol_converter_v2_1_37_axi3_conv/design_1_axi_mem_intercon_imp_auto_pc_1_axi_protocol_converter_v2_1_37_a_axi3_conv/design_1_axi_mem_intercon_imp_auto_pc_1_axi_data_fifo_v2_1_36_axic_fifo/design_1_axi_mem_intercon_imp_auto_pc_1_axi_data_fifo_v2_1_36_fifo_gen/<hidden>/<hidden>/<hidden>/<hidden>/<hidden>/<hidden>
  -------------------------------------------------------------------
                         required time                         12.205    
                         arrival time                          -5.821    
  -------------------------------------------------------------------
                         slack                                  6.384    

Slack (MET) :             6.384ns  (required time - arrival time)
  Source:                 design_1_wrapper/design_1/design_1_axi_mem_intercon_0/s02_couplers_imp_8NCF02/design_1_axi_mem_intercon_imp_auto_pc_1/design_1_axi_mem_intercon_imp_auto_pc_1_axi_protocol_converter_v2_1_37_axi_protocol_converter/design_1_axi_mem_intercon_imp_auto_pc_1_axi_protocol_converter_v2_1_37_axi3_conv/design_1_axi_mem_intercon_imp_auto_pc_1_axi_protocol_converter_v2_1_37_a_axi3_conv/design_1_axi_mem_intercon_imp_auto_pc_1_axi_data_fifo_v2_1_36_axic_fifo/design_1_axi_mem_intercon_imp_auto_pc_1_axi_data_fifo_v2_1_36_fifo_gen/<hidden>/<hidden>/<hidden>/<hidden>/<hidden>
                            (rising edge-triggered cell FDRE clocked by clk_fpga_0  {rise@0.000ns fall@5.000ns period=10.000ns})
  Destination:            design_1_wrapper/design_1/design_1_axi_mem_intercon_0/s02_couplers_imp_8NCF02/design_1_axi_mem_intercon_imp_auto_pc_1/design_1_axi_mem_intercon_imp_auto_pc_1_axi_protocol_converter_v2_1_37_axi_protocol_converter/design_1_axi_mem_intercon_imp_auto_pc_1_axi_protocol_converter_v2_1_37_axi3_conv/design_1_axi_mem_intercon_imp_auto_pc_1_axi_protocol_converter_v2_1_37_a_axi3_conv/design_1_axi_mem_intercon_imp_auto_pc_1_axi_data_fifo_v2_1_36_axic_fifo/design_1_axi_mem_intercon_imp_auto_pc_1_axi_data_fifo_v2_1_36_fifo_gen/<hidden>/<hidden>/<hidden>/<hidden>/<hidden>/<hidden>
                            (recovery check against rising-edge clock clk_fpga_0  {rise@0.000ns fall@5.000ns period=10.000ns})
  Path Group:             **async_default**
  Path Type:              Recovery (Max at Slow Process Corner)
  Requirement:            10.000ns  (clk_fpga_0 rise@10.000ns - clk_fpga_0 rise@0.000ns)
  Data Path Delay:        2.884ns  (logic 0.580ns (20.113%)  route 2.304ns (79.887%))
  Logic Levels:           1  (LUT3=1)
  Clock Path Skew:        -0.173ns (DCD - SCD + CPR)
    Destination Clock Delay (DCD):    2.635ns = ( 12.635 - 10.000 ) 
    Source Clock Delay      (SCD):    2.937ns
    Clock Pessimism Removal (CPR):    0.129ns
  Clock Uncertainty:      0.154ns  ((TSJ^2 + TIJ^2)^1/2 + DJ) / 2 + PE
    Total System Jitter     (TSJ):    0.071ns
    Total Input Jitter      (TIJ):    0.300ns
    Discrete Jitter          (DJ):    0.000ns
    Phase Error              (PE):    0.000ns

    Location             Delay type                Incr(ns)  Path(ns)    Netlist Resource(s)
  -------------------------------------------------------------------    -------------------
                         (clock clk_fpga_0 rise edge)
                                                      0.000     0.000 r  
    PS7_X0Y0             PS7                          0.000     0.000 r  design_1_i/processing_system7_0/inst/PS7_i/FCLKCLK[0]
                         net (fo=1, routed)           1.193     1.193    design_1_i/processing_system7_0/inst/FCLK_CLK_unbuffered[0]
    BUFGCTRL_X0Y16       BUFG (Prop_bufg_I_O)         0.101     1.294 r  design_1_i/processing_system7_0/inst/buffer_fclk_clk_0.FCLK_CLK_0_BUFG/O
                         net (fo=14851, routed)       1.643     2.937    design_1_wrapper/design_1/design_1_axi_mem_intercon_0/s02_couplers_imp_8NCF02/design_1_axi_mem_intercon_imp_auto_pc_1/design_1_axi_mem_intercon_imp_auto_pc_1_axi_protocol_converter_v2_1_37_axi_protocol_converter/design_1_axi_mem_intercon_imp_auto_pc_1_axi_protocol_converter_v2_1_37_axi3_conv/design_1_axi_mem_intercon_imp_auto_pc_1_axi_protocol_converter_v2_1_37_a_axi3_conv/design_1_axi_mem_intercon_imp_auto_pc_1_axi_data_fifo_v2_1_36_axic_fifo/design_1_axi_mem_intercon_imp_auto_pc_1_axi_data_fifo_v2_1_36_fifo_gen/<hidden>/<hidden>/<hidden>/<hidden>/<hidden>
    SLICE_X44Y83         FDRE                                         r  design_1_wrapper/design_1/design_1_axi_mem_intercon_0/s02_couplers_imp_8NCF02/design_1_axi_mem_intercon_imp_auto_pc_1/design_1_axi_mem_intercon_imp_auto_pc_1_axi_protocol_converter_v2_1_37_axi_protocol_converter/design_1_axi_mem_intercon_imp_auto_pc_1_axi_protocol_converter_v2_1_37_axi3_conv/design_1_axi_mem_intercon_imp_auto_pc_1_axi_protocol_converter_v2_1_37_a_axi3_conv/design_1_axi_mem_intercon_imp_auto_pc_1_axi_data_fifo_v2_1_36_axic_fifo/design_1_axi_mem_intercon_imp_auto_pc_1_axi_data_fifo_v2_1_36_fifo_gen/<hidden>/<hidden>/<hidden>/<hidden>/<hidden>
  -------------------------------------------------------------------    -------------------
    SLICE_X44Y83         FDRE (Prop_fdre_C_Q)         0.456     3.393 f  design_1_wrapper/design_1/design_1_axi_mem_intercon_0/s02_couplers_imp_8NCF02/design_1_axi_mem_intercon_imp_auto_pc_1/design_1_axi_mem_intercon_imp_auto_pc_1_axi_protocol_converter_v2_1_37_axi_protocol_converter/design_1_axi_mem_intercon_imp_auto_pc_1_axi_protocol_converter_v2_1_37_axi3_conv/design_1_axi_mem_intercon_imp_auto_pc_1_axi_protocol_converter_v2_1_37_a_axi3_conv/design_1_axi_mem_intercon_imp_auto_pc_1_axi_data_fifo_v2_1_36_axic_fifo/design_1_axi_mem_intercon_imp_auto_pc_1_axi_data_fifo_v2_1_36_fifo_gen/<hidden>/<hidden>/<hidden>/<hidden>/<hidden>
                         net (fo=2, routed)           1.283     4.676    design_1_wrapper/design_1/design_1_axi_mem_intercon_0/s02_couplers_imp_8NCF02/design_1_axi_mem_intercon_imp_auto_pc_1/design_1_axi_mem_intercon_imp_auto_pc_1_axi_protocol_converter_v2_1_37_axi_protocol_converter/design_1_axi_mem_intercon_imp_auto_pc_1_axi_protocol_converter_v2_1_37_axi3_conv/design_1_axi_mem_intercon_imp_auto_pc_1_axi_protocol_converter_v2_1_37_a_axi3_conv/design_1_axi_mem_intercon_imp_auto_pc_1_axi_data_fifo_v2_1_36_axic_fifo/design_1_axi_mem_intercon_imp_auto_pc_1_axi_data_fifo_v2_1_36_fifo_gen/<hidden>/<hidden>/<hidden>/<hidden>/<hidden>
    SLICE_X46Y81         LUT3 (Prop_lut3_I1_O)        0.124     4.800 f  design_1_wrapper/design_1/design_1_axi_mem_intercon_0/s02_couplers_imp_8NCF02/design_1_axi_mem_intercon_imp_auto_pc_1/design_1_axi_mem_intercon_imp_auto_pc_1_axi_protocol_converter_v2_1_37_axi_protocol_converter/design_1_axi_mem_intercon_imp_auto_pc_1_axi_protocol_converter_v2_1_37_axi3_conv/design_1_axi_mem_intercon_imp_auto_pc_1_axi_protocol_converter_v2_1_37_a_axi3_conv/design_1_axi_mem_intercon_imp_auto_pc_1_axi_data_fifo_v2_1_36_axic_fifo/design_1_axi_mem_intercon_imp_auto_pc_1_axi_data_fifo_v2_1_36_fifo_gen/<hidden>/<hidden>/<hidden>/<hidden>/<hidden>
                         net (fo=33, routed)          1.021     5.821    design_1_wrapper/design_1/design_1_axi_mem_intercon_0/s02_couplers_imp_8NCF02/design_1_axi_mem_intercon_imp_auto_pc_1/design_1_axi_mem_intercon_imp_auto_pc_1_axi_protocol_converter_v2_1_37_axi_protocol_converter/design_1_axi_mem_intercon_imp_auto_pc_1_axi_protocol_converter_v2_1_37_axi3_conv/design_1_axi_mem_intercon_imp_auto_pc_1_axi_protocol_converter_v2_1_37_a_axi3_conv/design_1_axi_mem_intercon_imp_auto_pc_1_axi_data_fifo_v2_1_36_axic_fifo/design_1_axi_mem_intercon_imp_auto_pc_1_axi_data_fifo_v2_1_36_fifo_gen/<hidden>/<hidden>/<hidden>/<hidden>/<hidden>/<hidden>
    SLICE_X53Y81         FDCE                                         f  design_1_wrapper/design_1/design_1_axi_mem_intercon_0/s02_couplers_imp_8NCF02/design_1_axi_mem_intercon_imp_auto_pc_1/design_1_axi_mem_intercon_imp_auto_pc_1_axi_protocol_converter_v2_1_37_axi_protocol_converter/design_1_axi_mem_intercon_imp_auto_pc_1_axi_protocol_converter_v2_1_37_axi3_conv/design_1_axi_mem_intercon_imp_auto_pc_1_axi_protocol_converter_v2_1_37_a_axi3_conv/design_1_axi_mem_intercon_imp_auto_pc_1_axi_data_fifo_v2_1_36_axic_fifo/design_1_axi_mem_intercon_imp_auto_pc_1_axi_data_fifo_v2_1_36_fifo_gen/<hidden>/<hidden>/<hidden>/<hidden>/<hidden>/<hidden>
  -------------------------------------------------------------------    -------------------

                         (clock clk_fpga_0 rise edge)
                                                     10.000    10.000 r  
    PS7_X0Y0             PS7                          0.000    10.000 r  design_1_i/processing_system7_0/inst/PS7_i/FCLKCLK[0]
                         net (fo=1, routed)           1.088    11.088    design_1_i/processing_system7_0/inst/FCLK_CLK_unbuffered[0]
    BUFGCTRL_X0Y16       BUFG (Prop_bufg_I_O)         0.091    11.179 r  design_1_i/processing_system7_0/inst/buffer_fclk_clk_0.FCLK_CLK_0_BUFG/O
                         net (fo=14851, routed)       1.456    12.635    design_1_wrapper/design_1/design_1_axi_mem_intercon_0/s02_couplers_imp_8NCF02/design_1_axi_mem_intercon_imp_auto_pc_1/design_1_axi_mem_intercon_imp_auto_pc_1_axi_protocol_converter_v2_1_37_axi_protocol_converter/design_1_axi_mem_intercon_imp_auto_pc_1_axi_protocol_converter_v2_1_37_axi3_conv/design_1_axi_mem_intercon_imp_auto_pc_1_axi_protocol_converter_v2_1_37_a_axi3_conv/design_1_axi_mem_intercon_imp_auto_pc_1_axi_data_fifo_v2_1_36_axic_fifo/design_1_axi_mem_intercon_imp_auto_pc_1_axi_data_fifo_v2_1_36_fifo_gen/<hidden>/<hidden>/<hidden>/<hidden>/<hidden>/<hidden>
    SLICE_X53Y81         FDCE                                         r  design_1_wrapper/design_1/design_1_axi_mem_intercon_0/s02_couplers_imp_8NCF02/design_1_axi_mem_intercon_imp_auto_pc_1/design_1_axi_mem_intercon_imp_auto_pc_1_axi_protocol_converter_v2_1_37_axi_protocol_converter/design_1_axi_mem_intercon_imp_auto_pc_1_axi_protocol_converter_v2_1_37_axi3_conv/design_1_axi_mem_intercon_imp_auto_pc_1_axi_protocol_converter_v2_1_37_a_axi3_conv/design_1_axi_mem_intercon_imp_auto_pc_1_axi_data_fifo_v2_1_36_axic_fifo/design_1_axi_mem_intercon_imp_auto_pc_1_axi_data_fifo_v2_1_36_fifo_gen/<hidden>/<hidden>/<hidden>/<hidden>/<hidden>/<hidden>
                         clock pessimism              0.129    12.764    
                         clock uncertainty           -0.154    12.610    
    SLICE_X53Y81         FDCE (Recov_fdce_C_CLR)     -0.405    12.205    design_1_wrapper/design_1/design_1_axi_mem_intercon_0/s02_couplers_imp_8NCF02/design_1_axi_mem_intercon_imp_auto_pc_1/design_1_axi_mem_intercon_imp_auto_pc_1_axi_protocol_converter_v2_1_37_axi_protocol_converter/design_1_axi_mem_intercon_imp_auto_pc_1_axi_protocol_converter_v2_1_37_axi3_conv/design_1_axi_mem_intercon_imp_auto_pc_1_axi_protocol_converter_v2_1_37_a_axi3_conv/design_1_axi_mem_intercon_imp_auto_pc_1_axi_data_fifo_v2_1_36_axic_fifo/design_1_axi_mem_intercon_imp_auto_pc_1_axi_data_fifo_v2_1_36_fifo_gen/<hidden>/<hidden>/<hidden>/<hidden>/<hidden>/<hidden>
  -------------------------------------------------------------------
                         required time                         12.205    
                         arrival time                          -5.821    
  -------------------------------------------------------------------
                         slack                                  6.384    





Min Delay Paths
--------------------------------------------------------------------------------------
Slack (MET) :             0.393ns  (arrival time - required time)
  Source:                 design_1_wrapper/design_1/design_1_axi_mem_intercon_0/s05_couplers_imp_1YHCGIE/design_1_axi_mem_intercon_imp_auto_pc_3/design_1_axi_mem_intercon_imp_auto_pc_3_axi_protocol_converter_v2_1_37_axi_protocol_converter/design_1_axi_mem_intercon_imp_auto_pc_3_axi_protocol_converter_v2_1_37_axi3_conv/design_1_axi_mem_intercon_imp_auto_pc_3_axi_protocol_converter_v2_1_37_a_axi3_conv/design_1_axi_mem_intercon_imp_auto_pc_3_axi_data_fifo_v2_1_36_axic_fifo/design_1_axi_mem_intercon_imp_auto_pc_3_axi_data_fifo_v2_1_36_fifo_gen/<hidden>/<hidden>/<hidden>/<hidden>/<hidden>
                            (rising edge-triggered cell FDRE clocked by clk_fpga_0  {rise@0.000ns fall@5.000ns period=10.000ns})
  Destination:            design_1_wrapper/design_1/design_1_axi_mem_intercon_0/s05_couplers_imp_1YHCGIE/design_1_axi_mem_intercon_imp_auto_pc_3/design_1_axi_mem_intercon_imp_auto_pc_3_axi_protocol_converter_v2_1_37_axi_protocol_converter/design_1_axi_mem_intercon_imp_auto_pc_3_axi_protocol_converter_v2_1_37_axi3_conv/design_1_axi_mem_intercon_imp_auto_pc_3_axi_protocol_converter_v2_1_37_a_axi3_conv/design_1_axi_mem_intercon_imp_auto_pc_3_axi_data_fifo_v2_1_36_axic_fifo/design_1_axi_mem_intercon_imp_auto_pc_3_axi_data_fifo_v2_1_36_fifo_gen/<hidden>/<hidden>/<hidden>/<hidden>/<hidden>/<hidden>
                            (removal check against rising-edge clock clk_fpga_0  {rise@0.000ns fall@5.000ns period=10.000ns})
  Path Group:             **async_default**
  Path Type:              Removal (Min at Fast Process Corner)
  Requirement:            0.000ns  (clk_fpga_0 rise@0.000ns - clk_fpga_0 rise@0.000ns)
  Data Path Delay:        0.563ns  (logic 0.247ns (43.838%)  route 0.316ns (56.162%))
  Logic Levels:           1  (LUT3=1)
  Clock Path Skew:        0.265ns (DCD - SCD - CPR)
    Destination Clock Delay (DCD):    1.175ns
    Source Clock Delay      (SCD):    0.875ns
    Clock Pessimism Removal (CPR):    0.035ns

    Location             Delay type                Incr(ns)  Path(ns)    Netlist Resource(s)
  -------------------------------------------------------------------    -------------------
                         (clock clk_fpga_0 rise edge)
                                                      0.000     0.000 r  
    PS7_X0Y0             PS7                          0.000     0.000 r  design_1_i/processing_system7_0/inst/PS7_i/FCLKCLK[0]
                         net (fo=1, routed)           0.310     0.310    design_1_i/processing_system7_0/inst/FCLK_CLK_unbuffered[0]
    BUFGCTRL_X0Y16       BUFG (Prop_bufg_I_O)         0.026     0.336 r  design_1_i/processing_system7_0/inst/buffer_fclk_clk_0.FCLK_CLK_0_BUFG/O
                         net (fo=14851, routed)       0.539     0.875    design_1_wrapper/design_1/design_1_axi_mem_intercon_0/s05_couplers_imp_1YHCGIE/design_1_axi_mem_intercon_imp_auto_pc_3/design_1_axi_mem_intercon_imp_auto_pc_3_axi_protocol_converter_v2_1_37_axi_protocol_converter/design_1_axi_mem_intercon_imp_auto_pc_3_axi_protocol_converter_v2_1_37_axi3_conv/design_1_axi_mem_intercon_imp_auto_pc_3_axi_protocol_converter_v2_1_37_a_axi3_conv/design_1_axi_mem_intercon_imp_auto_pc_3_axi_data_fifo_v2_1_36_axic_fifo/design_1_axi_mem_intercon_imp_auto_pc_3_axi_data_fifo_v2_1_36_fifo_gen/<hidden>/<hidden>/<hidden>/<hidden>/<hidden>
    SLICE_X50Y75         FDRE                                         r  design_1_wrapper/design_1/design_1_axi_mem_intercon_0/s05_couplers_imp_1YHCGIE/design_1_axi_mem_intercon_imp_auto_pc_3/design_1_axi_mem_intercon_imp_auto_pc_3_axi_protocol_converter_v2_1_37_axi_protocol_converter/design_1_axi_mem_intercon_imp_auto_pc_3_axi_protocol_converter_v2_1_37_axi3_conv/design_1_axi_mem_intercon_imp_auto_pc_3_axi_protocol_converter_v2_1_37_a_axi3_conv/design_1_axi_mem_intercon_imp_auto_pc_3_axi_data_fifo_v2_1_36_axic_fifo/design_1_axi_mem_intercon_imp_auto_pc_3_axi_data_fifo_v2_1_36_fifo_gen/<hidden>/<hidden>/<hidden>/<hidden>/<hidden>
  -------------------------------------------------------------------    -------------------
    SLICE_X50Y75         FDRE (Prop_fdre_C_Q)         0.148     1.023 f  design_1_wrapper/design_1/design_1_axi_mem_intercon_0/s05_couplers_imp_1YHCGIE/design_1_axi_mem_intercon_imp_auto_pc_3/design_1_axi_mem_intercon_imp_auto_pc_3_axi_protocol_converter_v2_1_37_axi_protocol_converter/design_1_axi_mem_intercon_imp_auto_pc_3_axi_protocol_converter_v2_1_37_axi3_conv/design_1_axi_mem_intercon_imp_auto_pc_3_axi_protocol_converter_v2_1_37_a_axi3_conv/design_1_axi_mem_intercon_imp_auto_pc_3_axi_data_fifo_v2_1_36_axic_fifo/design_1_axi_mem_intercon_imp_auto_pc_3_axi_data_fifo_v2_1_36_fifo_gen/<hidden>/<hidden>/<hidden>/<hidden>/<hidden>
                         net (fo=1, routed)           0.093     1.115    design_1_wrapper/design_1/design_1_axi_mem_intercon_0/s05_couplers_imp_1YHCGIE/design_1_axi_mem_intercon_imp_auto_pc_3/design_1_axi_mem_intercon_imp_auto_pc_3_axi_protocol_converter_v2_1_37_axi_protocol_converter/design_1_axi_mem_intercon_imp_auto_pc_3_axi_protocol_converter_v2_1_37_axi3_conv/design_1_axi_mem_intercon_imp_auto_pc_3_axi_protocol_converter_v2_1_37_a_axi3_conv/design_1_axi_mem_intercon_imp_auto_pc_3_axi_data_fifo_v2_1_36_axic_fifo/design_1_axi_mem_intercon_imp_auto_pc_3_axi_data_fifo_v2_1_36_fifo_gen/<hidden>/<hidden>/<hidden>/<hidden>/<hidden>
    SLICE_X50Y75         LUT3 (Prop_lut3_I0_O)        0.099     1.214 f  design_1_wrapper/design_1/design_1_axi_mem_intercon_0/s05_couplers_imp_1YHCGIE/design_1_axi_mem_intercon_imp_auto_pc_3/design_1_axi_mem_intercon_imp_auto_pc_3_axi_protocol_converter_v2_1_37_axi_protocol_converter/design_1_axi_mem_intercon_imp_auto_pc_3_axi_protocol_converter_v2_1_37_axi3_conv/design_1_axi_mem_intercon_imp_auto_pc_3_axi_protocol_converter_v2_1_37_a_axi3_conv/design_1_axi_mem_intercon_imp_auto_pc_3_axi_data_fifo_v2_1_36_axic_fifo/design_1_axi_mem_intercon_imp_auto_pc_3_axi_data_fifo_v2_1_36_fifo_gen/<hidden>/<hidden>/<hidden>/<hidden>/<hidden>
                         net (fo=33, routed)          0.224     1.438    design_1_wrapper/design_1/design_1_axi_mem_intercon_0/s05_couplers_imp_1YHCGIE/design_1_axi_mem_intercon_imp_auto_pc_3/design_1_axi_mem_intercon_imp_auto_pc_3_axi_protocol_converter_v2_1_37_axi_protocol_converter/design_1_axi_mem_intercon_imp_auto_pc_3_axi_protocol_converter_v2_1_37_axi3_conv/design_1_axi_mem_intercon_imp_auto_pc_3_axi_protocol_converter_v2_1_37_a_axi3_conv/design_1_axi_mem_intercon_imp_auto_pc_3_axi_data_fifo_v2_1_36_axic_fifo/design_1_axi_mem_intercon_imp_auto_pc_3_axi_data_fifo_v2_1_36_fifo_gen/<hidden>/<hidden>/<hidden>/<hidden>/<hidden>/<hidden>
    SLICE_X49Y76         FDPE                                         f  design_1_wrapper/design_1/design_1_axi_mem_intercon_0/s05_couplers_imp_1YHCGIE/design_1_axi_mem_intercon_imp_auto_pc_3/design_1_axi_mem_intercon_imp_auto_pc_3_axi_protocol_converter_v2_1_37_axi_protocol_converter/design_1_axi_mem_intercon_imp_auto_pc_3_axi_protocol_converter_v2_1_37_axi3_conv/design_1_axi_mem_intercon_imp_auto_pc_3_axi_protocol_converter_v2_1_37_a_axi3_conv/design_1_axi_mem_intercon_imp_auto_pc_3_axi_data_fifo_v2_1_36_axic_fifo/design_1_axi_mem_intercon_imp_auto_pc_3_axi_data_fifo_v2_1_36_fifo_gen/<hidden>/<hidden>/<hidden>/<hidden>/<hidden>/<hidden>
  -------------------------------------------------------------------    -------------------

                         (clock clk_fpga_0 rise edge)
                                                      0.000     0.000 r  
    PS7_X0Y0             PS7                          0.000     0.000 r  design_1_i/processing_system7_0/inst/PS7_i/FCLKCLK[0]
                         net (fo=1, routed)           0.337     0.337    design_1_i/processing_system7_0/inst/FCLK_CLK_unbuffered[0]
    BUFGCTRL_X0Y16       BUFG (Prop_bufg_I_O)         0.029     0.366 r  design_1_i/processing_system7_0/inst/buffer_fclk_clk_0.FCLK_CLK_0_BUFG/O
                         net (fo=14851, routed)       0.809     1.175    design_1_wrapper/design_1/design_1_axi_mem_intercon_0/s05_couplers_imp_1YHCGIE/design_1_axi_mem_intercon_imp_auto_pc_3/design_1_axi_mem_intercon_imp_auto_pc_3_axi_protocol_converter_v2_1_37_axi_protocol_converter/design_1_axi_mem_intercon_imp_auto_pc_3_axi_protocol_converter_v2_1_37_axi3_conv/design_1_axi_mem_intercon_imp_auto_pc_3_axi_protocol_converter_v2_1_37_a_axi3_conv/design_1_axi_mem_intercon_imp_auto_pc_3_axi_data_fifo_v2_1_36_axic_fifo/design_1_axi_mem_intercon_imp_auto_pc_3_axi_data_fifo_v2_1_36_fifo_gen/<hidden>/<hidden>/<hidden>/<hidden>/<hidden>/<hidden>
    SLICE_X49Y76         FDPE                                         r  design_1_wrapper/design_1/design_1_axi_mem_intercon_0/s05_couplers_imp_1YHCGIE/design_1_axi_mem_intercon_imp_auto_pc_3/design_1_axi_mem_intercon_imp_auto_pc_3_axi_protocol_converter_v2_1_37_axi_protocol_converter/design_1_axi_mem_intercon_imp_auto_pc_3_axi_protocol_converter_v2_1_37_axi3_conv/design_1_axi_mem_intercon_imp_auto_pc_3_axi_protocol_converter_v2_1_37_a_axi3_conv/design_1_axi_mem_intercon_imp_auto_pc_3_axi_data_fifo_v2_1_36_axic_fifo/design_1_axi_mem_intercon_imp_auto_pc_3_axi_data_fifo_v2_1_36_fifo_gen/<hidden>/<hidden>/<hidden>/<hidden>/<hidden>/<hidden>
                         clock pessimism             -0.035     1.140    
    SLICE_X49Y76         FDPE (Remov_fdpe_C_PRE)     -0.095     1.045    design_1_wrapper/design_1/design_1_axi_mem_intercon_0/s05_couplers_imp_1YHCGIE/design_1_axi_mem_intercon_imp_auto_pc_3/design_1_axi_mem_intercon_imp_auto_pc_3_axi_protocol_converter_v2_1_37_axi_protocol_converter/design_1_axi_mem_intercon_imp_auto_pc_3_axi_protocol_converter_v2_1_37_axi3_conv/design_1_axi_mem_intercon_imp_auto_pc_3_axi_protocol_converter_v2_1_37_a_axi3_conv/design_1_axi_mem_intercon_imp_auto_pc_3_axi_data_fifo_v2_1_36_axic_fifo/design_1_axi_mem_intercon_imp_auto_pc_3_axi_data_fifo_v2_1_36_fifo_gen/<hidden>/<hidden>/<hidden>/<hidden>/<hidden>/<hidden>
  -------------------------------------------------------------------
                         required time                         -1.045    
                         arrival time                           1.438    
  -------------------------------------------------------------------
                         slack                                  0.393    

Slack (MET) :             0.533ns  (arrival time - required time)
  Source:                 design_1_wrapper/design_1/design_1_axi_mem_intercon_0/s05_couplers_imp_1YHCGIE/design_1_axi_mem_intercon_imp_auto_pc_3/design_1_axi_mem_intercon_imp_auto_pc_3_axi_protocol_converter_v2_1_37_axi_protocol_converter/design_1_axi_mem_intercon_imp_auto_pc_3_axi_protocol_converter_v2_1_37_axi3_conv/design_1_axi_mem_intercon_imp_auto_pc_3_axi_protocol_converter_v2_1_37_a_axi3_conv/design_1_axi_mem_intercon_imp_auto_pc_3_axi_data_fifo_v2_1_36_axic_fifo/design_1_axi_mem_intercon_imp_auto_pc_3_axi_data_fifo_v2_1_36_fifo_gen/<hidden>/<hidden>/<hidden>/<hidden>/<hidden>/<hidden>
                            (rising edge-triggered cell FDPE clocked by clk_fpga_0  {rise@0.000ns fall@5.000ns period=10.000ns})
  Destination:            design_1_wrapper/design_1/design_1_axi_mem_intercon_0/s05_couplers_imp_1YHCGIE/design_1_axi_mem_intercon_imp_auto_pc_3/design_1_axi_mem_intercon_imp_auto_pc_3_axi_protocol_converter_v2_1_37_axi_protocol_converter/design_1_axi_mem_intercon_imp_auto_pc_3_axi_protocol_converter_v2_1_37_axi3_conv/design_1_axi_mem_intercon_imp_auto_pc_3_axi_protocol_converter_v2_1_37_a_axi3_conv/design_1_axi_mem_intercon_imp_auto_pc_3_axi_data_fifo_v2_1_36_axic_fifo/design_1_axi_mem_intercon_imp_auto_pc_3_axi_data_fifo_v2_1_36_fifo_gen/<hidden>/<hidden>/<hidden>/<hidden>/<hidden>/<hidden>
                            (removal check against rising-edge clock clk_fpga_0  {rise@0.000ns fall@5.000ns period=10.000ns})
  Path Group:             **async_default**
  Path Type:              Removal (Min at Fast Process Corner)
  Requirement:            0.000ns  (clk_fpga_0 rise@0.000ns - clk_fpga_0 rise@0.000ns)
  Data Path Delay:        0.695ns  (logic 0.227ns (32.648%)  route 0.468ns (67.352%))
  Logic Levels:           1  (LUT3=1)
  Clock Path Skew:        0.254ns (DCD - SCD - CPR)
    Destination Clock Delay (DCD):    1.171ns
    Source Clock Delay      (SCD):    0.882ns
    Clock Pessimism Removal (CPR):    0.035ns

    Location             Delay type                Incr(ns)  Path(ns)    Netlist Resource(s)
  -------------------------------------------------------------------    -------------------
                         (clock clk_fpga_0 rise edge)
                                                      0.000     0.000 r  
    PS7_X0Y0             PS7                          0.000     0.000 r  design_1_i/processing_system7_0/inst/PS7_i/FCLKCLK[0]
                         net (fo=1, routed)           0.310     0.310    design_1_i/processing_system7_0/inst/FCLK_CLK_unbuffered[0]
    BUFGCTRL_X0Y16       BUFG (Prop_bufg_I_O)         0.026     0.336 r  design_1_i/processing_system7_0/inst/buffer_fclk_clk_0.FCLK_CLK_0_BUFG/O
                         net (fo=14851, routed)       0.546     0.882    design_1_wrapper/design_1/design_1_axi_mem_intercon_0/s05_couplers_imp_1YHCGIE/design_1_axi_mem_intercon_imp_auto_pc_3/design_1_axi_mem_intercon_imp_auto_pc_3_axi_protocol_converter_v2_1_37_axi_protocol_converter/design_1_axi_mem_intercon_imp_auto_pc_3_axi_protocol_converter_v2_1_37_axi3_conv/design_1_axi_mem_intercon_imp_auto_pc_3_axi_protocol_converter_v2_1_37_a_axi3_conv/design_1_axi_mem_intercon_imp_auto_pc_3_axi_data_fifo_v2_1_36_axic_fifo/design_1_axi_mem_intercon_imp_auto_pc_3_axi_data_fifo_v2_1_36_fifo_gen/<hidden>/<hidden>/<hidden>/<hidden>/<hidden>/<hidden>
    SLICE_X48Y79         FDPE                                         r  design_1_wrapper/design_1/design_1_axi_mem_intercon_0/s05_couplers_imp_1YHCGIE/design_1_axi_mem_intercon_imp_auto_pc_3/design_1_axi_mem_intercon_imp_auto_pc_3_axi_protocol_converter_v2_1_37_axi_protocol_converter/design_1_axi_mem_intercon_imp_auto_pc_3_axi_protocol_converter_v2_1_37_axi3_conv/design_1_axi_mem_intercon_imp_auto_pc_3_axi_protocol_converter_v2_1_37_a_axi3_conv/design_1_axi_mem_intercon_imp_auto_pc_3_axi_data_fifo_v2_1_36_axic_fifo/design_1_axi_mem_intercon_imp_auto_pc_3_axi_data_fifo_v2_1_36_fifo_gen/<hidden>/<hidden>/<hidden>/<hidden>/<hidden>/<hidden>
  -------------------------------------------------------------------    -------------------
    SLICE_X48Y79         FDPE (Prop_fdpe_C_Q)         0.128     1.010 f  design_1_wrapper/design_1/design_1_axi_mem_intercon_0/s05_couplers_imp_1YHCGIE/design_1_axi_mem_intercon_imp_auto_pc_3/design_1_axi_mem_intercon_imp_auto_pc_3_axi_protocol_converter_v2_1_37_axi_protocol_converter/design_1_axi_mem_intercon_imp_auto_pc_3_axi_protocol_converter_v2_1_37_axi3_conv/design_1_axi_mem_intercon_imp_auto_pc_3_axi_protocol_converter_v2_1_37_a_axi3_conv/design_1_axi_mem_intercon_imp_auto_pc_3_axi_data_fifo_v2_1_36_axic_fifo/design_1_axi_mem_intercon_imp_auto_pc_3_axi_data_fifo_v2_1_36_fifo_gen/<hidden>/<hidden>/<hidden>/<hidden>/<hidden>/<hidden>
                         net (fo=2, routed)           0.331     1.341    design_1_wrapper/design_1/design_1_axi_mem_intercon_0/s05_couplers_imp_1YHCGIE/design_1_axi_mem_intercon_imp_auto_pc_3/design_1_axi_mem_intercon_imp_auto_pc_3_axi_protocol_converter_v2_1_37_axi_protocol_converter/design_1_axi_mem_intercon_imp_auto_pc_3_axi_protocol_converter_v2_1_37_axi3_conv/design_1_axi_mem_intercon_imp_auto_pc_3_axi_protocol_converter_v2_1_37_a_axi3_conv/design_1_axi_mem_intercon_imp_auto_pc_3_axi_data_fifo_v2_1_36_axic_fifo/design_1_axi_mem_intercon_imp_auto_pc_3_axi_data_fifo_v2_1_36_fifo_gen/<hidden>/<hidden>/<hidden>/<hidden>/<hidden>
    SLICE_X50Y75         LUT3 (Prop_lut3_I2_O)        0.099     1.440 f  design_1_wrapper/design_1/design_1_axi_mem_intercon_0/s05_couplers_imp_1YHCGIE/design_1_axi_mem_intercon_imp_auto_pc_3/design_1_axi_mem_intercon_imp_auto_pc_3_axi_protocol_converter_v2_1_37_axi_protocol_converter/design_1_axi_mem_intercon_imp_auto_pc_3_axi_protocol_converter_v2_1_37_axi3_conv/design_1_axi_mem_intercon_imp_auto_pc_3_axi_protocol_converter_v2_1_37_a_axi3_conv/design_1_axi_mem_intercon_imp_auto_pc_3_axi_data_fifo_v2_1_36_axic_fifo/design_1_axi_mem_intercon_imp_auto_pc_3_axi_data_fifo_v2_1_36_fifo_gen/<hidden>/<hidden>/<hidden>/<hidden>/<hidden>
                         net (fo=33, routed)          0.137     1.577    design_1_wrapper/design_1/design_1_axi_mem_intercon_0/s05_couplers_imp_1YHCGIE/design_1_axi_mem_intercon_imp_auto_pc_3/design_1_axi_mem_intercon_imp_auto_pc_3_axi_protocol_converter_v2_1_37_axi_protocol_converter/design_1_axi_mem_intercon_imp_auto_pc_3_axi_protocol_converter_v2_1_37_axi3_conv/design_1_axi_mem_intercon_imp_auto_pc_3_axi_protocol_converter_v2_1_37_a_axi3_conv/design_1_axi_mem_intercon_imp_auto_pc_3_axi_data_fifo_v2_1_36_axic_fifo/design_1_axi_mem_intercon_imp_auto_pc_3_axi_data_fifo_v2_1_36_fifo_gen/<hidden>/<hidden>/<hidden>/<hidden>/<hidden>/<hidden>
    SLICE_X51Y76         FDCE                                         f  design_1_wrapper/design_1/design_1_axi_mem_intercon_0/s05_couplers_imp_1YHCGIE/design_1_axi_mem_intercon_imp_auto_pc_3/design_1_axi_mem_intercon_imp_auto_pc_3_axi_protocol_converter_v2_1_37_axi_protocol_converter/design_1_axi_mem_intercon_imp_auto_pc_3_axi_protocol_converter_v2_1_37_axi3_conv/design_1_axi_mem_intercon_imp_auto_pc_3_axi_protocol_converter_v2_1_37_a_axi3_conv/design_1_axi_mem_intercon_imp_auto_pc_3_axi_data_fifo_v2_1_36_axic_fifo/design_1_axi_mem_intercon_imp_auto_pc_3_axi_data_fifo_v2_1_36_fifo_gen/<hidden>/<hidden>/<hidden>/<hidden>/<hidden>/<hidden>
  -------------------------------------------------------------------    -------------------

                         (clock clk_fpga_0 rise edge)
                                                      0.000     0.000 r  
    PS7_X0Y0             PS7                          0.000     0.000 r  design_1_i/processing_system7_0/inst/PS7_i/FCLKCLK[0]
                         net (fo=1, routed)           0.337     0.337    design_1_i/processing_system7_0/inst/FCLK_CLK_unbuffered[0]
    BUFGCTRL_X0Y16       BUFG (Prop_bufg_I_O)         0.029     0.366 r  design_1_i/processing_system7_0/inst/buffer_fclk_clk_0.FCLK_CLK_0_BUFG/O
                         net (fo=14851, routed)       0.805     1.171    design_1_wrapper/design_1/design_1_axi_mem_intercon_0/s05_couplers_imp_1YHCGIE/design_1_axi_mem_intercon_imp_auto_pc_3/design_1_axi_mem_intercon_imp_auto_pc_3_axi_protocol_converter_v2_1_37_axi_protocol_converter/design_1_axi_mem_intercon_imp_auto_pc_3_axi_protocol_converter_v2_1_37_axi3_conv/design_1_axi_mem_intercon_imp_auto_pc_3_axi_protocol_converter_v2_1_37_a_axi3_conv/design_1_axi_mem_intercon_imp_auto_pc_3_axi_data_fifo_v2_1_36_axic_fifo/design_1_axi_mem_intercon_imp_auto_pc_3_axi_data_fifo_v2_1_36_fifo_gen/<hidden>/<hidden>/<hidden>/<hidden>/<hidden>/<hidden>
    SLICE_X51Y76         FDCE                                         r  design_1_wrapper/design_1/design_1_axi_mem_intercon_0/s05_couplers_imp_1YHCGIE/design_1_axi_mem_intercon_imp_auto_pc_3/design_1_axi_mem_intercon_imp_auto_pc_3_axi_protocol_converter_v2_1_37_axi_protocol_converter/design_1_axi_mem_intercon_imp_auto_pc_3_axi_protocol_converter_v2_1_37_axi3_conv/design_1_axi_mem_intercon_imp_auto_pc_3_axi_protocol_converter_v2_1_37_a_axi3_conv/design_1_axi_mem_intercon_imp_auto_pc_3_axi_data_fifo_v2_1_36_axic_fifo/design_1_axi_mem_intercon_imp_auto_pc_3_axi_data_fifo_v2_1_36_fifo_gen/<hidden>/<hidden>/<hidden>/<hidden>/<hidden>/<hidden>
                         clock pessimism             -0.035     1.136    
    SLICE_X51Y76         FDCE (Remov_fdce_C_CLR)     -0.092     1.044    design_1_wrapper/design_1/design_1_axi_mem_intercon_0/s05_couplers_imp_1YHCGIE/design_1_axi_mem_intercon_imp_auto_pc_3/design_1_axi_mem_intercon_imp_auto_pc_3_axi_protocol_converter_v2_1_37_axi_protocol_converter/design_1_axi_mem_intercon_imp_auto_pc_3_axi_protocol_converter_v2_1_37_axi3_conv/design_1_axi_mem_intercon_imp_auto_pc_3_axi_protocol_converter_v2_1_37_a_axi3_conv/design_1_axi_mem_intercon_imp_auto_pc_3_axi_data_fifo_v2_1_36_axic_fifo/design_1_axi_mem_intercon_imp_auto_pc_3_axi_data_fifo_v2_1_36_fifo_gen/<hidden>/<hidden>/<hidden>/<hidden>/<hidden>/<hidden>
  -------------------------------------------------------------------
                         required time                         -1.044    
                         arrival time                           1.577    
  -------------------------------------------------------------------
                         slack                                  0.533    

Slack (MET) :             0.533ns  (arrival time - required time)
  Source:                 design_1_wrapper/design_1/design_1_axi_mem_intercon_0/s05_couplers_imp_1YHCGIE/design_1_axi_mem_intercon_imp_auto_pc_3/design_1_axi_mem_intercon_imp_auto_pc_3_axi_protocol_converter_v2_1_37_axi_protocol_converter/design_1_axi_mem_intercon_imp_auto_pc_3_axi_protocol_converter_v2_1_37_axi3_conv/design_1_axi_mem_intercon_imp_auto_pc_3_axi_protocol_converter_v2_1_37_a_axi3_conv/design_1_axi_mem_intercon_imp_auto_pc_3_axi_data_fifo_v2_1_36_axic_fifo/design_1_axi_mem_intercon_imp_auto_pc_3_axi_data_fifo_v2_1_36_fifo_gen/<hidden>/<hidden>/<hidden>/<hidden>/<hidden>/<hidden>
                            (rising edge-triggered cell FDPE clocked by clk_fpga_0  {rise@0.000ns fall@5.000ns period=10.000ns})
  Destination:            design_1_wrapper/design_1/design_1_axi_mem_intercon_0/s05_couplers_imp_1YHCGIE/design_1_axi_mem_intercon_imp_auto_pc_3/design_1_axi_mem_intercon_imp_auto_pc_3_axi_protocol_converter_v2_1_37_axi_protocol_converter/design_1_axi_mem_intercon_imp_auto_pc_3_axi_protocol_converter_v2_1_37_axi3_conv/design_1_axi_mem_intercon_imp_auto_pc_3_axi_protocol_converter_v2_1_37_a_axi3_conv/design_1_axi_mem_intercon_imp_auto_pc_3_axi_data_fifo_v2_1_36_axic_fifo/design_1_axi_mem_intercon_imp_auto_pc_3_axi_data_fifo_v2_1_36_fifo_gen/<hidden>/<hidden>/<hidden>/<hidden>/<hidden>/<hidden>
                            (removal check against rising-edge clock clk_fpga_0  {rise@0.000ns fall@5.000ns period=10.000ns})
  Path Group:             **async_default**
  Path Type:              Removal (Min at Fast Process Corner)
  Requirement:            0.000ns  (clk_fpga_0 rise@0.000ns - clk_fpga_0 rise@0.000ns)
  Data Path Delay:        0.695ns  (logic 0.227ns (32.648%)  route 0.468ns (67.352%))
  Logic Levels:           1  (LUT3=1)
  Clock Path Skew:        0.254ns (DCD - SCD - CPR)
    Destination Clock Delay (DCD):    1.171ns
    Source Clock Delay      (SCD):    0.882ns
    Clock Pessimism Removal (CPR):    0.035ns

    Location             Delay type                Incr(ns)  Path(ns)    Netlist Resource(s)
  -------------------------------------------------------------------    -------------------
                         (clock clk_fpga_0 rise edge)
                                                      0.000     0.000 r  
    PS7_X0Y0             PS7                          0.000     0.000 r  design_1_i/processing_system7_0/inst/PS7_i/FCLKCLK[0]
                         net (fo=1, routed)           0.310     0.310    design_1_i/processing_system7_0/inst/FCLK_CLK_unbuffered[0]
    BUFGCTRL_X0Y16       BUFG (Prop_bufg_I_O)         0.026     0.336 r  design_1_i/processing_system7_0/inst/buffer_fclk_clk_0.FCLK_CLK_0_BUFG/O
                         net (fo=14851, routed)       0.546     0.882    design_1_wrapper/design_1/design_1_axi_mem_intercon_0/s05_couplers_imp_1YHCGIE/design_1_axi_mem_intercon_imp_auto_pc_3/design_1_axi_mem_intercon_imp_auto_pc_3_axi_protocol_converter_v2_1_37_axi_protocol_converter/design_1_axi_mem_intercon_imp_auto_pc_3_axi_protocol_converter_v2_1_37_axi3_conv/design_1_axi_mem_intercon_imp_auto_pc_3_axi_protocol_converter_v2_1_37_a_axi3_conv/design_1_axi_mem_intercon_imp_auto_pc_3_axi_data_fifo_v2_1_36_axic_fifo/design_1_axi_mem_intercon_imp_auto_pc_3_axi_data_fifo_v2_1_36_fifo_gen/<hidden>/<hidden>/<hidden>/<hidden>/<hidden>/<hidden>
    SLICE_X48Y79         FDPE                                         r  design_1_wrapper/design_1/design_1_axi_mem_intercon_0/s05_couplers_imp_1YHCGIE/design_1_axi_mem_intercon_imp_auto_pc_3/design_1_axi_mem_intercon_imp_auto_pc_3_axi_protocol_converter_v2_1_37_axi_protocol_converter/design_1_axi_mem_intercon_imp_auto_pc_3_axi_protocol_converter_v2_1_37_axi3_conv/design_1_axi_mem_intercon_imp_auto_pc_3_axi_protocol_converter_v2_1_37_a_axi3_conv/design_1_axi_mem_intercon_imp_auto_pc_3_axi_data_fifo_v2_1_36_axic_fifo/design_1_axi_mem_intercon_imp_auto_pc_3_axi_data_fifo_v2_1_36_fifo_gen/<hidden>/<hidden>/<hidden>/<hidden>/<hidden>/<hidden>
  -------------------------------------------------------------------    -------------------
    SLICE_X48Y79         FDPE (Prop_fdpe_C_Q)         0.128     1.010 f  design_1_wrapper/design_1/design_1_axi_mem_intercon_0/s05_couplers_imp_1YHCGIE/design_1_axi_mem_intercon_imp_auto_pc_3/design_1_axi_mem_intercon_imp_auto_pc_3_axi_protocol_converter_v2_1_37_axi_protocol_converter/design_1_axi_mem_intercon_imp_auto_pc_3_axi_protocol_converter_v2_1_37_axi3_conv/design_1_axi_mem_intercon_imp_auto_pc_3_axi_protocol_converter_v2_1_37_a_axi3_conv/design_1_axi_mem_intercon_imp_auto_pc_3_axi_data_fifo_v2_1_36_axic_fifo/design_1_axi_mem_intercon_imp_auto_pc_3_axi_data_fifo_v2_1_36_fifo_gen/<hidden>/<hidden>/<hidden>/<hidden>/<hidden>/<hidden>
                         net (fo=2, routed)           0.331     1.341    design_1_wrapper/design_1/design_1_axi_mem_intercon_0/s05_couplers_imp_1YHCGIE/design_1_axi_mem_intercon_imp_auto_pc_3/design_1_axi_mem_intercon_imp_auto_pc_3_axi_protocol_converter_v2_1_37_axi_protocol_converter/design_1_axi_mem_intercon_imp_auto_pc_3_axi_protocol_converter_v2_1_37_axi3_conv/design_1_axi_mem_intercon_imp_auto_pc_3_axi_protocol_converter_v2_1_37_a_axi3_conv/design_1_axi_mem_intercon_imp_auto_pc_3_axi_data_fifo_v2_1_36_axic_fifo/design_1_axi_mem_intercon_imp_auto_pc_3_axi_data_fifo_v2_1_36_fifo_gen/<hidden>/<hidden>/<hidden>/<hidden>/<hidden>
    SLICE_X50Y75         LUT3 (Prop_lut3_I2_O)        0.099     1.440 f  design_1_wrapper/design_1/design_1_axi_mem_intercon_0/s05_couplers_imp_1YHCGIE/design_1_axi_mem_intercon_imp_auto_pc_3/design_1_axi_mem_intercon_imp_auto_pc_3_axi_protocol_converter_v2_1_37_axi_protocol_converter/design_1_axi_mem_intercon_imp_auto_pc_3_axi_protocol_converter_v2_1_37_axi3_conv/design_1_axi_mem_intercon_imp_auto_pc_3_axi_protocol_converter_v2_1_37_a_axi3_conv/design_1_axi_mem_intercon_imp_auto_pc_3_axi_data_fifo_v2_1_36_axic_fifo/design_1_axi_mem_intercon_imp_auto_pc_3_axi_data_fifo_v2_1_36_fifo_gen/<hidden>/<hidden>/<hidden>/<hidden>/<hidden>
                         net (fo=33, routed)          0.137     1.577    design_1_wrapper/design_1/design_1_axi_mem_intercon_0/s05_couplers_imp_1YHCGIE/design_1_axi_mem_intercon_imp_auto_pc_3/design_1_axi_mem_intercon_imp_auto_pc_3_axi_protocol_converter_v2_1_37_axi_protocol_converter/design_1_axi_mem_intercon_imp_auto_pc_3_axi_protocol_converter_v2_1_37_axi3_conv/design_1_axi_mem_intercon_imp_auto_pc_3_axi_protocol_converter_v2_1_37_a_axi3_conv/design_1_axi_mem_intercon_imp_auto_pc_3_axi_data_fifo_v2_1_36_axic_fifo/design_1_axi_mem_intercon_imp_auto_pc_3_axi_data_fifo_v2_1_36_fifo_gen/<hidden>/<hidden>/<hidden>/<hidden>/<hidden>/<hidden>
    SLICE_X51Y76         FDCE                                         f  design_1_wrapper/design_1/design_1_axi_mem_intercon_0/s05_couplers_imp_1YHCGIE/design_1_axi_mem_intercon_imp_auto_pc_3/design_1_axi_mem_intercon_imp_auto_pc_3_axi_protocol_converter_v2_1_37_axi_protocol_converter/design_1_axi_mem_intercon_imp_auto_pc_3_axi_protocol_converter_v2_1_37_axi3_conv/design_1_axi_mem_intercon_imp_auto_pc_3_axi_protocol_converter_v2_1_37_a_axi3_conv/design_1_axi_mem_intercon_imp_auto_pc_3_axi_data_fifo_v2_1_36_axic_fifo/design_1_axi_mem_intercon_imp_auto_pc_3_axi_data_fifo_v2_1_36_fifo_gen/<hidden>/<hidden>/<hidden>/<hidden>/<hidden>/<hidden>
  -------------------------------------------------------------------    -------------------

                         (clock clk_fpga_0 rise edge)
                                                      0.000     0.000 r  
    PS7_X0Y0             PS7                          0.000     0.000 r  design_1_i/processing_system7_0/inst/PS7_i/FCLKCLK[0]
                         net (fo=1, routed)           0.337     0.337    design_1_i/processing_system7_0/inst/FCLK_CLK_unbuffered[0]
    BUFGCTRL_X0Y16       BUFG (Prop_bufg_I_O)         0.029     0.366 r  design_1_i/processing_system7_0/inst/buffer_fclk_clk_0.FCLK_CLK_0_BUFG/O
                         net (fo=14851, routed)       0.805     1.171    design_1_wrapper/design_1/design_1_axi_mem_intercon_0/s05_couplers_imp_1YHCGIE/design_1_axi_mem_intercon_imp_auto_pc_3/design_1_axi_mem_intercon_imp_auto_pc_3_axi_protocol_converter_v2_1_37_axi_protocol_converter/design_1_axi_mem_intercon_imp_auto_pc_3_axi_protocol_converter_v2_1_37_axi3_conv/design_1_axi_mem_intercon_imp_auto_pc_3_axi_protocol_converter_v2_1_37_a_axi3_conv/design_1_axi_mem_intercon_imp_auto_pc_3_axi_data_fifo_v2_1_36_axic_fifo/design_1_axi_mem_intercon_imp_auto_pc_3_axi_data_fifo_v2_1_36_fifo_gen/<hidden>/<hidden>/<hidden>/<hidden>/<hidden>/<hidden>
    SLICE_X51Y76         FDCE                                         r  design_1_wrapper/design_1/design_1_axi_mem_intercon_0/s05_couplers_imp_1YHCGIE/design_1_axi_mem_intercon_imp_auto_pc_3/design_1_axi_mem_intercon_imp_auto_pc_3_axi_protocol_converter_v2_1_37_axi_protocol_converter/design_1_axi_mem_intercon_imp_auto_pc_3_axi_protocol_converter_v2_1_37_axi3_conv/design_1_axi_mem_intercon_imp_auto_pc_3_axi_protocol_converter_v2_1_37_a_axi3_conv/design_1_axi_mem_intercon_imp_auto_pc_3_axi_data_fifo_v2_1_36_axic_fifo/design_1_axi_mem_intercon_imp_auto_pc_3_axi_data_fifo_v2_1_36_fifo_gen/<hidden>/<hidden>/<hidden>/<hidden>/<hidden>/<hidden>
                         clock pessimism             -0.035     1.136    
    SLICE_X51Y76         FDCE (Remov_fdce_C_CLR)     -0.092     1.044    design_1_wrapper/design_1/design_1_axi_mem_intercon_0/s05_couplers_imp_1YHCGIE/design_1_axi_mem_intercon_imp_auto_pc_3/design_1_axi_mem_intercon_imp_auto_pc_3_axi_protocol_converter_v2_1_37_axi_protocol_converter/design_1_axi_mem_intercon_imp_auto_pc_3_axi_protocol_converter_v2_1_37_axi3_conv/design_1_axi_mem_intercon_imp_auto_pc_3_axi_protocol_converter_v2_1_37_a_axi3_conv/design_1_axi_mem_intercon_imp_auto_pc_3_axi_data_fifo_v2_1_36_axic_fifo/design_1_axi_mem_intercon_imp_auto_pc_3_axi_data_fifo_v2_1_36_fifo_gen/<hidden>/<hidden>/<hidden>/<hidden>/<hidden>/<hidden>
  -------------------------------------------------------------------
                         required time                         -1.044    
                         arrival time                           1.577    
  -------------------------------------------------------------------
                         slack                                  0.533    

Slack (MET) :             0.533ns  (arrival time - required time)
  Source:                 design_1_wrapper/design_1/design_1_axi_mem_intercon_0/s05_couplers_imp_1YHCGIE/design_1_axi_mem_intercon_imp_auto_pc_3/design_1_axi_mem_intercon_imp_auto_pc_3_axi_protocol_converter_v2_1_37_axi_protocol_converter/design_1_axi_mem_intercon_imp_auto_pc_3_axi_protocol_converter_v2_1_37_axi3_conv/design_1_axi_mem_intercon_imp_auto_pc_3_axi_protocol_converter_v2_1_37_a_axi3_conv/design_1_axi_mem_intercon_imp_auto_pc_3_axi_data_fifo_v2_1_36_axic_fifo/design_1_axi_mem_intercon_imp_auto_pc_3_axi_data_fifo_v2_1_36_fifo_gen/<hidden>/<hidden>/<hidden>/<hidden>/<hidden>/<hidden>
                            (rising edge-triggered cell FDPE clocked by clk_fpga_0  {rise@0.000ns fall@5.000ns period=10.000ns})
  Destination:            design_1_wrapper/design_1/design_1_axi_mem_intercon_0/s05_couplers_imp_1YHCGIE/design_1_axi_mem_intercon_imp_auto_pc_3/design_1_axi_mem_intercon_imp_auto_pc_3_axi_protocol_converter_v2_1_37_axi_protocol_converter/design_1_axi_mem_intercon_imp_auto_pc_3_axi_protocol_converter_v2_1_37_axi3_conv/design_1_axi_mem_intercon_imp_auto_pc_3_axi_protocol_converter_v2_1_37_a_axi3_conv/design_1_axi_mem_intercon_imp_auto_pc_3_axi_data_fifo_v2_1_36_axic_fifo/design_1_axi_mem_intercon_imp_auto_pc_3_axi_data_fifo_v2_1_36_fifo_gen/<hidden>/<hidden>/<hidden>/<hidden>/<hidden>/<hidden>
                            (removal check against rising-edge clock clk_fpga_0  {rise@0.000ns fall@5.000ns period=10.000ns})
  Path Group:             **async_default**
  Path Type:              Removal (Min at Fast Process Corner)
  Requirement:            0.000ns  (clk_fpga_0 rise@0.000ns - clk_fpga_0 rise@0.000ns)
  Data Path Delay:        0.695ns  (logic 0.227ns (32.648%)  route 0.468ns (67.352%))
  Logic Levels:           1  (LUT3=1)
  Clock Path Skew:        0.254ns (DCD - SCD - CPR)
    Destination Clock Delay (DCD):    1.171ns
    Source Clock Delay      (SCD):    0.882ns
    Clock Pessimism Removal (CPR):    0.035ns

    Location             Delay type                Incr(ns)  Path(ns)    Netlist Resource(s)
  -------------------------------------------------------------------    -------------------
                         (clock clk_fpga_0 rise edge)
                                                      0.000     0.000 r  
    PS7_X0Y0             PS7                          0.000     0.000 r  design_1_i/processing_system7_0/inst/PS7_i/FCLKCLK[0]
                         net (fo=1, routed)           0.310     0.310    design_1_i/processing_system7_0/inst/FCLK_CLK_unbuffered[0]
    BUFGCTRL_X0Y16       BUFG (Prop_bufg_I_O)         0.026     0.336 r  design_1_i/processing_system7_0/inst/buffer_fclk_clk_0.FCLK_CLK_0_BUFG/O
                         net (fo=14851, routed)       0.546     0.882    design_1_wrapper/design_1/design_1_axi_mem_intercon_0/s05_couplers_imp_1YHCGIE/design_1_axi_mem_intercon_imp_auto_pc_3/design_1_axi_mem_intercon_imp_auto_pc_3_axi_protocol_converter_v2_1_37_axi_protocol_converter/design_1_axi_mem_intercon_imp_auto_pc_3_axi_protocol_converter_v2_1_37_axi3_conv/design_1_axi_mem_intercon_imp_auto_pc_3_axi_protocol_converter_v2_1_37_a_axi3_conv/design_1_axi_mem_intercon_imp_auto_pc_3_axi_data_fifo_v2_1_36_axic_fifo/design_1_axi_mem_intercon_imp_auto_pc_3_axi_data_fifo_v2_1_36_fifo_gen/<hidden>/<hidden>/<hidden>/<hidden>/<hidden>/<hidden>
    SLICE_X48Y79         FDPE                                         r  design_1_wrapper/design_1/design_1_axi_mem_intercon_0/s05_couplers_imp_1YHCGIE/design_1_axi_mem_intercon_imp_auto_pc_3/design_1_axi_mem_intercon_imp_auto_pc_3_axi_protocol_converter_v2_1_37_axi_protocol_converter/design_1_axi_mem_intercon_imp_auto_pc_3_axi_protocol_converter_v2_1_37_axi3_conv/design_1_axi_mem_intercon_imp_auto_pc_3_axi_protocol_converter_v2_1_37_a_axi3_conv/design_1_axi_mem_intercon_imp_auto_pc_3_axi_data_fifo_v2_1_36_axic_fifo/design_1_axi_mem_intercon_imp_auto_pc_3_axi_data_fifo_v2_1_36_fifo_gen/<hidden>/<hidden>/<hidden>/<hidden>/<hidden>/<hidden>
  -------------------------------------------------------------------    -------------------
    SLICE_X48Y79         FDPE (Prop_fdpe_C_Q)         0.128     1.010 f  design_1_wrapper/design_1/design_1_axi_mem_intercon_0/s05_couplers_imp_1YHCGIE/design_1_axi_mem_intercon_imp_auto_pc_3/design_1_axi_mem_intercon_imp_auto_pc_3_axi_protocol_converter_v2_1_37_axi_protocol_converter/design_1_axi_mem_intercon_imp_auto_pc_3_axi_protocol_converter_v2_1_37_axi3_conv/design_1_axi_mem_intercon_imp_auto_pc_3_axi_protocol_converter_v2_1_37_a_axi3_conv/design_1_axi_mem_intercon_imp_auto_pc_3_axi_data_fifo_v2_1_36_axic_fifo/design_1_axi_mem_intercon_imp_auto_pc_3_axi_data_fifo_v2_1_36_fifo_gen/<hidden>/<hidden>/<hidden>/<hidden>/<hidden>/<hidden>
                         net (fo=2, routed)           0.331     1.341    design_1_wrapper/design_1/design_1_axi_mem_intercon_0/s05_couplers_imp_1YHCGIE/design_1_axi_mem_intercon_imp_auto_pc_3/design_1_axi_mem_intercon_imp_auto_pc_3_axi_protocol_converter_v2_1_37_axi_protocol_converter/design_1_axi_mem_intercon_imp_auto_pc_3_axi_protocol_converter_v2_1_37_axi3_conv/design_1_axi_mem_intercon_imp_auto_pc_3_axi_protocol_converter_v2_1_37_a_axi3_conv/design_1_axi_mem_intercon_imp_auto_pc_3_axi_data_fifo_v2_1_36_axic_fifo/design_1_axi_mem_intercon_imp_auto_pc_3_axi_data_fifo_v2_1_36_fifo_gen/<hidden>/<hidden>/<hidden>/<hidden>/<hidden>
    SLICE_X50Y75         LUT3 (Prop_lut3_I2_O)        0.099     1.440 f  design_1_wrapper/design_1/design_1_axi_mem_intercon_0/s05_couplers_imp_1YHCGIE/design_1_axi_mem_intercon_imp_auto_pc_3/design_1_axi_mem_intercon_imp_auto_pc_3_axi_protocol_converter_v2_1_37_axi_protocol_converter/design_1_axi_mem_intercon_imp_auto_pc_3_axi_protocol_converter_v2_1_37_axi3_conv/design_1_axi_mem_intercon_imp_auto_pc_3_axi_protocol_converter_v2_1_37_a_axi3_conv/design_1_axi_mem_intercon_imp_auto_pc_3_axi_data_fifo_v2_1_36_axic_fifo/design_1_axi_mem_intercon_imp_auto_pc_3_axi_data_fifo_v2_1_36_fifo_gen/<hidden>/<hidden>/<hidden>/<hidden>/<hidden>
                         net (fo=33, routed)          0.137     1.577    design_1_wrapper/design_1/design_1_axi_mem_intercon_0/s05_couplers_imp_1YHCGIE/design_1_axi_mem_intercon_imp_auto_pc_3/design_1_axi_mem_intercon_imp_auto_pc_3_axi_protocol_converter_v2_1_37_axi_protocol_converter/design_1_axi_mem_intercon_imp_auto_pc_3_axi_protocol_converter_v2_1_37_axi3_conv/design_1_axi_mem_intercon_imp_auto_pc_3_axi_protocol_converter_v2_1_37_a_axi3_conv/design_1_axi_mem_intercon_imp_auto_pc_3_axi_data_fifo_v2_1_36_axic_fifo/design_1_axi_mem_intercon_imp_auto_pc_3_axi_data_fifo_v2_1_36_fifo_gen/<hidden>/<hidden>/<hidden>/<hidden>/<hidden>/<hidden>
    SLICE_X51Y76         FDCE                                         f  design_1_wrapper/design_1/design_1_axi_mem_intercon_0/s05_couplers_imp_1YHCGIE/design_1_axi_mem_intercon_imp_auto_pc_3/design_1_axi_mem_intercon_imp_auto_pc_3_axi_protocol_converter_v2_1_37_axi_protocol_converter/design_1_axi_mem_intercon_imp_auto_pc_3_axi_protocol_converter_v2_1_37_axi3_conv/design_1_axi_mem_intercon_imp_auto_pc_3_axi_protocol_converter_v2_1_37_a_axi3_conv/design_1_axi_mem_intercon_imp_auto_pc_3_axi_data_fifo_v2_1_36_axic_fifo/design_1_axi_mem_intercon_imp_auto_pc_3_axi_data_fifo_v2_1_36_fifo_gen/<hidden>/<hidden>/<hidden>/<hidden>/<hidden>/<hidden>
  -------------------------------------------------------------------    -------------------

                         (clock clk_fpga_0 rise edge)
                                                      0.000     0.000 r  
    PS7_X0Y0             PS7                          0.000     0.000 r  design_1_i/processing_system7_0/inst/PS7_i/FCLKCLK[0]
                         net (fo=1, routed)           0.337     0.337    design_1_i/processing_system7_0/inst/FCLK_CLK_unbuffered[0]
    BUFGCTRL_X0Y16       BUFG (Prop_bufg_I_O)         0.029     0.366 r  design_1_i/processing_system7_0/inst/buffer_fclk_clk_0.FCLK_CLK_0_BUFG/O
                         net (fo=14851, routed)       0.805     1.171    design_1_wrapper/design_1/design_1_axi_mem_intercon_0/s05_couplers_imp_1YHCGIE/design_1_axi_mem_intercon_imp_auto_pc_3/design_1_axi_mem_intercon_imp_auto_pc_3_axi_protocol_converter_v2_1_37_axi_protocol_converter/design_1_axi_mem_intercon_imp_auto_pc_3_axi_protocol_converter_v2_1_37_axi3_conv/design_1_axi_mem_intercon_imp_auto_pc_3_axi_protocol_converter_v2_1_37_a_axi3_conv/design_1_axi_mem_intercon_imp_auto_pc_3_axi_data_fifo_v2_1_36_axic_fifo/design_1_axi_mem_intercon_imp_auto_pc_3_axi_data_fifo_v2_1_36_fifo_gen/<hidden>/<hidden>/<hidden>/<hidden>/<hidden>/<hidden>
    SLICE_X51Y76         FDCE                                         r  design_1_wrapper/design_1/design_1_axi_mem_intercon_0/s05_couplers_imp_1YHCGIE/design_1_axi_mem_intercon_imp_auto_pc_3/design_1_axi_mem_intercon_imp_auto_pc_3_axi_protocol_converter_v2_1_37_axi_protocol_converter/design_1_axi_mem_intercon_imp_auto_pc_3_axi_protocol_converter_v2_1_37_axi3_conv/design_1_axi_mem_intercon_imp_auto_pc_3_axi_protocol_converter_v2_1_37_a_axi3_conv/design_1_axi_mem_intercon_imp_auto_pc_3_axi_data_fifo_v2_1_36_axic_fifo/design_1_axi_mem_intercon_imp_auto_pc_3_axi_data_fifo_v2_1_36_fifo_gen/<hidden>/<hidden>/<hidden>/<hidden>/<hidden>/<hidden>
                         clock pessimism             -0.035     1.136    
    SLICE_X51Y76         FDCE (Remov_fdce_C_CLR)     -0.092     1.044    design_1_wrapper/design_1/design_1_axi_mem_intercon_0/s05_couplers_imp_1YHCGIE/design_1_axi_mem_intercon_imp_auto_pc_3/design_1_axi_mem_intercon_imp_auto_pc_3_axi_protocol_converter_v2_1_37_axi_protocol_converter/design_1_axi_mem_intercon_imp_auto_pc_3_axi_protocol_converter_v2_1_37_axi3_conv/design_1_axi_mem_intercon_imp_auto_pc_3_axi_protocol_converter_v2_1_37_a_axi3_conv/design_1_axi_mem_intercon_imp_auto_pc_3_axi_data_fifo_v2_1_36_axic_fifo/design_1_axi_mem_intercon_imp_auto_pc_3_axi_data_fifo_v2_1_36_fifo_gen/<hidden>/<hidden>/<hidden>/<hidden>/<hidden>/<hidden>
  -------------------------------------------------------------------
                         required time                         -1.044    
                         arrival time                           1.577    
  -------------------------------------------------------------------
                         slack                                  0.533    

Slack (MET) :             0.536ns  (arrival time - required time)
  Source:                 design_1_wrapper/design_1/design_1_axi_mem_intercon_0/s05_couplers_imp_1YHCGIE/design_1_axi_mem_intercon_imp_auto_pc_3/design_1_axi_mem_intercon_imp_auto_pc_3_axi_protocol_converter_v2_1_37_axi_protocol_converter/design_1_axi_mem_intercon_imp_auto_pc_3_axi_protocol_converter_v2_1_37_axi3_conv/design_1_axi_mem_intercon_imp_auto_pc_3_axi_protocol_converter_v2_1_37_a_axi3_conv/design_1_axi_mem_intercon_imp_auto_pc_3_axi_data_fifo_v2_1_36_axic_fifo/design_1_axi_mem_intercon_imp_auto_pc_3_axi_data_fifo_v2_1_36_fifo_gen/<hidden>/<hidden>/<hidden>/<hidden>/<hidden>/<hidden>
                            (rising edge-triggered cell FDPE clocked by clk_fpga_0  {rise@0.000ns fall@5.000ns period=10.000ns})
  Destination:            design_1_wrapper/design_1/design_1_axi_mem_intercon_0/s05_couplers_imp_1YHCGIE/design_1_axi_mem_intercon_imp_auto_pc_3/design_1_axi_mem_intercon_imp_auto_pc_3_axi_protocol_converter_v2_1_37_axi_protocol_converter/design_1_axi_mem_intercon_imp_auto_pc_3_axi_protocol_converter_v2_1_37_axi3_conv/design_1_axi_mem_intercon_imp_auto_pc_3_axi_protocol_converter_v2_1_37_a_axi3_conv/design_1_axi_mem_intercon_imp_auto_pc_3_axi_data_fifo_v2_1_36_axic_fifo/design_1_axi_mem_intercon_imp_auto_pc_3_axi_data_fifo_v2_1_36_fifo_gen/<hidden>/<hidden>/<hidden>/<hidden>/<hidden>/<hidden>
                            (removal check against rising-edge clock clk_fpga_0  {rise@0.000ns fall@5.000ns period=10.000ns})
  Path Group:             **async_default**
  Path Type:              Removal (Min at Fast Process Corner)
  Requirement:            0.000ns  (clk_fpga_0 rise@0.000ns - clk_fpga_0 rise@0.000ns)
  Data Path Delay:        0.695ns  (logic 0.227ns (32.648%)  route 0.468ns (67.352%))
  Logic Levels:           1  (LUT3=1)
  Clock Path Skew:        0.254ns (DCD - SCD - CPR)
    Destination Clock Delay (DCD):    1.171ns
    Source Clock Delay      (SCD):    0.882ns
    Clock Pessimism Removal (CPR):    0.035ns

    Location             Delay type                Incr(ns)  Path(ns)    Netlist Resource(s)
  -------------------------------------------------------------------    -------------------
                         (clock clk_fpga_0 rise edge)
                                                      0.000     0.000 r  
    PS7_X0Y0             PS7                          0.000     0.000 r  design_1_i/processing_system7_0/inst/PS7_i/FCLKCLK[0]
                         net (fo=1, routed)           0.310     0.310    design_1_i/processing_system7_0/inst/FCLK_CLK_unbuffered[0]
    BUFGCTRL_X0Y16       BUFG (Prop_bufg_I_O)         0.026     0.336 r  design_1_i/processing_system7_0/inst/buffer_fclk_clk_0.FCLK_CLK_0_BUFG/O
                         net (fo=14851, routed)       0.546     0.882    design_1_wrapper/design_1/design_1_axi_mem_intercon_0/s05_couplers_imp_1YHCGIE/design_1_axi_mem_intercon_imp_auto_pc_3/design_1_axi_mem_intercon_imp_auto_pc_3_axi_protocol_converter_v2_1_37_axi_protocol_converter/design_1_axi_mem_intercon_imp_auto_pc_3_axi_protocol_converter_v2_1_37_axi3_conv/design_1_axi_mem_intercon_imp_auto_pc_3_axi_protocol_converter_v2_1_37_a_axi3_conv/design_1_axi_mem_intercon_imp_auto_pc_3_axi_data_fifo_v2_1_36_axic_fifo/design_1_axi_mem_intercon_imp_auto_pc_3_axi_data_fifo_v2_1_36_fifo_gen/<hidden>/<hidden>/<hidden>/<hidden>/<hidden>/<hidden>
    SLICE_X48Y79         FDPE                                         r  design_1_wrapper/design_1/design_1_axi_mem_intercon_0/s05_couplers_imp_1YHCGIE/design_1_axi_mem_intercon_imp_auto_pc_3/design_1_axi_mem_intercon_imp_auto_pc_3_axi_protocol_converter_v2_1_37_axi_protocol_converter/design_1_axi_mem_intercon_imp_auto_pc_3_axi_protocol_converter_v2_1_37_axi3_conv/design_1_axi_mem_intercon_imp_auto_pc_3_axi_protocol_converter_v2_1_37_a_axi3_conv/design_1_axi_mem_intercon_imp_auto_pc_3_axi_data_fifo_v2_1_36_axic_fifo/design_1_axi_mem_intercon_imp_auto_pc_3_axi_data_fifo_v2_1_36_fifo_gen/<hidden>/<hidden>/<hidden>/<hidden>/<hidden>/<hidden>
  -------------------------------------------------------------------    -------------------
    SLICE_X48Y79         FDPE (Prop_fdpe_C_Q)         0.128     1.010 f  design_1_wrapper/design_1/design_1_axi_mem_intercon_0/s05_couplers_imp_1YHCGIE/design_1_axi_mem_intercon_imp_auto_pc_3/design_1_axi_mem_intercon_imp_auto_pc_3_axi_protocol_converter_v2_1_37_axi_protocol_converter/design_1_axi_mem_intercon_imp_auto_pc_3_axi_protocol_converter_v2_1_37_axi3_conv/design_1_axi_mem_intercon_imp_auto_pc_3_axi_protocol_converter_v2_1_37_a_axi3_conv/design_1_axi_mem_intercon_imp_auto_pc_3_axi_data_fifo_v2_1_36_axic_fifo/design_1_axi_mem_intercon_imp_auto_pc_3_axi_data_fifo_v2_1_36_fifo_gen/<hidden>/<hidden>/<hidden>/<hidden>/<hidden>/<hidden>
                         net (fo=2, routed)           0.331     1.341    design_1_wrapper/design_1/design_1_axi_mem_intercon_0/s05_couplers_imp_1YHCGIE/design_1_axi_mem_intercon_imp_auto_pc_3/design_1_axi_mem_intercon_imp_auto_pc_3_axi_protocol_converter_v2_1_37_axi_protocol_converter/design_1_axi_mem_intercon_imp_auto_pc_3_axi_protocol_converter_v2_1_37_axi3_conv/design_1_axi_mem_intercon_imp_auto_pc_3_axi_protocol_converter_v2_1_37_a_axi3_conv/design_1_axi_mem_intercon_imp_auto_pc_3_axi_data_fifo_v2_1_36_axic_fifo/design_1_axi_mem_intercon_imp_auto_pc_3_axi_data_fifo_v2_1_36_fifo_gen/<hidden>/<hidden>/<hidden>/<hidden>/<hidden>
    SLICE_X50Y75         LUT3 (Prop_lut3_I2_O)        0.099     1.440 f  design_1_wrapper/design_1/design_1_axi_mem_intercon_0/s05_couplers_imp_1YHCGIE/design_1_axi_mem_intercon_imp_auto_pc_3/design_1_axi_mem_intercon_imp_auto_pc_3_axi_protocol_converter_v2_1_37_axi_protocol_converter/design_1_axi_mem_intercon_imp_auto_pc_3_axi_protocol_converter_v2_1_37_axi3_conv/design_1_axi_mem_intercon_imp_auto_pc_3_axi_protocol_converter_v2_1_37_a_axi3_conv/design_1_axi_mem_intercon_imp_auto_pc_3_axi_data_fifo_v2_1_36_axic_fifo/design_1_axi_mem_intercon_imp_auto_pc_3_axi_data_fifo_v2_1_36_fifo_gen/<hidden>/<hidden>/<hidden>/<hidden>/<hidden>
                         net (fo=33, routed)          0.137     1.577    design_1_wrapper/design_1/design_1_axi_mem_intercon_0/s05_couplers_imp_1YHCGIE/design_1_axi_mem_intercon_imp_auto_pc_3/design_1_axi_mem_intercon_imp_auto_pc_3_axi_protocol_converter_v2_1_37_axi_protocol_converter/design_1_axi_mem_intercon_imp_auto_pc_3_axi_protocol_converter_v2_1_37_axi3_conv/design_1_axi_mem_intercon_imp_auto_pc_3_axi_protocol_converter_v2_1_37_a_axi3_conv/design_1_axi_mem_intercon_imp_auto_pc_3_axi_data_fifo_v2_1_36_axic_fifo/design_1_axi_mem_intercon_imp_auto_pc_3_axi_data_fifo_v2_1_36_fifo_gen/<hidden>/<hidden>/<hidden>/<hidden>/<hidden>/<hidden>
    SLICE_X51Y76         FDPE                                         f  design_1_wrapper/design_1/design_1_axi_mem_intercon_0/s05_couplers_imp_1YHCGIE/design_1_axi_mem_intercon_imp_auto_pc_3/design_1_axi_mem_intercon_imp_auto_pc_3_axi_protocol_converter_v2_1_37_axi_protocol_converter/design_1_axi_mem_intercon_imp_auto_pc_3_axi_protocol_converter_v2_1_37_axi3_conv/design_1_axi_mem_intercon_imp_auto_pc_3_axi_protocol_converter_v2_1_37_a_axi3_conv/design_1_axi_mem_intercon_imp_auto_pc_3_axi_data_fifo_v2_1_36_axic_fifo/design_1_axi_mem_intercon_imp_auto_pc_3_axi_data_fifo_v2_1_36_fifo_gen/<hidden>/<hidden>/<hidden>/<hidden>/<hidden>/<hidden>
  -------------------------------------------------------------------    -------------------

                         (clock clk_fpga_0 rise edge)
                                                      0.000     0.000 r  
    PS7_X0Y0             PS7                          0.000     0.000 r  design_1_i/processing_system7_0/inst/PS7_i/FCLKCLK[0]
                         net (fo=1, routed)           0.337     0.337    design_1_i/processing_system7_0/inst/FCLK_CLK_unbuffered[0]
    BUFGCTRL_X0Y16       BUFG (Prop_bufg_I_O)         0.029     0.366 r  design_1_i/processing_system7_0/inst/buffer_fclk_clk_0.FCLK_CLK_0_BUFG/O
                         net (fo=14851, routed)       0.805     1.171    design_1_wrapper/design_1/design_1_axi_mem_intercon_0/s05_couplers_imp_1YHCGIE/design_1_axi_mem_intercon_imp_auto_pc_3/design_1_axi_mem_intercon_imp_auto_pc_3_axi_protocol_converter_v2_1_37_axi_protocol_converter/design_1_axi_mem_intercon_imp_auto_pc_3_axi_protocol_converter_v2_1_37_axi3_conv/design_1_axi_mem_intercon_imp_auto_pc_3_axi_protocol_converter_v2_1_37_a_axi3_conv/design_1_axi_mem_intercon_imp_auto_pc_3_axi_data_fifo_v2_1_36_axic_fifo/design_1_axi_mem_intercon_imp_auto_pc_3_axi_data_fifo_v2_1_36_fifo_gen/<hidden>/<hidden>/<hidden>/<hidden>/<hidden>/<hidden>
    SLICE_X51Y76         FDPE                                         r  design_1_wrapper/design_1/design_1_axi_mem_intercon_0/s05_couplers_imp_1YHCGIE/design_1_axi_mem_intercon_imp_auto_pc_3/design_1_axi_mem_intercon_imp_auto_pc_3_axi_protocol_converter_v2_1_37_axi_protocol_converter/design_1_axi_mem_intercon_imp_auto_pc_3_axi_protocol_converter_v2_1_37_axi3_conv/design_1_axi_mem_intercon_imp_auto_pc_3_axi_protocol_converter_v2_1_37_a_axi3_conv/design_1_axi_mem_intercon_imp_auto_pc_3_axi_data_fifo_v2_1_36_axic_fifo/design_1_axi_mem_intercon_imp_auto_pc_3_axi_data_fifo_v2_1_36_fifo_gen/<hidden>/<hidden>/<hidden>/<hidden>/<hidden>/<hidden>
                         clock pessimism             -0.035     1.136    
    SLICE_X51Y76         FDPE (Remov_fdpe_C_PRE)     -0.095     1.041    design_1_wrapper/design_1/design_1_axi_mem_intercon_0/s05_couplers_imp_1YHCGIE/design_1_axi_mem_intercon_imp_auto_pc_3/design_1_axi_mem_intercon_imp_auto_pc_3_axi_protocol_converter_v2_1_37_axi_protocol_converter/design_1_axi_mem_intercon_imp_auto_pc_3_axi_protocol_converter_v2_1_37_axi3_conv/design_1_axi_mem_intercon_imp_auto_pc_3_axi_protocol_converter_v2_1_37_a_axi3_conv/design_1_axi_mem_intercon_imp_auto_pc_3_axi_data_fifo_v2_1_36_axic_fifo/design_1_axi_mem_intercon_imp_auto_pc_3_axi_data_fifo_v2_1_36_fifo_gen/<hidden>/<hidden>/<hidden>/<hidden>/<hidden>/<hidden>
  -------------------------------------------------------------------
                         required time                         -1.041    
                         arrival time                           1.577    
  -------------------------------------------------------------------
                         slack                                  0.536    

Slack (MET) :             0.536ns  (arrival time - required time)
  Source:                 design_1_wrapper/design_1/design_1_axi_mem_intercon_0/s05_couplers_imp_1YHCGIE/design_1_axi_mem_intercon_imp_auto_pc_3/design_1_axi_mem_intercon_imp_auto_pc_3_axi_protocol_converter_v2_1_37_axi_protocol_converter/design_1_axi_mem_intercon_imp_auto_pc_3_axi_protocol_converter_v2_1_37_axi3_conv/design_1_axi_mem_intercon_imp_auto_pc_3_axi_protocol_converter_v2_1_37_a_axi3_conv/design_1_axi_mem_intercon_imp_auto_pc_3_axi_data_fifo_v2_1_36_axic_fifo/design_1_axi_mem_intercon_imp_auto_pc_3_axi_data_fifo_v2_1_36_fifo_gen/<hidden>/<hidden>/<hidden>/<hidden>/<hidden>/<hidden>
                            (rising edge-triggered cell FDPE clocked by clk_fpga_0  {rise@0.000ns fall@5.000ns period=10.000ns})
  Destination:            design_1_wrapper/design_1/design_1_axi_mem_intercon_0/s05_couplers_imp_1YHCGIE/design_1_axi_mem_intercon_imp_auto_pc_3/design_1_axi_mem_intercon_imp_auto_pc_3_axi_protocol_converter_v2_1_37_axi_protocol_converter/design_1_axi_mem_intercon_imp_auto_pc_3_axi_protocol_converter_v2_1_37_axi3_conv/design_1_axi_mem_intercon_imp_auto_pc_3_axi_protocol_converter_v2_1_37_a_axi3_conv/design_1_axi_mem_intercon_imp_auto_pc_3_axi_data_fifo_v2_1_36_axic_fifo/design_1_axi_mem_intercon_imp_auto_pc_3_axi_data_fifo_v2_1_36_fifo_gen/<hidden>/<hidden>/<hidden>/<hidden>/<hidden>/<hidden>
                            (removal check against rising-edge clock clk_fpga_0  {rise@0.000ns fall@5.000ns period=10.000ns})
  Path Group:             **async_default**
  Path Type:              Removal (Min at Fast Process Corner)
  Requirement:            0.000ns  (clk_fpga_0 rise@0.000ns - clk_fpga_0 rise@0.000ns)
  Data Path Delay:        0.695ns  (logic 0.227ns (32.648%)  route 0.468ns (67.352%))
  Logic Levels:           1  (LUT3=1)
  Clock Path Skew:        0.254ns (DCD - SCD - CPR)
    Destination Clock Delay (DCD):    1.171ns
    Source Clock Delay      (SCD):    0.882ns
    Clock Pessimism Removal (CPR):    0.035ns

    Location             Delay type                Incr(ns)  Path(ns)    Netlist Resource(s)
  -------------------------------------------------------------------    -------------------
                         (clock clk_fpga_0 rise edge)
                                                      0.000     0.000 r  
    PS7_X0Y0             PS7                          0.000     0.000 r  design_1_i/processing_system7_0/inst/PS7_i/FCLKCLK[0]
                         net (fo=1, routed)           0.310     0.310    design_1_i/processing_system7_0/inst/FCLK_CLK_unbuffered[0]
    BUFGCTRL_X0Y16       BUFG (Prop_bufg_I_O)         0.026     0.336 r  design_1_i/processing_system7_0/inst/buffer_fclk_clk_0.FCLK_CLK_0_BUFG/O
                         net (fo=14851, routed)       0.546     0.882    design_1_wrapper/design_1/design_1_axi_mem_intercon_0/s05_couplers_imp_1YHCGIE/design_1_axi_mem_intercon_imp_auto_pc_3/design_1_axi_mem_intercon_imp_auto_pc_3_axi_protocol_converter_v2_1_37_axi_protocol_converter/design_1_axi_mem_intercon_imp_auto_pc_3_axi_protocol_converter_v2_1_37_axi3_conv/design_1_axi_mem_intercon_imp_auto_pc_3_axi_protocol_converter_v2_1_37_a_axi3_conv/design_1_axi_mem_intercon_imp_auto_pc_3_axi_data_fifo_v2_1_36_axic_fifo/design_1_axi_mem_intercon_imp_auto_pc_3_axi_data_fifo_v2_1_36_fifo_gen/<hidden>/<hidden>/<hidden>/<hidden>/<hidden>/<hidden>
    SLICE_X48Y79         FDPE                                         r  design_1_wrapper/design_1/design_1_axi_mem_intercon_0/s05_couplers_imp_1YHCGIE/design_1_axi_mem_intercon_imp_auto_pc_3/design_1_axi_mem_intercon_imp_auto_pc_3_axi_protocol_converter_v2_1_37_axi_protocol_converter/design_1_axi_mem_intercon_imp_auto_pc_3_axi_protocol_converter_v2_1_37_axi3_conv/design_1_axi_mem_intercon_imp_auto_pc_3_axi_protocol_converter_v2_1_37_a_axi3_conv/design_1_axi_mem_intercon_imp_auto_pc_3_axi_data_fifo_v2_1_36_axic_fifo/design_1_axi_mem_intercon_imp_auto_pc_3_axi_data_fifo_v2_1_36_fifo_gen/<hidden>/<hidden>/<hidden>/<hidden>/<hidden>/<hidden>
  -------------------------------------------------------------------    -------------------
    SLICE_X48Y79         FDPE (Prop_fdpe_C_Q)         0.128     1.010 f  design_1_wrapper/design_1/design_1_axi_mem_intercon_0/s05_couplers_imp_1YHCGIE/design_1_axi_mem_intercon_imp_auto_pc_3/design_1_axi_mem_intercon_imp_auto_pc_3_axi_protocol_converter_v2_1_37_axi_protocol_converter/design_1_axi_mem_intercon_imp_auto_pc_3_axi_protocol_converter_v2_1_37_axi3_conv/design_1_axi_mem_intercon_imp_auto_pc_3_axi_protocol_converter_v2_1_37_a_axi3_conv/design_1_axi_mem_intercon_imp_auto_pc_3_axi_data_fifo_v2_1_36_axic_fifo/design_1_axi_mem_intercon_imp_auto_pc_3_axi_data_fifo_v2_1_36_fifo_gen/<hidden>/<hidden>/<hidden>/<hidden>/<hidden>/<hidden>
                         net (fo=2, routed)           0.331     1.341    design_1_wrapper/design_1/design_1_axi_mem_intercon_0/s05_couplers_imp_1YHCGIE/design_1_axi_mem_intercon_imp_auto_pc_3/design_1_axi_mem_intercon_imp_auto_pc_3_axi_protocol_converter_v2_1_37_axi_protocol_converter/design_1_axi_mem_intercon_imp_auto_pc_3_axi_protocol_converter_v2_1_37_axi3_conv/design_1_axi_mem_intercon_imp_auto_pc_3_axi_protocol_converter_v2_1_37_a_axi3_conv/design_1_axi_mem_intercon_imp_auto_pc_3_axi_data_fifo_v2_1_36_axic_fifo/design_1_axi_mem_intercon_imp_auto_pc_3_axi_data_fifo_v2_1_36_fifo_gen/<hidden>/<hidden>/<hidden>/<hidden>/<hidden>
    SLICE_X50Y75         LUT3 (Prop_lut3_I2_O)        0.099     1.440 f  design_1_wrapper/design_1/design_1_axi_mem_intercon_0/s05_couplers_imp_1YHCGIE/design_1_axi_mem_intercon_imp_auto_pc_3/design_1_axi_mem_intercon_imp_auto_pc_3_axi_protocol_converter_v2_1_37_axi_protocol_converter/design_1_axi_mem_intercon_imp_auto_pc_3_axi_protocol_converter_v2_1_37_axi3_conv/design_1_axi_mem_intercon_imp_auto_pc_3_axi_protocol_converter_v2_1_37_a_axi3_conv/design_1_axi_mem_intercon_imp_auto_pc_3_axi_data_fifo_v2_1_36_axic_fifo/design_1_axi_mem_intercon_imp_auto_pc_3_axi_data_fifo_v2_1_36_fifo_gen/<hidden>/<hidden>/<hidden>/<hidden>/<hidden>
                         net (fo=33, routed)          0.137     1.577    design_1_wrapper/design_1/design_1_axi_mem_intercon_0/s05_couplers_imp_1YHCGIE/design_1_axi_mem_intercon_imp_auto_pc_3/design_1_axi_mem_intercon_imp_auto_pc_3_axi_protocol_converter_v2_1_37_axi_protocol_converter/design_1_axi_mem_intercon_imp_auto_pc_3_axi_protocol_converter_v2_1_37_axi3_conv/design_1_axi_mem_intercon_imp_auto_pc_3_axi_protocol_converter_v2_1_37_a_axi3_conv/design_1_axi_mem_intercon_imp_auto_pc_3_axi_data_fifo_v2_1_36_axic_fifo/design_1_axi_mem_intercon_imp_auto_pc_3_axi_data_fifo_v2_1_36_fifo_gen/<hidden>/<hidden>/<hidden>/<hidden>/<hidden>/<hidden>
    SLICE_X51Y76         FDPE                                         f  design_1_wrapper/design_1/design_1_axi_mem_intercon_0/s05_couplers_imp_1YHCGIE/design_1_axi_mem_intercon_imp_auto_pc_3/design_1_axi_mem_intercon_imp_auto_pc_3_axi_protocol_converter_v2_1_37_axi_protocol_converter/design_1_axi_mem_intercon_imp_auto_pc_3_axi_protocol_converter_v2_1_37_axi3_conv/design_1_axi_mem_intercon_imp_auto_pc_3_axi_protocol_converter_v2_1_37_a_axi3_conv/design_1_axi_mem_intercon_imp_auto_pc_3_axi_data_fifo_v2_1_36_axic_fifo/design_1_axi_mem_intercon_imp_auto_pc_3_axi_data_fifo_v2_1_36_fifo_gen/<hidden>/<hidden>/<hidden>/<hidden>/<hidden>/<hidden>
  -------------------------------------------------------------------    -------------------

                         (clock clk_fpga_0 rise edge)
                                                      0.000     0.000 r  
    PS7_X0Y0             PS7                          0.000     0.000 r  design_1_i/processing_system7_0/inst/PS7_i/FCLKCLK[0]
                         net (fo=1, routed)           0.337     0.337    design_1_i/processing_system7_0/inst/FCLK_CLK_unbuffered[0]
    BUFGCTRL_X0Y16       BUFG (Prop_bufg_I_O)         0.029     0.366 r  design_1_i/processing_system7_0/inst/buffer_fclk_clk_0.FCLK_CLK_0_BUFG/O
                         net (fo=14851, routed)       0.805     1.171    design_1_wrapper/design_1/design_1_axi_mem_intercon_0/s05_couplers_imp_1YHCGIE/design_1_axi_mem_intercon_imp_auto_pc_3/design_1_axi_mem_intercon_imp_auto_pc_3_axi_protocol_converter_v2_1_37_axi_protocol_converter/design_1_axi_mem_intercon_imp_auto_pc_3_axi_protocol_converter_v2_1_37_axi3_conv/design_1_axi_mem_intercon_imp_auto_pc_3_axi_protocol_converter_v2_1_37_a_axi3_conv/design_1_axi_mem_intercon_imp_auto_pc_3_axi_data_fifo_v2_1_36_axic_fifo/design_1_axi_mem_intercon_imp_auto_pc_3_axi_data_fifo_v2_1_36_fifo_gen/<hidden>/<hidden>/<hidden>/<hidden>/<hidden>/<hidden>
    SLICE_X51Y76         FDPE                                         r  design_1_wrapper/design_1/design_1_axi_mem_intercon_0/s05_couplers_imp_1YHCGIE/design_1_axi_mem_intercon_imp_auto_pc_3/design_1_axi_mem_intercon_imp_auto_pc_3_axi_protocol_converter_v2_1_37_axi_protocol_converter/design_1_axi_mem_intercon_imp_auto_pc_3_axi_protocol_converter_v2_1_37_axi3_conv/design_1_axi_mem_intercon_imp_auto_pc_3_axi_protocol_converter_v2_1_37_a_axi3_conv/design_1_axi_mem_intercon_imp_auto_pc_3_axi_data_fifo_v2_1_36_axic_fifo/design_1_axi_mem_intercon_imp_auto_pc_3_axi_data_fifo_v2_1_36_fifo_gen/<hidden>/<hidden>/<hidden>/<hidden>/<hidden>/<hidden>
                         clock pessimism             -0.035     1.136    
    SLICE_X51Y76         FDPE (Remov_fdpe_C_PRE)     -0.095     1.041    design_1_wrapper/design_1/design_1_axi_mem_intercon_0/s05_couplers_imp_1YHCGIE/design_1_axi_mem_intercon_imp_auto_pc_3/design_1_axi_mem_intercon_imp_auto_pc_3_axi_protocol_converter_v2_1_37_axi_protocol_converter/design_1_axi_mem_intercon_imp_auto_pc_3_axi_protocol_converter_v2_1_37_axi3_conv/design_1_axi_mem_intercon_imp_auto_pc_3_axi_protocol_converter_v2_1_37_a_axi3_conv/design_1_axi_mem_intercon_imp_auto_pc_3_axi_data_fifo_v2_1_36_axic_fifo/design_1_axi_mem_intercon_imp_auto_pc_3_axi_data_fifo_v2_1_36_fifo_gen/<hidden>/<hidden>/<hidden>/<hidden>/<hidden>/<hidden>
  -------------------------------------------------------------------
                         required time                         -1.041    
                         arrival time                           1.577    
  -------------------------------------------------------------------
                         slack                                  0.536    

Slack (MET) :             0.536ns  (arrival time - required time)
  Source:                 design_1_wrapper/design_1/design_1_axi_mem_intercon_0/s05_couplers_imp_1YHCGIE/design_1_axi_mem_intercon_imp_auto_pc_3/design_1_axi_mem_intercon_imp_auto_pc_3_axi_protocol_converter_v2_1_37_axi_protocol_converter/design_1_axi_mem_intercon_imp_auto_pc_3_axi_protocol_converter_v2_1_37_axi3_conv/design_1_axi_mem_intercon_imp_auto_pc_3_axi_protocol_converter_v2_1_37_a_axi3_conv/design_1_axi_mem_intercon_imp_auto_pc_3_axi_data_fifo_v2_1_36_axic_fifo/design_1_axi_mem_intercon_imp_auto_pc_3_axi_data_fifo_v2_1_36_fifo_gen/<hidden>/<hidden>/<hidden>/<hidden>/<hidden>/<hidden>
                            (rising edge-triggered cell FDPE clocked by clk_fpga_0  {rise@0.000ns fall@5.000ns period=10.000ns})
  Destination:            design_1_wrapper/design_1/design_1_axi_mem_intercon_0/s05_couplers_imp_1YHCGIE/design_1_axi_mem_intercon_imp_auto_pc_3/design_1_axi_mem_intercon_imp_auto_pc_3_axi_protocol_converter_v2_1_37_axi_protocol_converter/design_1_axi_mem_intercon_imp_auto_pc_3_axi_protocol_converter_v2_1_37_axi3_conv/design_1_axi_mem_intercon_imp_auto_pc_3_axi_protocol_converter_v2_1_37_a_axi3_conv/design_1_axi_mem_intercon_imp_auto_pc_3_axi_data_fifo_v2_1_36_axic_fifo/design_1_axi_mem_intercon_imp_auto_pc_3_axi_data_fifo_v2_1_36_fifo_gen/<hidden>/<hidden>/<hidden>/<hidden>/<hidden>/<hidden>
                            (removal check against rising-edge clock clk_fpga_0  {rise@0.000ns fall@5.000ns period=10.000ns})
  Path Group:             **async_default**
  Path Type:              Removal (Min at Fast Process Corner)
  Requirement:            0.000ns  (clk_fpga_0 rise@0.000ns - clk_fpga_0 rise@0.000ns)
  Data Path Delay:        0.695ns  (logic 0.227ns (32.648%)  route 0.468ns (67.352%))
  Logic Levels:           1  (LUT3=1)
  Clock Path Skew:        0.254ns (DCD - SCD - CPR)
    Destination Clock Delay (DCD):    1.171ns
    Source Clock Delay      (SCD):    0.882ns
    Clock Pessimism Removal (CPR):    0.035ns

    Location             Delay type                Incr(ns)  Path(ns)    Netlist Resource(s)
  -------------------------------------------------------------------    -------------------
                         (clock clk_fpga_0 rise edge)
                                                      0.000     0.000 r  
    PS7_X0Y0             PS7                          0.000     0.000 r  design_1_i/processing_system7_0/inst/PS7_i/FCLKCLK[0]
                         net (fo=1, routed)           0.310     0.310    design_1_i/processing_system7_0/inst/FCLK_CLK_unbuffered[0]
    BUFGCTRL_X0Y16       BUFG (Prop_bufg_I_O)         0.026     0.336 r  design_1_i/processing_system7_0/inst/buffer_fclk_clk_0.FCLK_CLK_0_BUFG/O
                         net (fo=14851, routed)       0.546     0.882    design_1_wrapper/design_1/design_1_axi_mem_intercon_0/s05_couplers_imp_1YHCGIE/design_1_axi_mem_intercon_imp_auto_pc_3/design_1_axi_mem_intercon_imp_auto_pc_3_axi_protocol_converter_v2_1_37_axi_protocol_converter/design_1_axi_mem_intercon_imp_auto_pc_3_axi_protocol_converter_v2_1_37_axi3_conv/design_1_axi_mem_intercon_imp_auto_pc_3_axi_protocol_converter_v2_1_37_a_axi3_conv/design_1_axi_mem_intercon_imp_auto_pc_3_axi_data_fifo_v2_1_36_axic_fifo/design_1_axi_mem_intercon_imp_auto_pc_3_axi_data_fifo_v2_1_36_fifo_gen/<hidden>/<hidden>/<hidden>/<hidden>/<hidden>/<hidden>
    SLICE_X48Y79         FDPE                                         r  design_1_wrapper/design_1/design_1_axi_mem_intercon_0/s05_couplers_imp_1YHCGIE/design_1_axi_mem_intercon_imp_auto_pc_3/design_1_axi_mem_intercon_imp_auto_pc_3_axi_protocol_converter_v2_1_37_axi_protocol_converter/design_1_axi_mem_intercon_imp_auto_pc_3_axi_protocol_converter_v2_1_37_axi3_conv/design_1_axi_mem_intercon_imp_auto_pc_3_axi_protocol_converter_v2_1_37_a_axi3_conv/design_1_axi_mem_intercon_imp_auto_pc_3_axi_data_fifo_v2_1_36_axic_fifo/design_1_axi_mem_intercon_imp_auto_pc_3_axi_data_fifo_v2_1_36_fifo_gen/<hidden>/<hidden>/<hidden>/<hidden>/<hidden>/<hidden>
  -------------------------------------------------------------------    -------------------
    SLICE_X48Y79         FDPE (Prop_fdpe_C_Q)         0.128     1.010 f  design_1_wrapper/design_1/design_1_axi_mem_intercon_0/s05_couplers_imp_1YHCGIE/design_1_axi_mem_intercon_imp_auto_pc_3/design_1_axi_mem_intercon_imp_auto_pc_3_axi_protocol_converter_v2_1_37_axi_protocol_converter/design_1_axi_mem_intercon_imp_auto_pc_3_axi_protocol_converter_v2_1_37_axi3_conv/design_1_axi_mem_intercon_imp_auto_pc_3_axi_protocol_converter_v2_1_37_a_axi3_conv/design_1_axi_mem_intercon_imp_auto_pc_3_axi_data_fifo_v2_1_36_axic_fifo/design_1_axi_mem_intercon_imp_auto_pc_3_axi_data_fifo_v2_1_36_fifo_gen/<hidden>/<hidden>/<hidden>/<hidden>/<hidden>/<hidden>
                         net (fo=2, routed)           0.331     1.341    design_1_wrapper/design_1/design_1_axi_mem_intercon_0/s05_couplers_imp_1YHCGIE/design_1_axi_mem_intercon_imp_auto_pc_3/design_1_axi_mem_intercon_imp_auto_pc_3_axi_protocol_converter_v2_1_37_axi_protocol_converter/design_1_axi_mem_intercon_imp_auto_pc_3_axi_protocol_converter_v2_1_37_axi3_conv/design_1_axi_mem_intercon_imp_auto_pc_3_axi_protocol_converter_v2_1_37_a_axi3_conv/design_1_axi_mem_intercon_imp_auto_pc_3_axi_data_fifo_v2_1_36_axic_fifo/design_1_axi_mem_intercon_imp_auto_pc_3_axi_data_fifo_v2_1_36_fifo_gen/<hidden>/<hidden>/<hidden>/<hidden>/<hidden>
    SLICE_X50Y75         LUT3 (Prop_lut3_I2_O)        0.099     1.440 f  design_1_wrapper/design_1/design_1_axi_mem_intercon_0/s05_couplers_imp_1YHCGIE/design_1_axi_mem_intercon_imp_auto_pc_3/design_1_axi_mem_intercon_imp_auto_pc_3_axi_protocol_converter_v2_1_37_axi_protocol_converter/design_1_axi_mem_intercon_imp_auto_pc_3_axi_protocol_converter_v2_1_37_axi3_conv/design_1_axi_mem_intercon_imp_auto_pc_3_axi_protocol_converter_v2_1_37_a_axi3_conv/design_1_axi_mem_intercon_imp_auto_pc_3_axi_data_fifo_v2_1_36_axic_fifo/design_1_axi_mem_intercon_imp_auto_pc_3_axi_data_fifo_v2_1_36_fifo_gen/<hidden>/<hidden>/<hidden>/<hidden>/<hidden>
                         net (fo=33, routed)          0.137     1.577    design_1_wrapper/design_1/design_1_axi_mem_intercon_0/s05_couplers_imp_1YHCGIE/design_1_axi_mem_intercon_imp_auto_pc_3/design_1_axi_mem_intercon_imp_auto_pc_3_axi_protocol_converter_v2_1_37_axi_protocol_converter/design_1_axi_mem_intercon_imp_auto_pc_3_axi_protocol_converter_v2_1_37_axi3_conv/design_1_axi_mem_intercon_imp_auto_pc_3_axi_protocol_converter_v2_1_37_a_axi3_conv/design_1_axi_mem_intercon_imp_auto_pc_3_axi_data_fifo_v2_1_36_axic_fifo/design_1_axi_mem_intercon_imp_auto_pc_3_axi_data_fifo_v2_1_36_fifo_gen/<hidden>/<hidden>/<hidden>/<hidden>/<hidden>/<hidden>
    SLICE_X51Y76         FDPE                                         f  design_1_wrapper/design_1/design_1_axi_mem_intercon_0/s05_couplers_imp_1YHCGIE/design_1_axi_mem_intercon_imp_auto_pc_3/design_1_axi_mem_intercon_imp_auto_pc_3_axi_protocol_converter_v2_1_37_axi_protocol_converter/design_1_axi_mem_intercon_imp_auto_pc_3_axi_protocol_converter_v2_1_37_axi3_conv/design_1_axi_mem_intercon_imp_auto_pc_3_axi_protocol_converter_v2_1_37_a_axi3_conv/design_1_axi_mem_intercon_imp_auto_pc_3_axi_data_fifo_v2_1_36_axic_fifo/design_1_axi_mem_intercon_imp_auto_pc_3_axi_data_fifo_v2_1_36_fifo_gen/<hidden>/<hidden>/<hidden>/<hidden>/<hidden>/<hidden>
  -------------------------------------------------------------------    -------------------

                         (clock clk_fpga_0 rise edge)
                                                      0.000     0.000 r  
    PS7_X0Y0             PS7                          0.000     0.000 r  design_1_i/processing_system7_0/inst/PS7_i/FCLKCLK[0]
                         net (fo=1, routed)           0.337     0.337    design_1_i/processing_system7_0/inst/FCLK_CLK_unbuffered[0]
    BUFGCTRL_X0Y16       BUFG (Prop_bufg_I_O)         0.029     0.366 r  design_1_i/processing_system7_0/inst/buffer_fclk_clk_0.FCLK_CLK_0_BUFG/O
                         net (fo=14851, routed)       0.805     1.171    design_1_wrapper/design_1/design_1_axi_mem_intercon_0/s05_couplers_imp_1YHCGIE/design_1_axi_mem_intercon_imp_auto_pc_3/design_1_axi_mem_intercon_imp_auto_pc_3_axi_protocol_converter_v2_1_37_axi_protocol_converter/design_1_axi_mem_intercon_imp_auto_pc_3_axi_protocol_converter_v2_1_37_axi3_conv/design_1_axi_mem_intercon_imp_auto_pc_3_axi_protocol_converter_v2_1_37_a_axi3_conv/design_1_axi_mem_intercon_imp_auto_pc_3_axi_data_fifo_v2_1_36_axic_fifo/design_1_axi_mem_intercon_imp_auto_pc_3_axi_data_fifo_v2_1_36_fifo_gen/<hidden>/<hidden>/<hidden>/<hidden>/<hidden>/<hidden>
    SLICE_X51Y76         FDPE                                         r  design_1_wrapper/design_1/design_1_axi_mem_intercon_0/s05_couplers_imp_1YHCGIE/design_1_axi_mem_intercon_imp_auto_pc_3/design_1_axi_mem_intercon_imp_auto_pc_3_axi_protocol_converter_v2_1_37_axi_protocol_converter/design_1_axi_mem_intercon_imp_auto_pc_3_axi_protocol_converter_v2_1_37_axi3_conv/design_1_axi_mem_intercon_imp_auto_pc_3_axi_protocol_converter_v2_1_37_a_axi3_conv/design_1_axi_mem_intercon_imp_auto_pc_3_axi_data_fifo_v2_1_36_axic_fifo/design_1_axi_mem_intercon_imp_auto_pc_3_axi_data_fifo_v2_1_36_fifo_gen/<hidden>/<hidden>/<hidden>/<hidden>/<hidden>/<hidden>
                         clock pessimism             -0.035     1.136    
    SLICE_X51Y76         FDPE (Remov_fdpe_C_PRE)     -0.095     1.041    design_1_wrapper/design_1/design_1_axi_mem_intercon_0/s05_couplers_imp_1YHCGIE/design_1_axi_mem_intercon_imp_auto_pc_3/design_1_axi_mem_intercon_imp_auto_pc_3_axi_protocol_converter_v2_1_37_axi_protocol_converter/design_1_axi_mem_intercon_imp_auto_pc_3_axi_protocol_converter_v2_1_37_axi3_conv/design_1_axi_mem_intercon_imp_auto_pc_3_axi_protocol_converter_v2_1_37_a_axi3_conv/design_1_axi_mem_intercon_imp_auto_pc_3_axi_data_fifo_v2_1_36_axic_fifo/design_1_axi_mem_intercon_imp_auto_pc_3_axi_data_fifo_v2_1_36_fifo_gen/<hidden>/<hidden>/<hidden>/<hidden>/<hidden>/<hidden>
  -------------------------------------------------------------------
                         required time                         -1.041    
                         arrival time                           1.577    
  -------------------------------------------------------------------
                         slack                                  0.536    

Slack (MET) :             0.536ns  (arrival time - required time)
  Source:                 design_1_wrapper/design_1/design_1_axi_mem_intercon_0/s05_couplers_imp_1YHCGIE/design_1_axi_mem_intercon_imp_auto_pc_3/design_1_axi_mem_intercon_imp_auto_pc_3_axi_protocol_converter_v2_1_37_axi_protocol_converter/design_1_axi_mem_intercon_imp_auto_pc_3_axi_protocol_converter_v2_1_37_axi3_conv/design_1_axi_mem_intercon_imp_auto_pc_3_axi_protocol_converter_v2_1_37_a_axi3_conv/design_1_axi_mem_intercon_imp_auto_pc_3_axi_data_fifo_v2_1_36_axic_fifo/design_1_axi_mem_intercon_imp_auto_pc_3_axi_data_fifo_v2_1_36_fifo_gen/<hidden>/<hidden>/<hidden>/<hidden>/<hidden>/<hidden>
                            (rising edge-triggered cell FDPE clocked by clk_fpga_0  {rise@0.000ns fall@5.000ns period=10.000ns})
  Destination:            design_1_wrapper/design_1/design_1_axi_mem_intercon_0/s05_couplers_imp_1YHCGIE/design_1_axi_mem_intercon_imp_auto_pc_3/design_1_axi_mem_intercon_imp_auto_pc_3_axi_protocol_converter_v2_1_37_axi_protocol_converter/design_1_axi_mem_intercon_imp_auto_pc_3_axi_protocol_converter_v2_1_37_axi3_conv/design_1_axi_mem_intercon_imp_auto_pc_3_axi_protocol_converter_v2_1_37_a_axi3_conv/design_1_axi_mem_intercon_imp_auto_pc_3_axi_data_fifo_v2_1_36_axic_fifo/design_1_axi_mem_intercon_imp_auto_pc_3_axi_data_fifo_v2_1_36_fifo_gen/<hidden>/<hidden>/<hidden>/<hidden>/<hidden>/<hidden>
                            (removal check against rising-edge clock clk_fpga_0  {rise@0.000ns fall@5.000ns period=10.000ns})
  Path Group:             **async_default**
  Path Type:              Removal (Min at Fast Process Corner)
  Requirement:            0.000ns  (clk_fpga_0 rise@0.000ns - clk_fpga_0 rise@0.000ns)
  Data Path Delay:        0.695ns  (logic 0.227ns (32.648%)  route 0.468ns (67.352%))
  Logic Levels:           1  (LUT3=1)
  Clock Path Skew:        0.254ns (DCD - SCD - CPR)
    Destination Clock Delay (DCD):    1.171ns
    Source Clock Delay      (SCD):    0.882ns
    Clock Pessimism Removal (CPR):    0.035ns

    Location             Delay type                Incr(ns)  Path(ns)    Netlist Resource(s)
  -------------------------------------------------------------------    -------------------
                         (clock clk_fpga_0 rise edge)
                                                      0.000     0.000 r  
    PS7_X0Y0             PS7                          0.000     0.000 r  design_1_i/processing_system7_0/inst/PS7_i/FCLKCLK[0]
                         net (fo=1, routed)           0.310     0.310    design_1_i/processing_system7_0/inst/FCLK_CLK_unbuffered[0]
    BUFGCTRL_X0Y16       BUFG (Prop_bufg_I_O)         0.026     0.336 r  design_1_i/processing_system7_0/inst/buffer_fclk_clk_0.FCLK_CLK_0_BUFG/O
                         net (fo=14851, routed)       0.546     0.882    design_1_wrapper/design_1/design_1_axi_mem_intercon_0/s05_couplers_imp_1YHCGIE/design_1_axi_mem_intercon_imp_auto_pc_3/design_1_axi_mem_intercon_imp_auto_pc_3_axi_protocol_converter_v2_1_37_axi_protocol_converter/design_1_axi_mem_intercon_imp_auto_pc_3_axi_protocol_converter_v2_1_37_axi3_conv/design_1_axi_mem_intercon_imp_auto_pc_3_axi_protocol_converter_v2_1_37_a_axi3_conv/design_1_axi_mem_intercon_imp_auto_pc_3_axi_data_fifo_v2_1_36_axic_fifo/design_1_axi_mem_intercon_imp_auto_pc_3_axi_data_fifo_v2_1_36_fifo_gen/<hidden>/<hidden>/<hidden>/<hidden>/<hidden>/<hidden>
    SLICE_X48Y79         FDPE                                         r  design_1_wrapper/design_1/design_1_axi_mem_intercon_0/s05_couplers_imp_1YHCGIE/design_1_axi_mem_intercon_imp_auto_pc_3/design_1_axi_mem_intercon_imp_auto_pc_3_axi_protocol_converter_v2_1_37_axi_protocol_converter/design_1_axi_mem_intercon_imp_auto_pc_3_axi_protocol_converter_v2_1_37_axi3_conv/design_1_axi_mem_intercon_imp_auto_pc_3_axi_protocol_converter_v2_1_37_a_axi3_conv/design_1_axi_mem_intercon_imp_auto_pc_3_axi_data_fifo_v2_1_36_axic_fifo/design_1_axi_mem_intercon_imp_auto_pc_3_axi_data_fifo_v2_1_36_fifo_gen/<hidden>/<hidden>/<hidden>/<hidden>/<hidden>/<hidden>
  -------------------------------------------------------------------    -------------------
    SLICE_X48Y79         FDPE (Prop_fdpe_C_Q)         0.128     1.010 f  design_1_wrapper/design_1/design_1_axi_mem_intercon_0/s05_couplers_imp_1YHCGIE/design_1_axi_mem_intercon_imp_auto_pc_3/design_1_axi_mem_intercon_imp_auto_pc_3_axi_protocol_converter_v2_1_37_axi_protocol_converter/design_1_axi_mem_intercon_imp_auto_pc_3_axi_protocol_converter_v2_1_37_axi3_conv/design_1_axi_mem_intercon_imp_auto_pc_3_axi_protocol_converter_v2_1_37_a_axi3_conv/design_1_axi_mem_intercon_imp_auto_pc_3_axi_data_fifo_v2_1_36_axic_fifo/design_1_axi_mem_intercon_imp_auto_pc_3_axi_data_fifo_v2_1_36_fifo_gen/<hidden>/<hidden>/<hidden>/<hidden>/<hidden>/<hidden>
                         net (fo=2, routed)           0.331     1.341    design_1_wrapper/design_1/design_1_axi_mem_intercon_0/s05_couplers_imp_1YHCGIE/design_1_axi_mem_intercon_imp_auto_pc_3/design_1_axi_mem_intercon_imp_auto_pc_3_axi_protocol_converter_v2_1_37_axi_protocol_converter/design_1_axi_mem_intercon_imp_auto_pc_3_axi_protocol_converter_v2_1_37_axi3_conv/design_1_axi_mem_intercon_imp_auto_pc_3_axi_protocol_converter_v2_1_37_a_axi3_conv/design_1_axi_mem_intercon_imp_auto_pc_3_axi_data_fifo_v2_1_36_axic_fifo/design_1_axi_mem_intercon_imp_auto_pc_3_axi_data_fifo_v2_1_36_fifo_gen/<hidden>/<hidden>/<hidden>/<hidden>/<hidden>
    SLICE_X50Y75         LUT3 (Prop_lut3_I2_O)        0.099     1.440 f  design_1_wrapper/design_1/design_1_axi_mem_intercon_0/s05_couplers_imp_1YHCGIE/design_1_axi_mem_intercon_imp_auto_pc_3/design_1_axi_mem_intercon_imp_auto_pc_3_axi_protocol_converter_v2_1_37_axi_protocol_converter/design_1_axi_mem_intercon_imp_auto_pc_3_axi_protocol_converter_v2_1_37_axi3_conv/design_1_axi_mem_intercon_imp_auto_pc_3_axi_protocol_converter_v2_1_37_a_axi3_conv/design_1_axi_mem_intercon_imp_auto_pc_3_axi_data_fifo_v2_1_36_axic_fifo/design_1_axi_mem_intercon_imp_auto_pc_3_axi_data_fifo_v2_1_36_fifo_gen/<hidden>/<hidden>/<hidden>/<hidden>/<hidden>
                         net (fo=33, routed)          0.137     1.577    design_1_wrapper/design_1/design_1_axi_mem_intercon_0/s05_couplers_imp_1YHCGIE/design_1_axi_mem_intercon_imp_auto_pc_3/design_1_axi_mem_intercon_imp_auto_pc_3_axi_protocol_converter_v2_1_37_axi_protocol_converter/design_1_axi_mem_intercon_imp_auto_pc_3_axi_protocol_converter_v2_1_37_axi3_conv/design_1_axi_mem_intercon_imp_auto_pc_3_axi_protocol_converter_v2_1_37_a_axi3_conv/design_1_axi_mem_intercon_imp_auto_pc_3_axi_data_fifo_v2_1_36_axic_fifo/design_1_axi_mem_intercon_imp_auto_pc_3_axi_data_fifo_v2_1_36_fifo_gen/<hidden>/<hidden>/<hidden>/<hidden>/<hidden>/<hidden>
    SLICE_X51Y76         FDPE                                         f  design_1_wrapper/design_1/design_1_axi_mem_intercon_0/s05_couplers_imp_1YHCGIE/design_1_axi_mem_intercon_imp_auto_pc_3/design_1_axi_mem_intercon_imp_auto_pc_3_axi_protocol_converter_v2_1_37_axi_protocol_converter/design_1_axi_mem_intercon_imp_auto_pc_3_axi_protocol_converter_v2_1_37_axi3_conv/design_1_axi_mem_intercon_imp_auto_pc_3_axi_protocol_converter_v2_1_37_a_axi3_conv/design_1_axi_mem_intercon_imp_auto_pc_3_axi_data_fifo_v2_1_36_axic_fifo/design_1_axi_mem_intercon_imp_auto_pc_3_axi_data_fifo_v2_1_36_fifo_gen/<hidden>/<hidden>/<hidden>/<hidden>/<hidden>/<hidden>
  -------------------------------------------------------------------    -------------------

                         (clock clk_fpga_0 rise edge)
                                                      0.000     0.000 r  
    PS7_X0Y0             PS7                          0.000     0.000 r  design_1_i/processing_system7_0/inst/PS7_i/FCLKCLK[0]
                         net (fo=1, routed)           0.337     0.337    design_1_i/processing_system7_0/inst/FCLK_CLK_unbuffered[0]
    BUFGCTRL_X0Y16       BUFG (Prop_bufg_I_O)         0.029     0.366 r  design_1_i/processing_system7_0/inst/buffer_fclk_clk_0.FCLK_CLK_0_BUFG/O
                         net (fo=14851, routed)       0.805     1.171    design_1_wrapper/design_1/design_1_axi_mem_intercon_0/s05_couplers_imp_1YHCGIE/design_1_axi_mem_intercon_imp_auto_pc_3/design_1_axi_mem_intercon_imp_auto_pc_3_axi_protocol_converter_v2_1_37_axi_protocol_converter/design_1_axi_mem_intercon_imp_auto_pc_3_axi_protocol_converter_v2_1_37_axi3_conv/design_1_axi_mem_intercon_imp_auto_pc_3_axi_protocol_converter_v2_1_37_a_axi3_conv/design_1_axi_mem_intercon_imp_auto_pc_3_axi_data_fifo_v2_1_36_axic_fifo/design_1_axi_mem_intercon_imp_auto_pc_3_axi_data_fifo_v2_1_36_fifo_gen/<hidden>/<hidden>/<hidden>/<hidden>/<hidden>/<hidden>
    SLICE_X51Y76         FDPE                                         r  design_1_wrapper/design_1/design_1_axi_mem_intercon_0/s05_couplers_imp_1YHCGIE/design_1_axi_mem_intercon_imp_auto_pc_3/design_1_axi_mem_intercon_imp_auto_pc_3_axi_protocol_converter_v2_1_37_axi_protocol_converter/design_1_axi_mem_intercon_imp_auto_pc_3_axi_protocol_converter_v2_1_37_axi3_conv/design_1_axi_mem_intercon_imp_auto_pc_3_axi_protocol_converter_v2_1_37_a_axi3_conv/design_1_axi_mem_intercon_imp_auto_pc_3_axi_data_fifo_v2_1_36_axic_fifo/design_1_axi_mem_intercon_imp_auto_pc_3_axi_data_fifo_v2_1_36_fifo_gen/<hidden>/<hidden>/<hidden>/<hidden>/<hidden>/<hidden>
                         clock pessimism             -0.035     1.136    
    SLICE_X51Y76         FDPE (Remov_fdpe_C_PRE)     -0.095     1.041    design_1_wrapper/design_1/design_1_axi_mem_intercon_0/s05_couplers_imp_1YHCGIE/design_1_axi_mem_intercon_imp_auto_pc_3/design_1_axi_mem_intercon_imp_auto_pc_3_axi_protocol_converter_v2_1_37_axi_protocol_converter/design_1_axi_mem_intercon_imp_auto_pc_3_axi_protocol_converter_v2_1_37_axi3_conv/design_1_axi_mem_intercon_imp_auto_pc_3_axi_protocol_converter_v2_1_37_a_axi3_conv/design_1_axi_mem_intercon_imp_auto_pc_3_axi_data_fifo_v2_1_36_axic_fifo/design_1_axi_mem_intercon_imp_auto_pc_3_axi_data_fifo_v2_1_36_fifo_gen/<hidden>/<hidden>/<hidden>/<hidden>/<hidden>/<hidden>
  -------------------------------------------------------------------
                         required time                         -1.041    
                         arrival time                           1.577    
  -------------------------------------------------------------------
                         slack                                  0.536    

Slack (MET) :             0.555ns  (arrival time - required time)
  Source:                 design_1_wrapper/design_1/design_1_axi_mem_intercon_0/s03_couplers_imp_1UQ1PUB/design_1_axi_mem_intercon_imp_auto_pc_2/design_1_axi_mem_intercon_imp_auto_pc_2_axi_protocol_converter_v2_1_37_axi_protocol_converter/design_1_axi_mem_intercon_imp_auto_pc_2_axi_protocol_converter_v2_1_37_axi3_conv/design_1_axi_mem_intercon_imp_auto_pc_2_axi_protocol_converter_v2_1_37_a_axi3_conv/design_1_axi_mem_intercon_imp_auto_pc_2_axi_data_fifo_v2_1_36_axic_fifo/design_1_axi_mem_intercon_imp_auto_pc_2_axi_data_fifo_v2_1_36_fifo_gen_1/<hidden>/<hidden>/<hidden>/<hidden>/<hidden>
                            (rising edge-triggered cell FDRE clocked by clk_fpga_0  {rise@0.000ns fall@5.000ns period=10.000ns})
  Destination:            design_1_wrapper/design_1/design_1_axi_mem_intercon_0/s03_couplers_imp_1UQ1PUB/design_1_axi_mem_intercon_imp_auto_pc_2/design_1_axi_mem_intercon_imp_auto_pc_2_axi_protocol_converter_v2_1_37_axi_protocol_converter/design_1_axi_mem_intercon_imp_auto_pc_2_axi_protocol_converter_v2_1_37_axi3_conv/design_1_axi_mem_intercon_imp_auto_pc_2_axi_protocol_converter_v2_1_37_a_axi3_conv/design_1_axi_mem_intercon_imp_auto_pc_2_axi_data_fifo_v2_1_36_axic_fifo/design_1_axi_mem_intercon_imp_auto_pc_2_axi_data_fifo_v2_1_36_fifo_gen_1/<hidden>/<hidden>/<hidden>/<hidden>/<hidden>/<hidden>
                            (removal check against rising-edge clock clk_fpga_0  {rise@0.000ns fall@5.000ns period=10.000ns})
  Path Group:             **async_default**
  Path Type:              Removal (Min at Fast Process Corner)
  Requirement:            0.000ns  (clk_fpga_0 rise@0.000ns - clk_fpga_0 rise@0.000ns)
  Data Path Delay:        0.476ns  (logic 0.186ns (39.107%)  route 0.290ns (60.893%))
  Logic Levels:           1  (LUT3=1)
  Clock Path Skew:        0.013ns (DCD - SCD - CPR)
    Destination Clock Delay (DCD):    1.200ns
    Source Clock Delay      (SCD):    0.904ns
    Clock Pessimism Removal (CPR):    0.283ns

    Location             Delay type                Incr(ns)  Path(ns)    Netlist Resource(s)
  -------------------------------------------------------------------    -------------------
                         (clock clk_fpga_0 rise edge)
                                                      0.000     0.000 r  
    PS7_X0Y0             PS7                          0.000     0.000 r  design_1_i/processing_system7_0/inst/PS7_i/FCLKCLK[0]
                         net (fo=1, routed)           0.310     0.310    design_1_i/processing_system7_0/inst/FCLK_CLK_unbuffered[0]
    BUFGCTRL_X0Y16       BUFG (Prop_bufg_I_O)         0.026     0.336 r  design_1_i/processing_system7_0/inst/buffer_fclk_clk_0.FCLK_CLK_0_BUFG/O
                         net (fo=14851, routed)       0.568     0.904    design_1_wrapper/design_1/design_1_axi_mem_intercon_0/s03_couplers_imp_1UQ1PUB/design_1_axi_mem_intercon_imp_auto_pc_2/design_1_axi_mem_intercon_imp_auto_pc_2_axi_protocol_converter_v2_1_37_axi_protocol_converter/design_1_axi_mem_intercon_imp_auto_pc_2_axi_protocol_converter_v2_1_37_axi3_conv/design_1_axi_mem_intercon_imp_auto_pc_2_axi_protocol_converter_v2_1_37_a_axi3_conv/design_1_axi_mem_intercon_imp_auto_pc_2_axi_data_fifo_v2_1_36_axic_fifo/design_1_axi_mem_intercon_imp_auto_pc_2_axi_data_fifo_v2_1_36_fifo_gen_1/<hidden>/<hidden>/<hidden>/<hidden>/<hidden>
    SLICE_X29Y80         FDRE                                         r  design_1_wrapper/design_1/design_1_axi_mem_intercon_0/s03_couplers_imp_1UQ1PUB/design_1_axi_mem_intercon_imp_auto_pc_2/design_1_axi_mem_intercon_imp_auto_pc_2_axi_protocol_converter_v2_1_37_axi_protocol_converter/design_1_axi_mem_intercon_imp_auto_pc_2_axi_protocol_converter_v2_1_37_axi3_conv/design_1_axi_mem_intercon_imp_auto_pc_2_axi_protocol_converter_v2_1_37_a_axi3_conv/design_1_axi_mem_intercon_imp_auto_pc_2_axi_data_fifo_v2_1_36_axic_fifo/design_1_axi_mem_intercon_imp_auto_pc_2_axi_data_fifo_v2_1_36_fifo_gen_1/<hidden>/<hidden>/<hidden>/<hidden>/<hidden>
  -------------------------------------------------------------------    -------------------
    SLICE_X29Y80         FDRE (Prop_fdre_C_Q)         0.141     1.045 f  design_1_wrapper/design_1/design_1_axi_mem_intercon_0/s03_couplers_imp_1UQ1PUB/design_1_axi_mem_intercon_imp_auto_pc_2/design_1_axi_mem_intercon_imp_auto_pc_2_axi_protocol_converter_v2_1_37_axi_protocol_converter/design_1_axi_mem_intercon_imp_auto_pc_2_axi_protocol_converter_v2_1_37_axi3_conv/design_1_axi_mem_intercon_imp_auto_pc_2_axi_protocol_converter_v2_1_37_a_axi3_conv/design_1_axi_mem_intercon_imp_auto_pc_2_axi_data_fifo_v2_1_36_axic_fifo/design_1_axi_mem_intercon_imp_auto_pc_2_axi_data_fifo_v2_1_36_fifo_gen_1/<hidden>/<hidden>/<hidden>/<hidden>/<hidden>
                         net (fo=3, routed)           0.154     1.199    design_1_wrapper/design_1/design_1_axi_mem_intercon_0/s03_couplers_imp_1UQ1PUB/design_1_axi_mem_intercon_imp_auto_pc_2/design_1_axi_mem_intercon_imp_auto_pc_2_axi_protocol_converter_v2_1_37_axi_protocol_converter/design_1_axi_mem_intercon_imp_auto_pc_2_axi_protocol_converter_v2_1_37_axi3_conv/design_1_axi_mem_intercon_imp_auto_pc_2_axi_protocol_converter_v2_1_37_a_axi3_conv/design_1_axi_mem_intercon_imp_auto_pc_2_axi_data_fifo_v2_1_36_axic_fifo/design_1_axi_mem_intercon_imp_auto_pc_2_axi_data_fifo_v2_1_36_fifo_gen_1/<hidden>/<hidden>/<hidden>/<hidden>/<hidden>
    SLICE_X29Y80         LUT3 (Prop_lut3_I1_O)        0.045     1.244 f  design_1_wrapper/design_1/design_1_axi_mem_intercon_0/s03_couplers_imp_1UQ1PUB/design_1_axi_mem_intercon_imp_auto_pc_2/design_1_axi_mem_intercon_imp_auto_pc_2_axi_protocol_converter_v2_1_37_axi_protocol_converter/design_1_axi_mem_intercon_imp_auto_pc_2_axi_protocol_converter_v2_1_37_axi3_conv/design_1_axi_mem_intercon_imp_auto_pc_2_axi_protocol_converter_v2_1_37_a_axi3_conv/design_1_axi_mem_intercon_imp_auto_pc_2_axi_data_fifo_v2_1_36_axic_fifo/design_1_axi_mem_intercon_imp_auto_pc_2_axi_data_fifo_v2_1_36_fifo_gen_1/<hidden>/<hidden>/<hidden>/<hidden>/<hidden>
                         net (fo=32, routed)          0.136     1.379    design_1_wrapper/design_1/design_1_axi_mem_intercon_0/s03_couplers_imp_1UQ1PUB/design_1_axi_mem_intercon_imp_auto_pc_2/design_1_axi_mem_intercon_imp_auto_pc_2_axi_protocol_converter_v2_1_37_axi_protocol_converter/design_1_axi_mem_intercon_imp_auto_pc_2_axi_protocol_converter_v2_1_37_axi3_conv/design_1_axi_mem_intercon_imp_auto_pc_2_axi_protocol_converter_v2_1_37_a_axi3_conv/design_1_axi_mem_intercon_imp_auto_pc_2_axi_data_fifo_v2_1_36_axic_fifo/design_1_axi_mem_intercon_imp_auto_pc_2_axi_data_fifo_v2_1_36_fifo_gen_1/<hidden>/<hidden>/<hidden>/<hidden>/<hidden>/<hidden>
    SLICE_X28Y80         FDCE                                         f  design_1_wrapper/design_1/design_1_axi_mem_intercon_0/s03_couplers_imp_1UQ1PUB/design_1_axi_mem_intercon_imp_auto_pc_2/design_1_axi_mem_intercon_imp_auto_pc_2_axi_protocol_converter_v2_1_37_axi_protocol_converter/design_1_axi_mem_intercon_imp_auto_pc_2_axi_protocol_converter_v2_1_37_axi3_conv/design_1_axi_mem_intercon_imp_auto_pc_2_axi_protocol_converter_v2_1_37_a_axi3_conv/design_1_axi_mem_intercon_imp_auto_pc_2_axi_data_fifo_v2_1_36_axic_fifo/design_1_axi_mem_intercon_imp_auto_pc_2_axi_data_fifo_v2_1_36_fifo_gen_1/<hidden>/<hidden>/<hidden>/<hidden>/<hidden>/<hidden>
  -------------------------------------------------------------------    -------------------

                         (clock clk_fpga_0 rise edge)
                                                      0.000     0.000 r  
    PS7_X0Y0             PS7                          0.000     0.000 r  design_1_i/processing_system7_0/inst/PS7_i/FCLKCLK[0]
                         net (fo=1, routed)           0.337     0.337    design_1_i/processing_system7_0/inst/FCLK_CLK_unbuffered[0]
    BUFGCTRL_X0Y16       BUFG (Prop_bufg_I_O)         0.029     0.366 r  design_1_i/processing_system7_0/inst/buffer_fclk_clk_0.FCLK_CLK_0_BUFG/O
                         net (fo=14851, routed)       0.834     1.200    design_1_wrapper/design_1/design_1_axi_mem_intercon_0/s03_couplers_imp_1UQ1PUB/design_1_axi_mem_intercon_imp_auto_pc_2/design_1_axi_mem_intercon_imp_auto_pc_2_axi_protocol_converter_v2_1_37_axi_protocol_converter/design_1_axi_mem_intercon_imp_auto_pc_2_axi_protocol_converter_v2_1_37_axi3_conv/design_1_axi_mem_intercon_imp_auto_pc_2_axi_protocol_converter_v2_1_37_a_axi3_conv/design_1_axi_mem_intercon_imp_auto_pc_2_axi_data_fifo_v2_1_36_axic_fifo/design_1_axi_mem_intercon_imp_auto_pc_2_axi_data_fifo_v2_1_36_fifo_gen_1/<hidden>/<hidden>/<hidden>/<hidden>/<hidden>/<hidden>
    SLICE_X28Y80         FDCE                                         r  design_1_wrapper/design_1/design_1_axi_mem_intercon_0/s03_couplers_imp_1UQ1PUB/design_1_axi_mem_intercon_imp_auto_pc_2/design_1_axi_mem_intercon_imp_auto_pc_2_axi_protocol_converter_v2_1_37_axi_protocol_converter/design_1_axi_mem_intercon_imp_auto_pc_2_axi_protocol_converter_v2_1_37_axi3_conv/design_1_axi_mem_intercon_imp_auto_pc_2_axi_protocol_converter_v2_1_37_a_axi3_conv/design_1_axi_mem_intercon_imp_auto_pc_2_axi_data_fifo_v2_1_36_axic_fifo/design_1_axi_mem_intercon_imp_auto_pc_2_axi_data_fifo_v2_1_36_fifo_gen_1/<hidden>/<hidden>/<hidden>/<hidden>/<hidden>/<hidden>
                         clock pessimism             -0.283     0.917    
    SLICE_X28Y80         FDCE (Remov_fdce_C_CLR)     -0.092     0.825    design_1_wrapper/design_1/design_1_axi_mem_intercon_0/s03_couplers_imp_1UQ1PUB/design_1_axi_mem_intercon_imp_auto_pc_2/design_1_axi_mem_intercon_imp_auto_pc_2_axi_protocol_converter_v2_1_37_axi_protocol_converter/design_1_axi_mem_intercon_imp_auto_pc_2_axi_protocol_converter_v2_1_37_axi3_conv/design_1_axi_mem_intercon_imp_auto_pc_2_axi_protocol_converter_v2_1_37_a_axi3_conv/design_1_axi_mem_intercon_imp_auto_pc_2_axi_data_fifo_v2_1_36_axic_fifo/design_1_axi_mem_intercon_imp_auto_pc_2_axi_data_fifo_v2_1_36_fifo_gen_1/<hidden>/<hidden>/<hidden>/<hidden>/<hidden>/<hidden>
  -------------------------------------------------------------------
                         required time                         -0.825    
                         arrival time                           1.379    
  -------------------------------------------------------------------
                         slack                                  0.555    

Slack (MET) :             0.555ns  (arrival time - required time)
  Source:                 design_1_wrapper/design_1/design_1_axi_mem_intercon_0/s03_couplers_imp_1UQ1PUB/design_1_axi_mem_intercon_imp_auto_pc_2/design_1_axi_mem_intercon_imp_auto_pc_2_axi_protocol_converter_v2_1_37_axi_protocol_converter/design_1_axi_mem_intercon_imp_auto_pc_2_axi_protocol_converter_v2_1_37_axi3_conv/design_1_axi_mem_intercon_imp_auto_pc_2_axi_protocol_converter_v2_1_37_a_axi3_conv/design_1_axi_mem_intercon_imp_auto_pc_2_axi_data_fifo_v2_1_36_axic_fifo/design_1_axi_mem_intercon_imp_auto_pc_2_axi_data_fifo_v2_1_36_fifo_gen_1/<hidden>/<hidden>/<hidden>/<hidden>/<hidden>
                            (rising edge-triggered cell FDRE clocked by clk_fpga_0  {rise@0.000ns fall@5.000ns period=10.000ns})
  Destination:            design_1_wrapper/design_1/design_1_axi_mem_intercon_0/s03_couplers_imp_1UQ1PUB/design_1_axi_mem_intercon_imp_auto_pc_2/design_1_axi_mem_intercon_imp_auto_pc_2_axi_protocol_converter_v2_1_37_axi_protocol_converter/design_1_axi_mem_intercon_imp_auto_pc_2_axi_protocol_converter_v2_1_37_axi3_conv/design_1_axi_mem_intercon_imp_auto_pc_2_axi_protocol_converter_v2_1_37_a_axi3_conv/design_1_axi_mem_intercon_imp_auto_pc_2_axi_data_fifo_v2_1_36_axic_fifo/design_1_axi_mem_intercon_imp_auto_pc_2_axi_data_fifo_v2_1_36_fifo_gen_1/<hidden>/<hidden>/<hidden>/<hidden>/<hidden>/<hidden>
                            (removal check against rising-edge clock clk_fpga_0  {rise@0.000ns fall@5.000ns period=10.000ns})
  Path Group:             **async_default**
  Path Type:              Removal (Min at Fast Process Corner)
  Requirement:            0.000ns  (clk_fpga_0 rise@0.000ns - clk_fpga_0 rise@0.000ns)
  Data Path Delay:        0.476ns  (logic 0.186ns (39.107%)  route 0.290ns (60.893%))
  Logic Levels:           1  (LUT3=1)
  Clock Path Skew:        0.013ns (DCD - SCD - CPR)
    Destination Clock Delay (DCD):    1.200ns
    Source Clock Delay      (SCD):    0.904ns
    Clock Pessimism Removal (CPR):    0.283ns

    Location             Delay type                Incr(ns)  Path(ns)    Netlist Resource(s)
  -------------------------------------------------------------------    -------------------
                         (clock clk_fpga_0 rise edge)
                                                      0.000     0.000 r  
    PS7_X0Y0             PS7                          0.000     0.000 r  design_1_i/processing_system7_0/inst/PS7_i/FCLKCLK[0]
                         net (fo=1, routed)           0.310     0.310    design_1_i/processing_system7_0/inst/FCLK_CLK_unbuffered[0]
    BUFGCTRL_X0Y16       BUFG (Prop_bufg_I_O)         0.026     0.336 r  design_1_i/processing_system7_0/inst/buffer_fclk_clk_0.FCLK_CLK_0_BUFG/O
                         net (fo=14851, routed)       0.568     0.904    design_1_wrapper/design_1/design_1_axi_mem_intercon_0/s03_couplers_imp_1UQ1PUB/design_1_axi_mem_intercon_imp_auto_pc_2/design_1_axi_mem_intercon_imp_auto_pc_2_axi_protocol_converter_v2_1_37_axi_protocol_converter/design_1_axi_mem_intercon_imp_auto_pc_2_axi_protocol_converter_v2_1_37_axi3_conv/design_1_axi_mem_intercon_imp_auto_pc_2_axi_protocol_converter_v2_1_37_a_axi3_conv/design_1_axi_mem_intercon_imp_auto_pc_2_axi_data_fifo_v2_1_36_axic_fifo/design_1_axi_mem_intercon_imp_auto_pc_2_axi_data_fifo_v2_1_36_fifo_gen_1/<hidden>/<hidden>/<hidden>/<hidden>/<hidden>
    SLICE_X29Y80         FDRE                                         r  design_1_wrapper/design_1/design_1_axi_mem_intercon_0/s03_couplers_imp_1UQ1PUB/design_1_axi_mem_intercon_imp_auto_pc_2/design_1_axi_mem_intercon_imp_auto_pc_2_axi_protocol_converter_v2_1_37_axi_protocol_converter/design_1_axi_mem_intercon_imp_auto_pc_2_axi_protocol_converter_v2_1_37_axi3_conv/design_1_axi_mem_intercon_imp_auto_pc_2_axi_protocol_converter_v2_1_37_a_axi3_conv/design_1_axi_mem_intercon_imp_auto_pc_2_axi_data_fifo_v2_1_36_axic_fifo/design_1_axi_mem_intercon_imp_auto_pc_2_axi_data_fifo_v2_1_36_fifo_gen_1/<hidden>/<hidden>/<hidden>/<hidden>/<hidden>
  -------------------------------------------------------------------    -------------------
    SLICE_X29Y80         FDRE (Prop_fdre_C_Q)         0.141     1.045 f  design_1_wrapper/design_1/design_1_axi_mem_intercon_0/s03_couplers_imp_1UQ1PUB/design_1_axi_mem_intercon_imp_auto_pc_2/design_1_axi_mem_intercon_imp_auto_pc_2_axi_protocol_converter_v2_1_37_axi_protocol_converter/design_1_axi_mem_intercon_imp_auto_pc_2_axi_protocol_converter_v2_1_37_axi3_conv/design_1_axi_mem_intercon_imp_auto_pc_2_axi_protocol_converter_v2_1_37_a_axi3_conv/design_1_axi_mem_intercon_imp_auto_pc_2_axi_data_fifo_v2_1_36_axic_fifo/design_1_axi_mem_intercon_imp_auto_pc_2_axi_data_fifo_v2_1_36_fifo_gen_1/<hidden>/<hidden>/<hidden>/<hidden>/<hidden>
                         net (fo=3, routed)           0.154     1.199    design_1_wrapper/design_1/design_1_axi_mem_intercon_0/s03_couplers_imp_1UQ1PUB/design_1_axi_mem_intercon_imp_auto_pc_2/design_1_axi_mem_intercon_imp_auto_pc_2_axi_protocol_converter_v2_1_37_axi_protocol_converter/design_1_axi_mem_intercon_imp_auto_pc_2_axi_protocol_converter_v2_1_37_axi3_conv/design_1_axi_mem_intercon_imp_auto_pc_2_axi_protocol_converter_v2_1_37_a_axi3_conv/design_1_axi_mem_intercon_imp_auto_pc_2_axi_data_fifo_v2_1_36_axic_fifo/design_1_axi_mem_intercon_imp_auto_pc_2_axi_data_fifo_v2_1_36_fifo_gen_1/<hidden>/<hidden>/<hidden>/<hidden>/<hidden>
    SLICE_X29Y80         LUT3 (Prop_lut3_I1_O)        0.045     1.244 f  design_1_wrapper/design_1/design_1_axi_mem_intercon_0/s03_couplers_imp_1UQ1PUB/design_1_axi_mem_intercon_imp_auto_pc_2/design_1_axi_mem_intercon_imp_auto_pc_2_axi_protocol_converter_v2_1_37_axi_protocol_converter/design_1_axi_mem_intercon_imp_auto_pc_2_axi_protocol_converter_v2_1_37_axi3_conv/design_1_axi_mem_intercon_imp_auto_pc_2_axi_protocol_converter_v2_1_37_a_axi3_conv/design_1_axi_mem_intercon_imp_auto_pc_2_axi_data_fifo_v2_1_36_axic_fifo/design_1_axi_mem_intercon_imp_auto_pc_2_axi_data_fifo_v2_1_36_fifo_gen_1/<hidden>/<hidden>/<hidden>/<hidden>/<hidden>
                         net (fo=32, routed)          0.136     1.379    design_1_wrapper/design_1/design_1_axi_mem_intercon_0/s03_couplers_imp_1UQ1PUB/design_1_axi_mem_intercon_imp_auto_pc_2/design_1_axi_mem_intercon_imp_auto_pc_2_axi_protocol_converter_v2_1_37_axi_protocol_converter/design_1_axi_mem_intercon_imp_auto_pc_2_axi_protocol_converter_v2_1_37_axi3_conv/design_1_axi_mem_intercon_imp_auto_pc_2_axi_protocol_converter_v2_1_37_a_axi3_conv/design_1_axi_mem_intercon_imp_auto_pc_2_axi_data_fifo_v2_1_36_axic_fifo/design_1_axi_mem_intercon_imp_auto_pc_2_axi_data_fifo_v2_1_36_fifo_gen_1/<hidden>/<hidden>/<hidden>/<hidden>/<hidden>/<hidden>
    SLICE_X28Y80         FDCE                                         f  design_1_wrapper/design_1/design_1_axi_mem_intercon_0/s03_couplers_imp_1UQ1PUB/design_1_axi_mem_intercon_imp_auto_pc_2/design_1_axi_mem_intercon_imp_auto_pc_2_axi_protocol_converter_v2_1_37_axi_protocol_converter/design_1_axi_mem_intercon_imp_auto_pc_2_axi_protocol_converter_v2_1_37_axi3_conv/design_1_axi_mem_intercon_imp_auto_pc_2_axi_protocol_converter_v2_1_37_a_axi3_conv/design_1_axi_mem_intercon_imp_auto_pc_2_axi_data_fifo_v2_1_36_axic_fifo/design_1_axi_mem_intercon_imp_auto_pc_2_axi_data_fifo_v2_1_36_fifo_gen_1/<hidden>/<hidden>/<hidden>/<hidden>/<hidden>/<hidden>
  -------------------------------------------------------------------    -------------------

                         (clock clk_fpga_0 rise edge)
                                                      0.000     0.000 r  
    PS7_X0Y0             PS7                          0.000     0.000 r  design_1_i/processing_system7_0/inst/PS7_i/FCLKCLK[0]
                         net (fo=1, routed)           0.337     0.337    design_1_i/processing_system7_0/inst/FCLK_CLK_unbuffered[0]
    BUFGCTRL_X0Y16       BUFG (Prop_bufg_I_O)         0.029     0.366 r  design_1_i/processing_system7_0/inst/buffer_fclk_clk_0.FCLK_CLK_0_BUFG/O
                         net (fo=14851, routed)       0.834     1.200    design_1_wrapper/design_1/design_1_axi_mem_intercon_0/s03_couplers_imp_1UQ1PUB/design_1_axi_mem_intercon_imp_auto_pc_2/design_1_axi_mem_intercon_imp_auto_pc_2_axi_protocol_converter_v2_1_37_axi_protocol_converter/design_1_axi_mem_intercon_imp_auto_pc_2_axi_protocol_converter_v2_1_37_axi3_conv/design_1_axi_mem_intercon_imp_auto_pc_2_axi_protocol_converter_v2_1_37_a_axi3_conv/design_1_axi_mem_intercon_imp_auto_pc_2_axi_data_fifo_v2_1_36_axic_fifo/design_1_axi_mem_intercon_imp_auto_pc_2_axi_data_fifo_v2_1_36_fifo_gen_1/<hidden>/<hidden>/<hidden>/<hidden>/<hidden>/<hidden>
    SLICE_X28Y80         FDCE                                         r  design_1_wrapper/design_1/design_1_axi_mem_intercon_0/s03_couplers_imp_1UQ1PUB/design_1_axi_mem_intercon_imp_auto_pc_2/design_1_axi_mem_intercon_imp_auto_pc_2_axi_protocol_converter_v2_1_37_axi_protocol_converter/design_1_axi_mem_intercon_imp_auto_pc_2_axi_protocol_converter_v2_1_37_axi3_conv/design_1_axi_mem_intercon_imp_auto_pc_2_axi_protocol_converter_v2_1_37_a_axi3_conv/design_1_axi_mem_intercon_imp_auto_pc_2_axi_data_fifo_v2_1_36_axic_fifo/design_1_axi_mem_intercon_imp_auto_pc_2_axi_data_fifo_v2_1_36_fifo_gen_1/<hidden>/<hidden>/<hidden>/<hidden>/<hidden>/<hidden>
                         clock pessimism             -0.283     0.917    
    SLICE_X28Y80         FDCE (Remov_fdce_C_CLR)     -0.092     0.825    design_1_wrapper/design_1/design_1_axi_mem_intercon_0/s03_couplers_imp_1UQ1PUB/design_1_axi_mem_intercon_imp_auto_pc_2/design_1_axi_mem_intercon_imp_auto_pc_2_axi_protocol_converter_v2_1_37_axi_protocol_converter/design_1_axi_mem_intercon_imp_auto_pc_2_axi_protocol_converter_v2_1_37_axi3_conv/design_1_axi_mem_intercon_imp_auto_pc_2_axi_protocol_converter_v2_1_37_a_axi3_conv/design_1_axi_mem_intercon_imp_auto_pc_2_axi_data_fifo_v2_1_36_axic_fifo/design_1_axi_mem_intercon_imp_auto_pc_2_axi_data_fifo_v2_1_36_fifo_gen_1/<hidden>/<hidden>/<hidden>/<hidden>/<hidden>/<hidden>
  -------------------------------------------------------------------
                         required time                         -0.825    
                         arrival time                           1.379    
  -------------------------------------------------------------------
                         slack                                  0.555    





--------------------------------------------------------------------------------------
Path Group:  (none)
From Clock:  
  To Clock:  clk_fpga_0

Max Delay             1 Endpoint
Min Delay             1 Endpoint
--------------------------------------------------------------------------------------


Max Delay Paths
--------------------------------------------------------------------------------------
Slack:                    inf
  Source:                 design_1_i/processing_system7_0/inst/PS7_i/FCLKRESETN[0]
                            (internal pin)
  Destination:            design_1_i/rst_ps7_0_100M/U0/EXT_LPF/ACTIVE_LOW_EXT.ACT_LO_EXT/syncstages_ff_reg[0]/D
                            (rising edge-triggered cell FDRE clocked by clk_fpga_0  {rise@0.000ns fall@5.000ns period=10.000ns})
  Path Group:             (none)
  Path Type:              Setup (Max at Slow Process Corner)
  Data Path Delay:        2.502ns  (logic 0.124ns (4.956%)  route 2.378ns (95.044%))
  Logic Levels:           1  (LUT1=1)
  Clock Uncertainty:      0.152ns  ((TSJ^2 + TIJ^2)^1/2 + DJ) / 2 + PE
    Total System Jitter     (TSJ):    0.050ns
    Total Input Jitter      (TIJ):    0.300ns
    Discrete Jitter          (DJ):    0.000ns
    Phase Error              (PE):    0.000ns
  Timing Exception:       False Path

    Location             Delay type                Incr(ns)  Path(ns)    Netlist Resource(s)
  -------------------------------------------------------------------    -------------------
    PS7_X0Y0             PS7                          0.000     0.000 f  design_1_i/processing_system7_0/inst/PS7_i/FCLKRESETN[0]
                         net (fo=1, routed)           2.378     2.378    design_1_i/rst_ps7_0_100M/U0/EXT_LPF/ext_reset_in
    SLICE_X80Y106        LUT1 (Prop_lut1_I0_O)        0.124     2.502 r  design_1_i/rst_ps7_0_100M/U0/EXT_LPF/ACTIVE_LOW_EXT.ACT_LO_EXT_i_1/O
                         net (fo=1, routed)           0.000     2.502    design_1_i/rst_ps7_0_100M/U0/EXT_LPF/ACTIVE_LOW_EXT.ACT_LO_EXT/src_in
    SLICE_X80Y106        FDRE                                         r  design_1_i/rst_ps7_0_100M/U0/EXT_LPF/ACTIVE_LOW_EXT.ACT_LO_EXT/syncstages_ff_reg[0]/D
  -------------------------------------------------------------------    -------------------

                         (clock clk_fpga_0 rise edge)
                                                      0.000     0.000 r  
    PS7_X0Y0             PS7                          0.000     0.000 r  design_1_i/processing_system7_0/inst/PS7_i/FCLKCLK[0]
                         net (fo=1, routed)           1.088     1.088    design_1_i/processing_system7_0/inst/FCLK_CLK_unbuffered[0]
    BUFGCTRL_X0Y16       BUFG (Prop_bufg_I_O)         0.091     1.179 r  design_1_i/processing_system7_0/inst/buffer_fclk_clk_0.FCLK_CLK_0_BUFG/O
                         net (fo=14851, routed)       1.719     2.898    design_1_i/rst_ps7_0_100M/U0/EXT_LPF/ACTIVE_LOW_EXT.ACT_LO_EXT/dest_clk
    SLICE_X80Y106        FDRE                                         r  design_1_i/rst_ps7_0_100M/U0/EXT_LPF/ACTIVE_LOW_EXT.ACT_LO_EXT/syncstages_ff_reg[0]/C





Min Delay Paths
--------------------------------------------------------------------------------------
Slack:                    inf
  Source:                 design_1_i/processing_system7_0/inst/PS7_i/FCLKRESETN[0]
                            (internal pin)
  Destination:            design_1_i/rst_ps7_0_100M/U0/EXT_LPF/ACTIVE_LOW_EXT.ACT_LO_EXT/syncstages_ff_reg[0]/D
                            (rising edge-triggered cell FDRE clocked by clk_fpga_0  {rise@0.000ns fall@5.000ns period=10.000ns})
  Path Group:             (none)
  Path Type:              Hold (Min at Fast Process Corner)
  Data Path Delay:        1.014ns  (logic 0.045ns (4.438%)  route 0.969ns (95.562%))
  Logic Levels:           1  (LUT1=1)
  Clock Uncertainty:      0.152ns  ((TSJ^2 + TIJ^2)^1/2 + DJ) / 2 + PE
    Total System Jitter     (TSJ):    0.050ns
    Total Input Jitter      (TIJ):    0.300ns
    Discrete Jitter          (DJ):    0.000ns
    Phase Error              (PE):    0.000ns
  Timing Exception:       False Path

    Location             Delay type                Incr(ns)  Path(ns)    Netlist Resource(s)
  -------------------------------------------------------------------    -------------------
    PS7_X0Y0             PS7                          0.000     0.000 f  design_1_i/processing_system7_0/inst/PS7_i/FCLKRESETN[0]
                         net (fo=1, routed)           0.969     0.969    design_1_i/rst_ps7_0_100M/U0/EXT_LPF/ext_reset_in
    SLICE_X80Y106        LUT1 (Prop_lut1_I0_O)        0.045     1.014 r  design_1_i/rst_ps7_0_100M/U0/EXT_LPF/ACTIVE_LOW_EXT.ACT_LO_EXT_i_1/O
                         net (fo=1, routed)           0.000     1.014    design_1_i/rst_ps7_0_100M/U0/EXT_LPF/ACTIVE_LOW_EXT.ACT_LO_EXT/src_in
    SLICE_X80Y106        FDRE                                         r  design_1_i/rst_ps7_0_100M/U0/EXT_LPF/ACTIVE_LOW_EXT.ACT_LO_EXT/syncstages_ff_reg[0]/D
  -------------------------------------------------------------------    -------------------

                         (clock clk_fpga_0 rise edge)
                                                      0.000     0.000 r  
    PS7_X0Y0             PS7                          0.000     0.000 r  design_1_i/processing_system7_0/inst/PS7_i/FCLKCLK[0]
                         net (fo=1, routed)           0.337     0.337    design_1_i/processing_system7_0/inst/FCLK_CLK_unbuffered[0]
    BUFGCTRL_X0Y16       BUFG (Prop_bufg_I_O)         0.029     0.366 r  design_1_i/processing_system7_0/inst/buffer_fclk_clk_0.FCLK_CLK_0_BUFG/O
                         net (fo=14851, routed)       0.938     1.304    design_1_i/rst_ps7_0_100M/U0/EXT_LPF/ACTIVE_LOW_EXT.ACT_LO_EXT/dest_clk
    SLICE_X80Y106        FDRE                                         r  design_1_i/rst_ps7_0_100M/U0/EXT_LPF/ACTIVE_LOW_EXT.ACT_LO_EXT/syncstages_ff_reg[0]/C





--------------------------------------------------------------------------------------
Path Group:  (none)
From Clock:  clk_fpga_0
  To Clock:  clk_fpga_0

Max Delay           132 Endpoints
Min Delay           132 Endpoints
--------------------------------------------------------------------------------------


Max Delay Paths
--------------------------------------------------------------------------------------
Slack:                    inf
  Source:                 design_1_i/rst_ps7_0_100M/U0/ACTIVE_LOW_PR_OUT_DFF[0].FDRE_PER_N/C
                            (rising edge-triggered cell FDRE clocked by clk_fpga_0  {rise@0.000ns fall@5.000ns period=10.000ns})
  Destination:            design_1_wrapper/design_1/design_1_axi_mem_intercon_0/s05_couplers_imp_1YHCGIE/design_1_axi_mem_intercon_imp_auto_pc_3/design_1_axi_mem_intercon_imp_auto_pc_3_axi_protocol_converter_v2_1_37_axi_protocol_converter/design_1_axi_mem_intercon_imp_auto_pc_3_axi_protocol_converter_v2_1_37_axi3_conv/design_1_axi_mem_intercon_imp_auto_pc_3_axi_protocol_converter_v2_1_37_a_axi3_conv/design_1_axi_mem_intercon_imp_auto_pc_3_axi_data_fifo_v2_1_36_axic_fifo/design_1_axi_mem_intercon_imp_auto_pc_3_axi_data_fifo_v2_1_36_fifo_gen/<hidden>/<hidden>/<hidden>/<hidden>/<hidden>/<hidden>
                            (recovery check against rising-edge clock clk_fpga_0  {rise@0.000ns fall@5.000ns period=10.000ns})
  Path Group:             (none)
  Path Type:              Recovery (Max at Slow Process Corner)
  Data Path Delay:        7.215ns  (logic 0.642ns (8.898%)  route 6.573ns (91.102%))
  Logic Levels:           1  (LUT1=1)
  Clock Path Skew:        -0.555ns (DCD - SCD + CPR)
    Destination Clock Delay (DCD):    2.645ns
    Source Clock Delay      (SCD):    3.200ns
    Clock Pessimism Removal (CPR):    0.000ns
  Clock Uncertainty:      0.154ns  ((TSJ^2 + TIJ^2)^1/2 + DJ) / 2 + PE
    Total System Jitter     (TSJ):    0.071ns
    Total Input Jitter      (TIJ):    0.300ns
    Discrete Jitter          (DJ):    0.000ns
    Phase Error              (PE):    0.000ns
  Timing Exception:       False Path

    Location             Delay type                Incr(ns)  Path(ns)    Netlist Resource(s)
  -------------------------------------------------------------------    -------------------
                         (clock clk_fpga_0 rise edge)
                                                      0.000     0.000 r  
    PS7_X0Y0             PS7                          0.000     0.000 r  design_1_i/processing_system7_0/inst/PS7_i/FCLKCLK[0]
                         net (fo=1, routed)           1.193     1.193    design_1_i/processing_system7_0/inst/FCLK_CLK_unbuffered[0]
    BUFGCTRL_X0Y16       BUFG (Prop_bufg_I_O)         0.101     1.294 r  design_1_i/processing_system7_0/inst/buffer_fclk_clk_0.FCLK_CLK_0_BUFG/O
                         net (fo=14851, routed)       1.906     3.200    design_1_i/rst_ps7_0_100M/U0/slowest_sync_clk
    SLICE_X66Y108        FDRE                                         r  design_1_i/rst_ps7_0_100M/U0/ACTIVE_LOW_PR_OUT_DFF[0].FDRE_PER_N/C
  -------------------------------------------------------------------    -------------------
    SLICE_X66Y108        FDRE (Prop_fdre_C_Q)         0.518     3.718 r  design_1_i/rst_ps7_0_100M/U0/ACTIVE_LOW_PR_OUT_DFF[0].FDRE_PER_N/Q
                         net (fo=65, routed)          4.007     7.725    design_1_i/axi_mem_intercon/s05_couplers/auto_pc/inst/gen_axi4_axi3.axi3_conv_inst/USE_READ.USE_SPLIT_R.read_addr_inst/USE_R_CHANNEL.cmd_queue/inst/aresetn
    SLICE_X43Y93         LUT1 (Prop_lut1_I0_O)        0.124     7.849 f  design_1_i/axi_mem_intercon/s05_couplers/auto_pc/inst/gen_axi4_axi3.axi3_conv_inst/USE_READ.USE_SPLIT_R.read_addr_inst/USE_R_CHANNEL.cmd_queue/inst/S_AXI_ASIZE_Q[2]_i_1/O
                         net (fo=44, routed)          2.566    10.415    design_1_wrapper/design_1/design_1_axi_mem_intercon_0/s05_couplers_imp_1YHCGIE/design_1_axi_mem_intercon_imp_auto_pc_3/design_1_axi_mem_intercon_imp_auto_pc_3_axi_protocol_converter_v2_1_37_axi_protocol_converter/design_1_axi_mem_intercon_imp_auto_pc_3_axi_protocol_converter_v2_1_37_axi3_conv/design_1_axi_mem_intercon_imp_auto_pc_3_axi_protocol_converter_v2_1_37_a_axi3_conv/design_1_axi_mem_intercon_imp_auto_pc_3_axi_data_fifo_v2_1_36_axic_fifo/design_1_axi_mem_intercon_imp_auto_pc_3_axi_data_fifo_v2_1_36_fifo_gen/<hidden>/<hidden>/<hidden>/<hidden>/<hidden>/<hidden>
    SLICE_X48Y79         FDPE                                         f  design_1_wrapper/design_1/design_1_axi_mem_intercon_0/s05_couplers_imp_1YHCGIE/design_1_axi_mem_intercon_imp_auto_pc_3/design_1_axi_mem_intercon_imp_auto_pc_3_axi_protocol_converter_v2_1_37_axi_protocol_converter/design_1_axi_mem_intercon_imp_auto_pc_3_axi_protocol_converter_v2_1_37_axi3_conv/design_1_axi_mem_intercon_imp_auto_pc_3_axi_protocol_converter_v2_1_37_a_axi3_conv/design_1_axi_mem_intercon_imp_auto_pc_3_axi_data_fifo_v2_1_36_axic_fifo/design_1_axi_mem_intercon_imp_auto_pc_3_axi_data_fifo_v2_1_36_fifo_gen/<hidden>/<hidden>/<hidden>/<hidden>/<hidden>/<hidden>
  -------------------------------------------------------------------    -------------------

                         (clock clk_fpga_0 rise edge)
                                                      0.000     0.000 r  
    PS7_X0Y0             PS7                          0.000     0.000 r  design_1_i/processing_system7_0/inst/PS7_i/FCLKCLK[0]
                         net (fo=1, routed)           1.088     1.088    design_1_i/processing_system7_0/inst/FCLK_CLK_unbuffered[0]
    BUFGCTRL_X0Y16       BUFG (Prop_bufg_I_O)         0.091     1.179 r  design_1_i/processing_system7_0/inst/buffer_fclk_clk_0.FCLK_CLK_0_BUFG/O
                         net (fo=14851, routed)       1.466     2.645    design_1_wrapper/design_1/design_1_axi_mem_intercon_0/s05_couplers_imp_1YHCGIE/design_1_axi_mem_intercon_imp_auto_pc_3/design_1_axi_mem_intercon_imp_auto_pc_3_axi_protocol_converter_v2_1_37_axi_protocol_converter/design_1_axi_mem_intercon_imp_auto_pc_3_axi_protocol_converter_v2_1_37_axi3_conv/design_1_axi_mem_intercon_imp_auto_pc_3_axi_protocol_converter_v2_1_37_a_axi3_conv/design_1_axi_mem_intercon_imp_auto_pc_3_axi_data_fifo_v2_1_36_axic_fifo/design_1_axi_mem_intercon_imp_auto_pc_3_axi_data_fifo_v2_1_36_fifo_gen/<hidden>/<hidden>/<hidden>/<hidden>/<hidden>/<hidden>
    SLICE_X48Y79         FDPE                                         r  design_1_wrapper/design_1/design_1_axi_mem_intercon_0/s05_couplers_imp_1YHCGIE/design_1_axi_mem_intercon_imp_auto_pc_3/design_1_axi_mem_intercon_imp_auto_pc_3_axi_protocol_converter_v2_1_37_axi_protocol_converter/design_1_axi_mem_intercon_imp_auto_pc_3_axi_protocol_converter_v2_1_37_axi3_conv/design_1_axi_mem_intercon_imp_auto_pc_3_axi_protocol_converter_v2_1_37_a_axi3_conv/design_1_axi_mem_intercon_imp_auto_pc_3_axi_data_fifo_v2_1_36_axic_fifo/design_1_axi_mem_intercon_imp_auto_pc_3_axi_data_fifo_v2_1_36_fifo_gen/<hidden>/<hidden>/<hidden>/<hidden>/<hidden>/<hidden>

Slack:                    inf
  Source:                 design_1_i/rst_ps7_0_100M/U0/ACTIVE_LOW_PR_OUT_DFF[0].FDRE_PER_N/C
                            (rising edge-triggered cell FDRE clocked by clk_fpga_0  {rise@0.000ns fall@5.000ns period=10.000ns})
  Destination:            design_1_wrapper/design_1/design_1_axi_mem_intercon_0/s05_couplers_imp_1YHCGIE/design_1_axi_mem_intercon_imp_auto_pc_3/design_1_axi_mem_intercon_imp_auto_pc_3_axi_protocol_converter_v2_1_37_axi_protocol_converter/design_1_axi_mem_intercon_imp_auto_pc_3_axi_protocol_converter_v2_1_37_axi3_conv/design_1_axi_mem_intercon_imp_auto_pc_3_axi_protocol_converter_v2_1_37_a_axi3_conv/design_1_axi_mem_intercon_imp_auto_pc_3_axi_data_fifo_v2_1_36_axic_fifo/design_1_axi_mem_intercon_imp_auto_pc_3_axi_data_fifo_v2_1_36_fifo_gen/<hidden>/<hidden>/<hidden>/<hidden>/<hidden>/<hidden>
                            (recovery check against rising-edge clock clk_fpga_0  {rise@0.000ns fall@5.000ns period=10.000ns})
  Path Group:             (none)
  Path Type:              Recovery (Max at Slow Process Corner)
  Data Path Delay:        7.215ns  (logic 0.642ns (8.898%)  route 6.573ns (91.102%))
  Logic Levels:           1  (LUT1=1)
  Clock Path Skew:        -0.555ns (DCD - SCD + CPR)
    Destination Clock Delay (DCD):    2.645ns
    Source Clock Delay      (SCD):    3.200ns
    Clock Pessimism Removal (CPR):    0.000ns
  Clock Uncertainty:      0.154ns  ((TSJ^2 + TIJ^2)^1/2 + DJ) / 2 + PE
    Total System Jitter     (TSJ):    0.071ns
    Total Input Jitter      (TIJ):    0.300ns
    Discrete Jitter          (DJ):    0.000ns
    Phase Error              (PE):    0.000ns
  Timing Exception:       False Path

    Location             Delay type                Incr(ns)  Path(ns)    Netlist Resource(s)
  -------------------------------------------------------------------    -------------------
                         (clock clk_fpga_0 rise edge)
                                                      0.000     0.000 r  
    PS7_X0Y0             PS7                          0.000     0.000 r  design_1_i/processing_system7_0/inst/PS7_i/FCLKCLK[0]
                         net (fo=1, routed)           1.193     1.193    design_1_i/processing_system7_0/inst/FCLK_CLK_unbuffered[0]
    BUFGCTRL_X0Y16       BUFG (Prop_bufg_I_O)         0.101     1.294 r  design_1_i/processing_system7_0/inst/buffer_fclk_clk_0.FCLK_CLK_0_BUFG/O
                         net (fo=14851, routed)       1.906     3.200    design_1_i/rst_ps7_0_100M/U0/slowest_sync_clk
    SLICE_X66Y108        FDRE                                         r  design_1_i/rst_ps7_0_100M/U0/ACTIVE_LOW_PR_OUT_DFF[0].FDRE_PER_N/C
  -------------------------------------------------------------------    -------------------
    SLICE_X66Y108        FDRE (Prop_fdre_C_Q)         0.518     3.718 r  design_1_i/rst_ps7_0_100M/U0/ACTIVE_LOW_PR_OUT_DFF[0].FDRE_PER_N/Q
                         net (fo=65, routed)          4.007     7.725    design_1_i/axi_mem_intercon/s05_couplers/auto_pc/inst/gen_axi4_axi3.axi3_conv_inst/USE_READ.USE_SPLIT_R.read_addr_inst/USE_R_CHANNEL.cmd_queue/inst/aresetn
    SLICE_X43Y93         LUT1 (Prop_lut1_I0_O)        0.124     7.849 f  design_1_i/axi_mem_intercon/s05_couplers/auto_pc/inst/gen_axi4_axi3.axi3_conv_inst/USE_READ.USE_SPLIT_R.read_addr_inst/USE_R_CHANNEL.cmd_queue/inst/S_AXI_ASIZE_Q[2]_i_1/O
                         net (fo=44, routed)          2.566    10.415    design_1_wrapper/design_1/design_1_axi_mem_intercon_0/s05_couplers_imp_1YHCGIE/design_1_axi_mem_intercon_imp_auto_pc_3/design_1_axi_mem_intercon_imp_auto_pc_3_axi_protocol_converter_v2_1_37_axi_protocol_converter/design_1_axi_mem_intercon_imp_auto_pc_3_axi_protocol_converter_v2_1_37_axi3_conv/design_1_axi_mem_intercon_imp_auto_pc_3_axi_protocol_converter_v2_1_37_a_axi3_conv/design_1_axi_mem_intercon_imp_auto_pc_3_axi_data_fifo_v2_1_36_axic_fifo/design_1_axi_mem_intercon_imp_auto_pc_3_axi_data_fifo_v2_1_36_fifo_gen/<hidden>/<hidden>/<hidden>/<hidden>/<hidden>/<hidden>
    SLICE_X48Y79         FDPE                                         f  design_1_wrapper/design_1/design_1_axi_mem_intercon_0/s05_couplers_imp_1YHCGIE/design_1_axi_mem_intercon_imp_auto_pc_3/design_1_axi_mem_intercon_imp_auto_pc_3_axi_protocol_converter_v2_1_37_axi_protocol_converter/design_1_axi_mem_intercon_imp_auto_pc_3_axi_protocol_converter_v2_1_37_axi3_conv/design_1_axi_mem_intercon_imp_auto_pc_3_axi_protocol_converter_v2_1_37_a_axi3_conv/design_1_axi_mem_intercon_imp_auto_pc_3_axi_data_fifo_v2_1_36_axic_fifo/design_1_axi_mem_intercon_imp_auto_pc_3_axi_data_fifo_v2_1_36_fifo_gen/<hidden>/<hidden>/<hidden>/<hidden>/<hidden>/<hidden>
  -------------------------------------------------------------------    -------------------

                         (clock clk_fpga_0 rise edge)
                                                      0.000     0.000 r  
    PS7_X0Y0             PS7                          0.000     0.000 r  design_1_i/processing_system7_0/inst/PS7_i/FCLKCLK[0]
                         net (fo=1, routed)           1.088     1.088    design_1_i/processing_system7_0/inst/FCLK_CLK_unbuffered[0]
    BUFGCTRL_X0Y16       BUFG (Prop_bufg_I_O)         0.091     1.179 r  design_1_i/processing_system7_0/inst/buffer_fclk_clk_0.FCLK_CLK_0_BUFG/O
                         net (fo=14851, routed)       1.466     2.645    design_1_wrapper/design_1/design_1_axi_mem_intercon_0/s05_couplers_imp_1YHCGIE/design_1_axi_mem_intercon_imp_auto_pc_3/design_1_axi_mem_intercon_imp_auto_pc_3_axi_protocol_converter_v2_1_37_axi_protocol_converter/design_1_axi_mem_intercon_imp_auto_pc_3_axi_protocol_converter_v2_1_37_axi3_conv/design_1_axi_mem_intercon_imp_auto_pc_3_axi_protocol_converter_v2_1_37_a_axi3_conv/design_1_axi_mem_intercon_imp_auto_pc_3_axi_data_fifo_v2_1_36_axic_fifo/design_1_axi_mem_intercon_imp_auto_pc_3_axi_data_fifo_v2_1_36_fifo_gen/<hidden>/<hidden>/<hidden>/<hidden>/<hidden>/<hidden>
    SLICE_X48Y79         FDPE                                         r  design_1_wrapper/design_1/design_1_axi_mem_intercon_0/s05_couplers_imp_1YHCGIE/design_1_axi_mem_intercon_imp_auto_pc_3/design_1_axi_mem_intercon_imp_auto_pc_3_axi_protocol_converter_v2_1_37_axi_protocol_converter/design_1_axi_mem_intercon_imp_auto_pc_3_axi_protocol_converter_v2_1_37_axi3_conv/design_1_axi_mem_intercon_imp_auto_pc_3_axi_protocol_converter_v2_1_37_a_axi3_conv/design_1_axi_mem_intercon_imp_auto_pc_3_axi_data_fifo_v2_1_36_axic_fifo/design_1_axi_mem_intercon_imp_auto_pc_3_axi_data_fifo_v2_1_36_fifo_gen/<hidden>/<hidden>/<hidden>/<hidden>/<hidden>/<hidden>

Slack:                    inf
  Source:                 design_1_i/rst_ps7_0_100M/U0/ACTIVE_LOW_PR_OUT_DFF[0].FDRE_PER_N/C
                            (rising edge-triggered cell FDRE clocked by clk_fpga_0  {rise@0.000ns fall@5.000ns period=10.000ns})
  Destination:            design_1_wrapper/design_1/design_1_axi_mem_intercon_0/s06_couplers_imp_5OWWZ8/design_1_axi_mem_intercon_imp_auto_pc_4/design_1_axi_mem_intercon_imp_auto_pc_4_axi_protocol_converter_v2_1_37_axi_protocol_converter/design_1_axi_mem_intercon_imp_auto_pc_4_axi_protocol_converter_v2_1_37_axi3_conv/design_1_axi_mem_intercon_imp_auto_pc_4_axi_protocol_converter_v2_1_37_a_axi3_conv/design_1_axi_mem_intercon_imp_auto_pc_4_axi_data_fifo_v2_1_36_axic_fifo_0/design_1_axi_mem_intercon_imp_auto_pc_4_axi_data_fifo_v2_1_36_fifo_gen/<hidden>/<hidden>/<hidden>/<hidden>/<hidden>/<hidden>
                            (recovery check against rising-edge clock clk_fpga_0  {rise@0.000ns fall@5.000ns period=10.000ns})
  Path Group:             (none)
  Path Type:              Recovery (Max at Slow Process Corner)
  Data Path Delay:        6.815ns  (logic 0.668ns (9.802%)  route 6.147ns (90.198%))
  Logic Levels:           1  (LUT1=1)
  Clock Path Skew:        -0.503ns (DCD - SCD + CPR)
    Destination Clock Delay (DCD):    2.697ns
    Source Clock Delay      (SCD):    3.200ns
    Clock Pessimism Removal (CPR):    0.000ns
  Clock Uncertainty:      0.154ns  ((TSJ^2 + TIJ^2)^1/2 + DJ) / 2 + PE
    Total System Jitter     (TSJ):    0.071ns
    Total Input Jitter      (TIJ):    0.300ns
    Discrete Jitter          (DJ):    0.000ns
    Phase Error              (PE):    0.000ns
  Timing Exception:       False Path

    Location             Delay type                Incr(ns)  Path(ns)    Netlist Resource(s)
  -------------------------------------------------------------------    -------------------
                         (clock clk_fpga_0 rise edge)
                                                      0.000     0.000 r  
    PS7_X0Y0             PS7                          0.000     0.000 r  design_1_i/processing_system7_0/inst/PS7_i/FCLKCLK[0]
                         net (fo=1, routed)           1.193     1.193    design_1_i/processing_system7_0/inst/FCLK_CLK_unbuffered[0]
    BUFGCTRL_X0Y16       BUFG (Prop_bufg_I_O)         0.101     1.294 r  design_1_i/processing_system7_0/inst/buffer_fclk_clk_0.FCLK_CLK_0_BUFG/O
                         net (fo=14851, routed)       1.906     3.200    design_1_i/rst_ps7_0_100M/U0/slowest_sync_clk
    SLICE_X66Y108        FDRE                                         r  design_1_i/rst_ps7_0_100M/U0/ACTIVE_LOW_PR_OUT_DFF[0].FDRE_PER_N/C
  -------------------------------------------------------------------    -------------------
    SLICE_X66Y108        FDRE (Prop_fdre_C_Q)         0.518     3.718 r  design_1_i/rst_ps7_0_100M/U0/ACTIVE_LOW_PR_OUT_DFF[0].FDRE_PER_N/Q
                         net (fo=65, routed)          4.104     7.822    design_1_i/axi_mem_intercon/s06_couplers/auto_pc/inst/gen_axi4_axi3.axi3_conv_inst/USE_WRITE.write_addr_inst/USE_BURSTS.cmd_queue/inst/aresetn
    SLICE_X40Y89         LUT1 (Prop_lut1_I0_O)        0.150     7.972 f  design_1_i/axi_mem_intercon/s06_couplers/auto_pc/inst/gen_axi4_axi3.axi3_conv_inst/USE_WRITE.write_addr_inst/USE_BURSTS.cmd_queue/inst/S_AXI_AREADY_I_i_1/O
                         net (fo=115, routed)         2.043    10.015    design_1_wrapper/design_1/design_1_axi_mem_intercon_0/s06_couplers_imp_5OWWZ8/design_1_axi_mem_intercon_imp_auto_pc_4/design_1_axi_mem_intercon_imp_auto_pc_4_axi_protocol_converter_v2_1_37_axi_protocol_converter/design_1_axi_mem_intercon_imp_auto_pc_4_axi_protocol_converter_v2_1_37_axi3_conv/design_1_axi_mem_intercon_imp_auto_pc_4_axi_protocol_converter_v2_1_37_a_axi3_conv/design_1_axi_mem_intercon_imp_auto_pc_4_axi_data_fifo_v2_1_36_axic_fifo_0/design_1_axi_mem_intercon_imp_auto_pc_4_axi_data_fifo_v2_1_36_fifo_gen/<hidden>/<hidden>/<hidden>/<hidden>/<hidden>/<hidden>
    SLICE_X27Y88         FDPE                                         f  design_1_wrapper/design_1/design_1_axi_mem_intercon_0/s06_couplers_imp_5OWWZ8/design_1_axi_mem_intercon_imp_auto_pc_4/design_1_axi_mem_intercon_imp_auto_pc_4_axi_protocol_converter_v2_1_37_axi_protocol_converter/design_1_axi_mem_intercon_imp_auto_pc_4_axi_protocol_converter_v2_1_37_axi3_conv/design_1_axi_mem_intercon_imp_auto_pc_4_axi_protocol_converter_v2_1_37_a_axi3_conv/design_1_axi_mem_intercon_imp_auto_pc_4_axi_data_fifo_v2_1_36_axic_fifo_0/design_1_axi_mem_intercon_imp_auto_pc_4_axi_data_fifo_v2_1_36_fifo_gen/<hidden>/<hidden>/<hidden>/<hidden>/<hidden>/<hidden>
  -------------------------------------------------------------------    -------------------

                         (clock clk_fpga_0 rise edge)
                                                      0.000     0.000 r  
    PS7_X0Y0             PS7                          0.000     0.000 r  design_1_i/processing_system7_0/inst/PS7_i/FCLKCLK[0]
                         net (fo=1, routed)           1.088     1.088    design_1_i/processing_system7_0/inst/FCLK_CLK_unbuffered[0]
    BUFGCTRL_X0Y16       BUFG (Prop_bufg_I_O)         0.091     1.179 r  design_1_i/processing_system7_0/inst/buffer_fclk_clk_0.FCLK_CLK_0_BUFG/O
                         net (fo=14851, routed)       1.518     2.697    design_1_wrapper/design_1/design_1_axi_mem_intercon_0/s06_couplers_imp_5OWWZ8/design_1_axi_mem_intercon_imp_auto_pc_4/design_1_axi_mem_intercon_imp_auto_pc_4_axi_protocol_converter_v2_1_37_axi_protocol_converter/design_1_axi_mem_intercon_imp_auto_pc_4_axi_protocol_converter_v2_1_37_axi3_conv/design_1_axi_mem_intercon_imp_auto_pc_4_axi_protocol_converter_v2_1_37_a_axi3_conv/design_1_axi_mem_intercon_imp_auto_pc_4_axi_data_fifo_v2_1_36_axic_fifo_0/design_1_axi_mem_intercon_imp_auto_pc_4_axi_data_fifo_v2_1_36_fifo_gen/<hidden>/<hidden>/<hidden>/<hidden>/<hidden>/<hidden>
    SLICE_X27Y88         FDPE                                         r  design_1_wrapper/design_1/design_1_axi_mem_intercon_0/s06_couplers_imp_5OWWZ8/design_1_axi_mem_intercon_imp_auto_pc_4/design_1_axi_mem_intercon_imp_auto_pc_4_axi_protocol_converter_v2_1_37_axi_protocol_converter/design_1_axi_mem_intercon_imp_auto_pc_4_axi_protocol_converter_v2_1_37_axi3_conv/design_1_axi_mem_intercon_imp_auto_pc_4_axi_protocol_converter_v2_1_37_a_axi3_conv/design_1_axi_mem_intercon_imp_auto_pc_4_axi_data_fifo_v2_1_36_axic_fifo_0/design_1_axi_mem_intercon_imp_auto_pc_4_axi_data_fifo_v2_1_36_fifo_gen/<hidden>/<hidden>/<hidden>/<hidden>/<hidden>/<hidden>

Slack:                    inf
  Source:                 design_1_i/rst_ps7_0_100M/U0/ACTIVE_LOW_PR_OUT_DFF[0].FDRE_PER_N/C
                            (rising edge-triggered cell FDRE clocked by clk_fpga_0  {rise@0.000ns fall@5.000ns period=10.000ns})
  Destination:            design_1_wrapper/design_1/design_1_axi_mem_intercon_0/s06_couplers_imp_5OWWZ8/design_1_axi_mem_intercon_imp_auto_pc_4/design_1_axi_mem_intercon_imp_auto_pc_4_axi_protocol_converter_v2_1_37_axi_protocol_converter/design_1_axi_mem_intercon_imp_auto_pc_4_axi_protocol_converter_v2_1_37_axi3_conv/design_1_axi_mem_intercon_imp_auto_pc_4_axi_protocol_converter_v2_1_37_a_axi3_conv/design_1_axi_mem_intercon_imp_auto_pc_4_axi_data_fifo_v2_1_36_axic_fifo_0/design_1_axi_mem_intercon_imp_auto_pc_4_axi_data_fifo_v2_1_36_fifo_gen/<hidden>/<hidden>/<hidden>/<hidden>/<hidden>/<hidden>
                            (recovery check against rising-edge clock clk_fpga_0  {rise@0.000ns fall@5.000ns period=10.000ns})
  Path Group:             (none)
  Path Type:              Recovery (Max at Slow Process Corner)
  Data Path Delay:        6.815ns  (logic 0.668ns (9.802%)  route 6.147ns (90.198%))
  Logic Levels:           1  (LUT1=1)
  Clock Path Skew:        -0.503ns (DCD - SCD + CPR)
    Destination Clock Delay (DCD):    2.697ns
    Source Clock Delay      (SCD):    3.200ns
    Clock Pessimism Removal (CPR):    0.000ns
  Clock Uncertainty:      0.154ns  ((TSJ^2 + TIJ^2)^1/2 + DJ) / 2 + PE
    Total System Jitter     (TSJ):    0.071ns
    Total Input Jitter      (TIJ):    0.300ns
    Discrete Jitter          (DJ):    0.000ns
    Phase Error              (PE):    0.000ns
  Timing Exception:       False Path

    Location             Delay type                Incr(ns)  Path(ns)    Netlist Resource(s)
  -------------------------------------------------------------------    -------------------
                         (clock clk_fpga_0 rise edge)
                                                      0.000     0.000 r  
    PS7_X0Y0             PS7                          0.000     0.000 r  design_1_i/processing_system7_0/inst/PS7_i/FCLKCLK[0]
                         net (fo=1, routed)           1.193     1.193    design_1_i/processing_system7_0/inst/FCLK_CLK_unbuffered[0]
    BUFGCTRL_X0Y16       BUFG (Prop_bufg_I_O)         0.101     1.294 r  design_1_i/processing_system7_0/inst/buffer_fclk_clk_0.FCLK_CLK_0_BUFG/O
                         net (fo=14851, routed)       1.906     3.200    design_1_i/rst_ps7_0_100M/U0/slowest_sync_clk
    SLICE_X66Y108        FDRE                                         r  design_1_i/rst_ps7_0_100M/U0/ACTIVE_LOW_PR_OUT_DFF[0].FDRE_PER_N/C
  -------------------------------------------------------------------    -------------------
    SLICE_X66Y108        FDRE (Prop_fdre_C_Q)         0.518     3.718 r  design_1_i/rst_ps7_0_100M/U0/ACTIVE_LOW_PR_OUT_DFF[0].FDRE_PER_N/Q
                         net (fo=65, routed)          4.104     7.822    design_1_i/axi_mem_intercon/s06_couplers/auto_pc/inst/gen_axi4_axi3.axi3_conv_inst/USE_WRITE.write_addr_inst/USE_BURSTS.cmd_queue/inst/aresetn
    SLICE_X40Y89         LUT1 (Prop_lut1_I0_O)        0.150     7.972 f  design_1_i/axi_mem_intercon/s06_couplers/auto_pc/inst/gen_axi4_axi3.axi3_conv_inst/USE_WRITE.write_addr_inst/USE_BURSTS.cmd_queue/inst/S_AXI_AREADY_I_i_1/O
                         net (fo=115, routed)         2.043    10.015    design_1_wrapper/design_1/design_1_axi_mem_intercon_0/s06_couplers_imp_5OWWZ8/design_1_axi_mem_intercon_imp_auto_pc_4/design_1_axi_mem_intercon_imp_auto_pc_4_axi_protocol_converter_v2_1_37_axi_protocol_converter/design_1_axi_mem_intercon_imp_auto_pc_4_axi_protocol_converter_v2_1_37_axi3_conv/design_1_axi_mem_intercon_imp_auto_pc_4_axi_protocol_converter_v2_1_37_a_axi3_conv/design_1_axi_mem_intercon_imp_auto_pc_4_axi_data_fifo_v2_1_36_axic_fifo_0/design_1_axi_mem_intercon_imp_auto_pc_4_axi_data_fifo_v2_1_36_fifo_gen/<hidden>/<hidden>/<hidden>/<hidden>/<hidden>/<hidden>
    SLICE_X27Y88         FDPE                                         f  design_1_wrapper/design_1/design_1_axi_mem_intercon_0/s06_couplers_imp_5OWWZ8/design_1_axi_mem_intercon_imp_auto_pc_4/design_1_axi_mem_intercon_imp_auto_pc_4_axi_protocol_converter_v2_1_37_axi_protocol_converter/design_1_axi_mem_intercon_imp_auto_pc_4_axi_protocol_converter_v2_1_37_axi3_conv/design_1_axi_mem_intercon_imp_auto_pc_4_axi_protocol_converter_v2_1_37_a_axi3_conv/design_1_axi_mem_intercon_imp_auto_pc_4_axi_data_fifo_v2_1_36_axic_fifo_0/design_1_axi_mem_intercon_imp_auto_pc_4_axi_data_fifo_v2_1_36_fifo_gen/<hidden>/<hidden>/<hidden>/<hidden>/<hidden>/<hidden>
  -------------------------------------------------------------------    -------------------

                         (clock clk_fpga_0 rise edge)
                                                      0.000     0.000 r  
    PS7_X0Y0             PS7                          0.000     0.000 r  design_1_i/processing_system7_0/inst/PS7_i/FCLKCLK[0]
                         net (fo=1, routed)           1.088     1.088    design_1_i/processing_system7_0/inst/FCLK_CLK_unbuffered[0]
    BUFGCTRL_X0Y16       BUFG (Prop_bufg_I_O)         0.091     1.179 r  design_1_i/processing_system7_0/inst/buffer_fclk_clk_0.FCLK_CLK_0_BUFG/O
                         net (fo=14851, routed)       1.518     2.697    design_1_wrapper/design_1/design_1_axi_mem_intercon_0/s06_couplers_imp_5OWWZ8/design_1_axi_mem_intercon_imp_auto_pc_4/design_1_axi_mem_intercon_imp_auto_pc_4_axi_protocol_converter_v2_1_37_axi_protocol_converter/design_1_axi_mem_intercon_imp_auto_pc_4_axi_protocol_converter_v2_1_37_axi3_conv/design_1_axi_mem_intercon_imp_auto_pc_4_axi_protocol_converter_v2_1_37_a_axi3_conv/design_1_axi_mem_intercon_imp_auto_pc_4_axi_data_fifo_v2_1_36_axic_fifo_0/design_1_axi_mem_intercon_imp_auto_pc_4_axi_data_fifo_v2_1_36_fifo_gen/<hidden>/<hidden>/<hidden>/<hidden>/<hidden>/<hidden>
    SLICE_X27Y88         FDPE                                         r  design_1_wrapper/design_1/design_1_axi_mem_intercon_0/s06_couplers_imp_5OWWZ8/design_1_axi_mem_intercon_imp_auto_pc_4/design_1_axi_mem_intercon_imp_auto_pc_4_axi_protocol_converter_v2_1_37_axi_protocol_converter/design_1_axi_mem_intercon_imp_auto_pc_4_axi_protocol_converter_v2_1_37_axi3_conv/design_1_axi_mem_intercon_imp_auto_pc_4_axi_protocol_converter_v2_1_37_a_axi3_conv/design_1_axi_mem_intercon_imp_auto_pc_4_axi_data_fifo_v2_1_36_axic_fifo_0/design_1_axi_mem_intercon_imp_auto_pc_4_axi_data_fifo_v2_1_36_fifo_gen/<hidden>/<hidden>/<hidden>/<hidden>/<hidden>/<hidden>

Slack:                    inf
  Source:                 design_1_i/rst_ps7_0_100M/U0/ACTIVE_LOW_PR_OUT_DFF[0].FDRE_PER_N/C
                            (rising edge-triggered cell FDRE clocked by clk_fpga_0  {rise@0.000ns fall@5.000ns period=10.000ns})
  Destination:            design_1_wrapper/design_1/design_1_axi_mem_intercon_0/s03_couplers_imp_1UQ1PUB/design_1_axi_mem_intercon_imp_auto_pc_2/design_1_axi_mem_intercon_imp_auto_pc_2_axi_protocol_converter_v2_1_37_axi_protocol_converter/design_1_axi_mem_intercon_imp_auto_pc_2_axi_protocol_converter_v2_1_37_axi3_conv/design_1_axi_mem_intercon_imp_auto_pc_2_axi_protocol_converter_v2_1_37_a_axi3_conv/design_1_axi_mem_intercon_imp_auto_pc_2_axi_data_fifo_v2_1_36_axic_fifo/design_1_axi_mem_intercon_imp_auto_pc_2_axi_data_fifo_v2_1_36_fifo_gen_1/<hidden>/<hidden>/<hidden>/<hidden>/<hidden>/<hidden>
                            (recovery check against rising-edge clock clk_fpga_0  {rise@0.000ns fall@5.000ns period=10.000ns})
  Path Group:             (none)
  Path Type:              Recovery (Max at Slow Process Corner)
  Data Path Delay:        6.494ns  (logic 0.670ns (10.318%)  route 5.824ns (89.682%))
  Logic Levels:           1  (LUT1=1)
  Clock Path Skew:        -0.511ns (DCD - SCD + CPR)
    Destination Clock Delay (DCD):    2.689ns
    Source Clock Delay      (SCD):    3.200ns
    Clock Pessimism Removal (CPR):    0.000ns
  Clock Uncertainty:      0.154ns  ((TSJ^2 + TIJ^2)^1/2 + DJ) / 2 + PE
    Total System Jitter     (TSJ):    0.071ns
    Total Input Jitter      (TIJ):    0.300ns
    Discrete Jitter          (DJ):    0.000ns
    Phase Error              (PE):    0.000ns
  Timing Exception:       False Path

    Location             Delay type                Incr(ns)  Path(ns)    Netlist Resource(s)
  -------------------------------------------------------------------    -------------------
                         (clock clk_fpga_0 rise edge)
                                                      0.000     0.000 r  
    PS7_X0Y0             PS7                          0.000     0.000 r  design_1_i/processing_system7_0/inst/PS7_i/FCLKCLK[0]
                         net (fo=1, routed)           1.193     1.193    design_1_i/processing_system7_0/inst/FCLK_CLK_unbuffered[0]
    BUFGCTRL_X0Y16       BUFG (Prop_bufg_I_O)         0.101     1.294 r  design_1_i/processing_system7_0/inst/buffer_fclk_clk_0.FCLK_CLK_0_BUFG/O
                         net (fo=14851, routed)       1.906     3.200    design_1_i/rst_ps7_0_100M/U0/slowest_sync_clk
    SLICE_X66Y108        FDRE                                         r  design_1_i/rst_ps7_0_100M/U0/ACTIVE_LOW_PR_OUT_DFF[0].FDRE_PER_N/C
  -------------------------------------------------------------------    -------------------
    SLICE_X66Y108        FDRE (Prop_fdre_C_Q)         0.518     3.718 r  design_1_i/rst_ps7_0_100M/U0/ACTIVE_LOW_PR_OUT_DFF[0].FDRE_PER_N/Q
                         net (fo=65, routed)          3.496     7.214    design_1_i/axi_mem_intercon/s03_couplers/auto_pc/inst/gen_axi4_axi3.axi3_conv_inst/USE_WRITE.write_addr_inst/USE_BURSTS.cmd_queue/inst/aresetn
    SLICE_X35Y97         LUT1 (Prop_lut1_I0_O)        0.152     7.366 f  design_1_i/axi_mem_intercon/s03_couplers/auto_pc/inst/gen_axi4_axi3.axi3_conv_inst/USE_WRITE.write_addr_inst/USE_BURSTS.cmd_queue/inst/S_AXI_AREADY_I_i_1/O
                         net (fo=115, routed)         2.327     9.694    design_1_wrapper/design_1/design_1_axi_mem_intercon_0/s03_couplers_imp_1UQ1PUB/design_1_axi_mem_intercon_imp_auto_pc_2/design_1_axi_mem_intercon_imp_auto_pc_2_axi_protocol_converter_v2_1_37_axi_protocol_converter/design_1_axi_mem_intercon_imp_auto_pc_2_axi_protocol_converter_v2_1_37_axi3_conv/design_1_axi_mem_intercon_imp_auto_pc_2_axi_protocol_converter_v2_1_37_a_axi3_conv/design_1_axi_mem_intercon_imp_auto_pc_2_axi_data_fifo_v2_1_36_axic_fifo/design_1_axi_mem_intercon_imp_auto_pc_2_axi_data_fifo_v2_1_36_fifo_gen_1/<hidden>/<hidden>/<hidden>/<hidden>/<hidden>/<hidden>
    SLICE_X26Y80         FDPE                                         f  design_1_wrapper/design_1/design_1_axi_mem_intercon_0/s03_couplers_imp_1UQ1PUB/design_1_axi_mem_intercon_imp_auto_pc_2/design_1_axi_mem_intercon_imp_auto_pc_2_axi_protocol_converter_v2_1_37_axi_protocol_converter/design_1_axi_mem_intercon_imp_auto_pc_2_axi_protocol_converter_v2_1_37_axi3_conv/design_1_axi_mem_intercon_imp_auto_pc_2_axi_protocol_converter_v2_1_37_a_axi3_conv/design_1_axi_mem_intercon_imp_auto_pc_2_axi_data_fifo_v2_1_36_axic_fifo/design_1_axi_mem_intercon_imp_auto_pc_2_axi_data_fifo_v2_1_36_fifo_gen_1/<hidden>/<hidden>/<hidden>/<hidden>/<hidden>/<hidden>
  -------------------------------------------------------------------    -------------------

                         (clock clk_fpga_0 rise edge)
                                                      0.000     0.000 r  
    PS7_X0Y0             PS7                          0.000     0.000 r  design_1_i/processing_system7_0/inst/PS7_i/FCLKCLK[0]
                         net (fo=1, routed)           1.088     1.088    design_1_i/processing_system7_0/inst/FCLK_CLK_unbuffered[0]
    BUFGCTRL_X0Y16       BUFG (Prop_bufg_I_O)         0.091     1.179 r  design_1_i/processing_system7_0/inst/buffer_fclk_clk_0.FCLK_CLK_0_BUFG/O
                         net (fo=14851, routed)       1.510     2.689    design_1_wrapper/design_1/design_1_axi_mem_intercon_0/s03_couplers_imp_1UQ1PUB/design_1_axi_mem_intercon_imp_auto_pc_2/design_1_axi_mem_intercon_imp_auto_pc_2_axi_protocol_converter_v2_1_37_axi_protocol_converter/design_1_axi_mem_intercon_imp_auto_pc_2_axi_protocol_converter_v2_1_37_axi3_conv/design_1_axi_mem_intercon_imp_auto_pc_2_axi_protocol_converter_v2_1_37_a_axi3_conv/design_1_axi_mem_intercon_imp_auto_pc_2_axi_data_fifo_v2_1_36_axic_fifo/design_1_axi_mem_intercon_imp_auto_pc_2_axi_data_fifo_v2_1_36_fifo_gen_1/<hidden>/<hidden>/<hidden>/<hidden>/<hidden>/<hidden>
    SLICE_X26Y80         FDPE                                         r  design_1_wrapper/design_1/design_1_axi_mem_intercon_0/s03_couplers_imp_1UQ1PUB/design_1_axi_mem_intercon_imp_auto_pc_2/design_1_axi_mem_intercon_imp_auto_pc_2_axi_protocol_converter_v2_1_37_axi_protocol_converter/design_1_axi_mem_intercon_imp_auto_pc_2_axi_protocol_converter_v2_1_37_axi3_conv/design_1_axi_mem_intercon_imp_auto_pc_2_axi_protocol_converter_v2_1_37_a_axi3_conv/design_1_axi_mem_intercon_imp_auto_pc_2_axi_data_fifo_v2_1_36_axic_fifo/design_1_axi_mem_intercon_imp_auto_pc_2_axi_data_fifo_v2_1_36_fifo_gen_1/<hidden>/<hidden>/<hidden>/<hidden>/<hidden>/<hidden>

Slack:                    inf
  Source:                 design_1_i/rst_ps7_0_100M/U0/ACTIVE_LOW_PR_OUT_DFF[0].FDRE_PER_N/C
                            (rising edge-triggered cell FDRE clocked by clk_fpga_0  {rise@0.000ns fall@5.000ns period=10.000ns})
  Destination:            design_1_wrapper/design_1/design_1_axi_mem_intercon_0/s03_couplers_imp_1UQ1PUB/design_1_axi_mem_intercon_imp_auto_pc_2/design_1_axi_mem_intercon_imp_auto_pc_2_axi_protocol_converter_v2_1_37_axi_protocol_converter/design_1_axi_mem_intercon_imp_auto_pc_2_axi_protocol_converter_v2_1_37_axi3_conv/design_1_axi_mem_intercon_imp_auto_pc_2_axi_protocol_converter_v2_1_37_a_axi3_conv/design_1_axi_mem_intercon_imp_auto_pc_2_axi_data_fifo_v2_1_36_axic_fifo/design_1_axi_mem_intercon_imp_auto_pc_2_axi_data_fifo_v2_1_36_fifo_gen_1/<hidden>/<hidden>/<hidden>/<hidden>/<hidden>/<hidden>
                            (recovery check against rising-edge clock clk_fpga_0  {rise@0.000ns fall@5.000ns period=10.000ns})
  Path Group:             (none)
  Path Type:              Recovery (Max at Slow Process Corner)
  Data Path Delay:        6.494ns  (logic 0.670ns (10.318%)  route 5.824ns (89.682%))
  Logic Levels:           1  (LUT1=1)
  Clock Path Skew:        -0.511ns (DCD - SCD + CPR)
    Destination Clock Delay (DCD):    2.689ns
    Source Clock Delay      (SCD):    3.200ns
    Clock Pessimism Removal (CPR):    0.000ns
  Clock Uncertainty:      0.154ns  ((TSJ^2 + TIJ^2)^1/2 + DJ) / 2 + PE
    Total System Jitter     (TSJ):    0.071ns
    Total Input Jitter      (TIJ):    0.300ns
    Discrete Jitter          (DJ):    0.000ns
    Phase Error              (PE):    0.000ns
  Timing Exception:       False Path

    Location             Delay type                Incr(ns)  Path(ns)    Netlist Resource(s)
  -------------------------------------------------------------------    -------------------
                         (clock clk_fpga_0 rise edge)
                                                      0.000     0.000 r  
    PS7_X0Y0             PS7                          0.000     0.000 r  design_1_i/processing_system7_0/inst/PS7_i/FCLKCLK[0]
                         net (fo=1, routed)           1.193     1.193    design_1_i/processing_system7_0/inst/FCLK_CLK_unbuffered[0]
    BUFGCTRL_X0Y16       BUFG (Prop_bufg_I_O)         0.101     1.294 r  design_1_i/processing_system7_0/inst/buffer_fclk_clk_0.FCLK_CLK_0_BUFG/O
                         net (fo=14851, routed)       1.906     3.200    design_1_i/rst_ps7_0_100M/U0/slowest_sync_clk
    SLICE_X66Y108        FDRE                                         r  design_1_i/rst_ps7_0_100M/U0/ACTIVE_LOW_PR_OUT_DFF[0].FDRE_PER_N/C
  -------------------------------------------------------------------    -------------------
    SLICE_X66Y108        FDRE (Prop_fdre_C_Q)         0.518     3.718 r  design_1_i/rst_ps7_0_100M/U0/ACTIVE_LOW_PR_OUT_DFF[0].FDRE_PER_N/Q
                         net (fo=65, routed)          3.496     7.214    design_1_i/axi_mem_intercon/s03_couplers/auto_pc/inst/gen_axi4_axi3.axi3_conv_inst/USE_WRITE.write_addr_inst/USE_BURSTS.cmd_queue/inst/aresetn
    SLICE_X35Y97         LUT1 (Prop_lut1_I0_O)        0.152     7.366 f  design_1_i/axi_mem_intercon/s03_couplers/auto_pc/inst/gen_axi4_axi3.axi3_conv_inst/USE_WRITE.write_addr_inst/USE_BURSTS.cmd_queue/inst/S_AXI_AREADY_I_i_1/O
                         net (fo=115, routed)         2.327     9.694    design_1_wrapper/design_1/design_1_axi_mem_intercon_0/s03_couplers_imp_1UQ1PUB/design_1_axi_mem_intercon_imp_auto_pc_2/design_1_axi_mem_intercon_imp_auto_pc_2_axi_protocol_converter_v2_1_37_axi_protocol_converter/design_1_axi_mem_intercon_imp_auto_pc_2_axi_protocol_converter_v2_1_37_axi3_conv/design_1_axi_mem_intercon_imp_auto_pc_2_axi_protocol_converter_v2_1_37_a_axi3_conv/design_1_axi_mem_intercon_imp_auto_pc_2_axi_data_fifo_v2_1_36_axic_fifo/design_1_axi_mem_intercon_imp_auto_pc_2_axi_data_fifo_v2_1_36_fifo_gen_1/<hidden>/<hidden>/<hidden>/<hidden>/<hidden>/<hidden>
    SLICE_X26Y80         FDPE                                         f  design_1_wrapper/design_1/design_1_axi_mem_intercon_0/s03_couplers_imp_1UQ1PUB/design_1_axi_mem_intercon_imp_auto_pc_2/design_1_axi_mem_intercon_imp_auto_pc_2_axi_protocol_converter_v2_1_37_axi_protocol_converter/design_1_axi_mem_intercon_imp_auto_pc_2_axi_protocol_converter_v2_1_37_axi3_conv/design_1_axi_mem_intercon_imp_auto_pc_2_axi_protocol_converter_v2_1_37_a_axi3_conv/design_1_axi_mem_intercon_imp_auto_pc_2_axi_data_fifo_v2_1_36_axic_fifo/design_1_axi_mem_intercon_imp_auto_pc_2_axi_data_fifo_v2_1_36_fifo_gen_1/<hidden>/<hidden>/<hidden>/<hidden>/<hidden>/<hidden>
  -------------------------------------------------------------------    -------------------

                         (clock clk_fpga_0 rise edge)
                                                      0.000     0.000 r  
    PS7_X0Y0             PS7                          0.000     0.000 r  design_1_i/processing_system7_0/inst/PS7_i/FCLKCLK[0]
                         net (fo=1, routed)           1.088     1.088    design_1_i/processing_system7_0/inst/FCLK_CLK_unbuffered[0]
    BUFGCTRL_X0Y16       BUFG (Prop_bufg_I_O)         0.091     1.179 r  design_1_i/processing_system7_0/inst/buffer_fclk_clk_0.FCLK_CLK_0_BUFG/O
                         net (fo=14851, routed)       1.510     2.689    design_1_wrapper/design_1/design_1_axi_mem_intercon_0/s03_couplers_imp_1UQ1PUB/design_1_axi_mem_intercon_imp_auto_pc_2/design_1_axi_mem_intercon_imp_auto_pc_2_axi_protocol_converter_v2_1_37_axi_protocol_converter/design_1_axi_mem_intercon_imp_auto_pc_2_axi_protocol_converter_v2_1_37_axi3_conv/design_1_axi_mem_intercon_imp_auto_pc_2_axi_protocol_converter_v2_1_37_a_axi3_conv/design_1_axi_mem_intercon_imp_auto_pc_2_axi_data_fifo_v2_1_36_axic_fifo/design_1_axi_mem_intercon_imp_auto_pc_2_axi_data_fifo_v2_1_36_fifo_gen_1/<hidden>/<hidden>/<hidden>/<hidden>/<hidden>/<hidden>
    SLICE_X26Y80         FDPE                                         r  design_1_wrapper/design_1/design_1_axi_mem_intercon_0/s03_couplers_imp_1UQ1PUB/design_1_axi_mem_intercon_imp_auto_pc_2/design_1_axi_mem_intercon_imp_auto_pc_2_axi_protocol_converter_v2_1_37_axi_protocol_converter/design_1_axi_mem_intercon_imp_auto_pc_2_axi_protocol_converter_v2_1_37_axi3_conv/design_1_axi_mem_intercon_imp_auto_pc_2_axi_protocol_converter_v2_1_37_a_axi3_conv/design_1_axi_mem_intercon_imp_auto_pc_2_axi_data_fifo_v2_1_36_axic_fifo/design_1_axi_mem_intercon_imp_auto_pc_2_axi_data_fifo_v2_1_36_fifo_gen_1/<hidden>/<hidden>/<hidden>/<hidden>/<hidden>/<hidden>

Slack:                    inf
  Source:                 design_1_i/axi_smc/inst/clk_map/psr_aclk/U0/ACTIVE_LOW_BSR_OUT_DFF[0].FDRE_BSR_N/C
                            (rising edge-triggered cell FDRE clocked by clk_fpga_0  {rise@0.000ns fall@5.000ns period=10.000ns})
  Destination:            design_1_i/axi_smc/inst/s00_nodes/s00_aw_node/inst/s_sc_xpm_cdc_async_rst_inst/arststages_ff_reg[0]/CLR
                            (recovery check against rising-edge clock clk_fpga_0  {rise@0.000ns fall@5.000ns period=10.000ns})
  Path Group:             (none)
  Path Type:              Recovery (Max at Slow Process Corner)
  Data Path Delay:        6.493ns  (logic 0.642ns (9.888%)  route 5.851ns (90.112%))
  Logic Levels:           1  (LUT1=1)
  Clock Path Skew:        -0.337ns (DCD - SCD + CPR)
    Destination Clock Delay (DCD):    2.861ns
    Source Clock Delay      (SCD):    3.198ns
    Clock Pessimism Removal (CPR):    0.000ns
  Clock Uncertainty:      0.154ns  ((TSJ^2 + TIJ^2)^1/2 + DJ) / 2 + PE
    Total System Jitter     (TSJ):    0.071ns
    Total Input Jitter      (TIJ):    0.300ns
    Discrete Jitter          (DJ):    0.000ns
    Phase Error              (PE):    0.000ns
  Timing Exception:       False Path

    Location             Delay type                Incr(ns)  Path(ns)    Netlist Resource(s)
  -------------------------------------------------------------------    -------------------
                         (clock clk_fpga_0 rise edge)
                                                      0.000     0.000 r  
    PS7_X0Y0             PS7                          0.000     0.000 r  design_1_i/processing_system7_0/inst/PS7_i/FCLKCLK[0]
                         net (fo=1, routed)           1.193     1.193    design_1_i/processing_system7_0/inst/FCLK_CLK_unbuffered[0]
    BUFGCTRL_X0Y16       BUFG (Prop_bufg_I_O)         0.101     1.294 r  design_1_i/processing_system7_0/inst/buffer_fclk_clk_0.FCLK_CLK_0_BUFG/O
                         net (fo=14851, routed)       1.904     3.198    design_1_i/axi_smc/inst/clk_map/psr_aclk/U0/aclk
    SLICE_X66Y111        FDRE                                         r  design_1_i/axi_smc/inst/clk_map/psr_aclk/U0/ACTIVE_LOW_BSR_OUT_DFF[0].FDRE_BSR_N/C
  -------------------------------------------------------------------    -------------------
    SLICE_X66Y111        FDRE (Prop_fdre_C_Q)         0.518     3.716 r  design_1_i/axi_smc/inst/clk_map/psr_aclk/U0/ACTIVE_LOW_BSR_OUT_DFF[0].FDRE_BSR_N/Q
                         net (fo=37, routed)          5.229     8.945    design_1_i/axi_smc/inst/s00_nodes/s00_aw_node/inst/s_sc_xpm_cdc_async_rst_inst/src_arst
    SLICE_X29Y124        LUT1 (Prop_lut1_I0_O)        0.124     9.069 f  design_1_i/axi_smc/inst/s00_nodes/s00_aw_node/inst/s_sc_xpm_cdc_async_rst_inst/arststages_ff[2]_i_1/O
                         net (fo=3, routed)           0.622     9.691    design_1_i/axi_smc/inst/s00_nodes/s00_aw_node/inst/s_sc_xpm_cdc_async_rst_inst/reset_pol
    SLICE_X29Y124        FDCE                                         f  design_1_i/axi_smc/inst/s00_nodes/s00_aw_node/inst/s_sc_xpm_cdc_async_rst_inst/arststages_ff_reg[0]/CLR
  -------------------------------------------------------------------    -------------------

                         (clock clk_fpga_0 rise edge)
                                                      0.000     0.000 r  
    PS7_X0Y0             PS7                          0.000     0.000 r  design_1_i/processing_system7_0/inst/PS7_i/FCLKCLK[0]
                         net (fo=1, routed)           1.088     1.088    design_1_i/processing_system7_0/inst/FCLK_CLK_unbuffered[0]
    BUFGCTRL_X0Y16       BUFG (Prop_bufg_I_O)         0.091     1.179 r  design_1_i/processing_system7_0/inst/buffer_fclk_clk_0.FCLK_CLK_0_BUFG/O
                         net (fo=14851, routed)       1.682     2.861    design_1_i/axi_smc/inst/s00_nodes/s00_aw_node/inst/s_sc_xpm_cdc_async_rst_inst/dest_clk
    SLICE_X29Y124        FDCE                                         r  design_1_i/axi_smc/inst/s00_nodes/s00_aw_node/inst/s_sc_xpm_cdc_async_rst_inst/arststages_ff_reg[0]/C

Slack:                    inf
  Source:                 design_1_i/axi_smc/inst/clk_map/psr_aclk/U0/ACTIVE_LOW_BSR_OUT_DFF[0].FDRE_BSR_N/C
                            (rising edge-triggered cell FDRE clocked by clk_fpga_0  {rise@0.000ns fall@5.000ns period=10.000ns})
  Destination:            design_1_i/axi_smc/inst/s00_nodes/s00_aw_node/inst/s_sc_xpm_cdc_async_rst_inst/arststages_ff_reg[1]/CLR
                            (recovery check against rising-edge clock clk_fpga_0  {rise@0.000ns fall@5.000ns period=10.000ns})
  Path Group:             (none)
  Path Type:              Recovery (Max at Slow Process Corner)
  Data Path Delay:        6.493ns  (logic 0.642ns (9.888%)  route 5.851ns (90.112%))
  Logic Levels:           1  (LUT1=1)
  Clock Path Skew:        -0.337ns (DCD - SCD + CPR)
    Destination Clock Delay (DCD):    2.861ns
    Source Clock Delay      (SCD):    3.198ns
    Clock Pessimism Removal (CPR):    0.000ns
  Clock Uncertainty:      0.154ns  ((TSJ^2 + TIJ^2)^1/2 + DJ) / 2 + PE
    Total System Jitter     (TSJ):    0.071ns
    Total Input Jitter      (TIJ):    0.300ns
    Discrete Jitter          (DJ):    0.000ns
    Phase Error              (PE):    0.000ns
  Timing Exception:       False Path

    Location             Delay type                Incr(ns)  Path(ns)    Netlist Resource(s)
  -------------------------------------------------------------------    -------------------
                         (clock clk_fpga_0 rise edge)
                                                      0.000     0.000 r  
    PS7_X0Y0             PS7                          0.000     0.000 r  design_1_i/processing_system7_0/inst/PS7_i/FCLKCLK[0]
                         net (fo=1, routed)           1.193     1.193    design_1_i/processing_system7_0/inst/FCLK_CLK_unbuffered[0]
    BUFGCTRL_X0Y16       BUFG (Prop_bufg_I_O)         0.101     1.294 r  design_1_i/processing_system7_0/inst/buffer_fclk_clk_0.FCLK_CLK_0_BUFG/O
                         net (fo=14851, routed)       1.904     3.198    design_1_i/axi_smc/inst/clk_map/psr_aclk/U0/aclk
    SLICE_X66Y111        FDRE                                         r  design_1_i/axi_smc/inst/clk_map/psr_aclk/U0/ACTIVE_LOW_BSR_OUT_DFF[0].FDRE_BSR_N/C
  -------------------------------------------------------------------    -------------------
    SLICE_X66Y111        FDRE (Prop_fdre_C_Q)         0.518     3.716 r  design_1_i/axi_smc/inst/clk_map/psr_aclk/U0/ACTIVE_LOW_BSR_OUT_DFF[0].FDRE_BSR_N/Q
                         net (fo=37, routed)          5.229     8.945    design_1_i/axi_smc/inst/s00_nodes/s00_aw_node/inst/s_sc_xpm_cdc_async_rst_inst/src_arst
    SLICE_X29Y124        LUT1 (Prop_lut1_I0_O)        0.124     9.069 f  design_1_i/axi_smc/inst/s00_nodes/s00_aw_node/inst/s_sc_xpm_cdc_async_rst_inst/arststages_ff[2]_i_1/O
                         net (fo=3, routed)           0.622     9.691    design_1_i/axi_smc/inst/s00_nodes/s00_aw_node/inst/s_sc_xpm_cdc_async_rst_inst/reset_pol
    SLICE_X29Y124        FDCE                                         f  design_1_i/axi_smc/inst/s00_nodes/s00_aw_node/inst/s_sc_xpm_cdc_async_rst_inst/arststages_ff_reg[1]/CLR
  -------------------------------------------------------------------    -------------------

                         (clock clk_fpga_0 rise edge)
                                                      0.000     0.000 r  
    PS7_X0Y0             PS7                          0.000     0.000 r  design_1_i/processing_system7_0/inst/PS7_i/FCLKCLK[0]
                         net (fo=1, routed)           1.088     1.088    design_1_i/processing_system7_0/inst/FCLK_CLK_unbuffered[0]
    BUFGCTRL_X0Y16       BUFG (Prop_bufg_I_O)         0.091     1.179 r  design_1_i/processing_system7_0/inst/buffer_fclk_clk_0.FCLK_CLK_0_BUFG/O
                         net (fo=14851, routed)       1.682     2.861    design_1_i/axi_smc/inst/s00_nodes/s00_aw_node/inst/s_sc_xpm_cdc_async_rst_inst/dest_clk
    SLICE_X29Y124        FDCE                                         r  design_1_i/axi_smc/inst/s00_nodes/s00_aw_node/inst/s_sc_xpm_cdc_async_rst_inst/arststages_ff_reg[1]/C

Slack:                    inf
  Source:                 design_1_i/axi_smc/inst/clk_map/psr_aclk/U0/ACTIVE_LOW_BSR_OUT_DFF[0].FDRE_BSR_N/C
                            (rising edge-triggered cell FDRE clocked by clk_fpga_0  {rise@0.000ns fall@5.000ns period=10.000ns})
  Destination:            design_1_i/axi_smc/inst/s00_nodes/s00_aw_node/inst/s_sc_xpm_cdc_async_rst_inst/arststages_ff_reg[2]/CLR
                            (recovery check against rising-edge clock clk_fpga_0  {rise@0.000ns fall@5.000ns period=10.000ns})
  Path Group:             (none)
  Path Type:              Recovery (Max at Slow Process Corner)
  Data Path Delay:        6.493ns  (logic 0.642ns (9.888%)  route 5.851ns (90.112%))
  Logic Levels:           1  (LUT1=1)
  Clock Path Skew:        -0.337ns (DCD - SCD + CPR)
    Destination Clock Delay (DCD):    2.861ns
    Source Clock Delay      (SCD):    3.198ns
    Clock Pessimism Removal (CPR):    0.000ns
  Clock Uncertainty:      0.154ns  ((TSJ^2 + TIJ^2)^1/2 + DJ) / 2 + PE
    Total System Jitter     (TSJ):    0.071ns
    Total Input Jitter      (TIJ):    0.300ns
    Discrete Jitter          (DJ):    0.000ns
    Phase Error              (PE):    0.000ns
  Timing Exception:       False Path

    Location             Delay type                Incr(ns)  Path(ns)    Netlist Resource(s)
  -------------------------------------------------------------------    -------------------
                         (clock clk_fpga_0 rise edge)
                                                      0.000     0.000 r  
    PS7_X0Y0             PS7                          0.000     0.000 r  design_1_i/processing_system7_0/inst/PS7_i/FCLKCLK[0]
                         net (fo=1, routed)           1.193     1.193    design_1_i/processing_system7_0/inst/FCLK_CLK_unbuffered[0]
    BUFGCTRL_X0Y16       BUFG (Prop_bufg_I_O)         0.101     1.294 r  design_1_i/processing_system7_0/inst/buffer_fclk_clk_0.FCLK_CLK_0_BUFG/O
                         net (fo=14851, routed)       1.904     3.198    design_1_i/axi_smc/inst/clk_map/psr_aclk/U0/aclk
    SLICE_X66Y111        FDRE                                         r  design_1_i/axi_smc/inst/clk_map/psr_aclk/U0/ACTIVE_LOW_BSR_OUT_DFF[0].FDRE_BSR_N/C
  -------------------------------------------------------------------    -------------------
    SLICE_X66Y111        FDRE (Prop_fdre_C_Q)         0.518     3.716 r  design_1_i/axi_smc/inst/clk_map/psr_aclk/U0/ACTIVE_LOW_BSR_OUT_DFF[0].FDRE_BSR_N/Q
                         net (fo=37, routed)          5.229     8.945    design_1_i/axi_smc/inst/s00_nodes/s00_aw_node/inst/s_sc_xpm_cdc_async_rst_inst/src_arst
    SLICE_X29Y124        LUT1 (Prop_lut1_I0_O)        0.124     9.069 f  design_1_i/axi_smc/inst/s00_nodes/s00_aw_node/inst/s_sc_xpm_cdc_async_rst_inst/arststages_ff[2]_i_1/O
                         net (fo=3, routed)           0.622     9.691    design_1_i/axi_smc/inst/s00_nodes/s00_aw_node/inst/s_sc_xpm_cdc_async_rst_inst/reset_pol
    SLICE_X29Y124        FDCE                                         f  design_1_i/axi_smc/inst/s00_nodes/s00_aw_node/inst/s_sc_xpm_cdc_async_rst_inst/arststages_ff_reg[2]/CLR
  -------------------------------------------------------------------    -------------------

                         (clock clk_fpga_0 rise edge)
                                                      0.000     0.000 r  
    PS7_X0Y0             PS7                          0.000     0.000 r  design_1_i/processing_system7_0/inst/PS7_i/FCLKCLK[0]
                         net (fo=1, routed)           1.088     1.088    design_1_i/processing_system7_0/inst/FCLK_CLK_unbuffered[0]
    BUFGCTRL_X0Y16       BUFG (Prop_bufg_I_O)         0.091     1.179 r  design_1_i/processing_system7_0/inst/buffer_fclk_clk_0.FCLK_CLK_0_BUFG/O
                         net (fo=14851, routed)       1.682     2.861    design_1_i/axi_smc/inst/s00_nodes/s00_aw_node/inst/s_sc_xpm_cdc_async_rst_inst/dest_clk
    SLICE_X29Y124        FDCE                                         r  design_1_i/axi_smc/inst/s00_nodes/s00_aw_node/inst/s_sc_xpm_cdc_async_rst_inst/arststages_ff_reg[2]/C

Slack:                    inf
  Source:                 design_1_i/axi_smc/inst/clk_map/psr_aclk/U0/ACTIVE_LOW_BSR_OUT_DFF[0].FDRE_BSR_N/C
                            (rising edge-triggered cell FDRE clocked by clk_fpga_0  {rise@0.000ns fall@5.000ns period=10.000ns})
  Destination:            design_1_i/axi_smc/inst/s00_nodes/s00_b_node/inst/s_sc_xpm_cdc_async_rst_inst/arststages_ff_reg[0]/CLR
                            (recovery check against rising-edge clock clk_fpga_0  {rise@0.000ns fall@5.000ns period=10.000ns})
  Path Group:             (none)
  Path Type:              Recovery (Max at Slow Process Corner)
  Data Path Delay:        6.437ns  (logic 0.672ns (10.439%)  route 5.765ns (89.561%))
  Logic Levels:           1  (LUT1=1)
  Clock Path Skew:        -0.337ns (DCD - SCD + CPR)
    Destination Clock Delay (DCD):    2.861ns
    Source Clock Delay      (SCD):    3.198ns
    Clock Pessimism Removal (CPR):    0.000ns
  Clock Uncertainty:      0.154ns  ((TSJ^2 + TIJ^2)^1/2 + DJ) / 2 + PE
    Total System Jitter     (TSJ):    0.071ns
    Total Input Jitter      (TIJ):    0.300ns
    Discrete Jitter          (DJ):    0.000ns
    Phase Error              (PE):    0.000ns
  Timing Exception:       False Path

    Location             Delay type                Incr(ns)  Path(ns)    Netlist Resource(s)
  -------------------------------------------------------------------    -------------------
                         (clock clk_fpga_0 rise edge)
                                                      0.000     0.000 r  
    PS7_X0Y0             PS7                          0.000     0.000 r  design_1_i/processing_system7_0/inst/PS7_i/FCLKCLK[0]
                         net (fo=1, routed)           1.193     1.193    design_1_i/processing_system7_0/inst/FCLK_CLK_unbuffered[0]
    BUFGCTRL_X0Y16       BUFG (Prop_bufg_I_O)         0.101     1.294 r  design_1_i/processing_system7_0/inst/buffer_fclk_clk_0.FCLK_CLK_0_BUFG/O
                         net (fo=14851, routed)       1.904     3.198    design_1_i/axi_smc/inst/clk_map/psr_aclk/U0/aclk
    SLICE_X66Y111        FDRE                                         r  design_1_i/axi_smc/inst/clk_map/psr_aclk/U0/ACTIVE_LOW_BSR_OUT_DFF[0].FDRE_BSR_N/C
  -------------------------------------------------------------------    -------------------
    SLICE_X66Y111        FDRE (Prop_fdre_C_Q)         0.518     3.716 r  design_1_i/axi_smc/inst/clk_map/psr_aclk/U0/ACTIVE_LOW_BSR_OUT_DFF[0].FDRE_BSR_N/Q
                         net (fo=37, routed)          5.229     8.945    design_1_i/axi_smc/inst/s00_nodes/s00_b_node/inst/s_sc_xpm_cdc_async_rst_inst/src_arst
    SLICE_X29Y124        LUT1 (Prop_lut1_I0_O)        0.154     9.099 f  design_1_i/axi_smc/inst/s00_nodes/s00_b_node/inst/s_sc_xpm_cdc_async_rst_inst/arststages_ff[2]_i_1/O
                         net (fo=3, routed)           0.536     9.635    design_1_i/axi_smc/inst/s00_nodes/s00_b_node/inst/s_sc_xpm_cdc_async_rst_inst/reset_pol
    SLICE_X28Y124        FDCE                                         f  design_1_i/axi_smc/inst/s00_nodes/s00_b_node/inst/s_sc_xpm_cdc_async_rst_inst/arststages_ff_reg[0]/CLR
  -------------------------------------------------------------------    -------------------

                         (clock clk_fpga_0 rise edge)
                                                      0.000     0.000 r  
    PS7_X0Y0             PS7                          0.000     0.000 r  design_1_i/processing_system7_0/inst/PS7_i/FCLKCLK[0]
                         net (fo=1, routed)           1.088     1.088    design_1_i/processing_system7_0/inst/FCLK_CLK_unbuffered[0]
    BUFGCTRL_X0Y16       BUFG (Prop_bufg_I_O)         0.091     1.179 r  design_1_i/processing_system7_0/inst/buffer_fclk_clk_0.FCLK_CLK_0_BUFG/O
                         net (fo=14851, routed)       1.682     2.861    design_1_i/axi_smc/inst/s00_nodes/s00_b_node/inst/s_sc_xpm_cdc_async_rst_inst/dest_clk
    SLICE_X28Y124        FDCE                                         r  design_1_i/axi_smc/inst/s00_nodes/s00_b_node/inst/s_sc_xpm_cdc_async_rst_inst/arststages_ff_reg[0]/C





Min Delay Paths
--------------------------------------------------------------------------------------
Slack:                    inf
  Source:                 design_1_i/rst_ps7_0_100M/U0/ACTIVE_LOW_PR_OUT_DFF[0].FDRE_PER_N/C
                            (rising edge-triggered cell FDRE clocked by clk_fpga_0  {rise@0.000ns fall@5.000ns period=10.000ns})
  Destination:            design_1_i/axi_dma_2/U0/I_RST_MODULE/REG_HRD_RST/syncstages_ff_reg[0]/D
                            (rising edge-triggered cell FDRE clocked by clk_fpga_0  {rise@0.000ns fall@5.000ns period=10.000ns})
  Path Group:             (none)
  Path Type:              Hold (Min at Fast Process Corner)
  Data Path Delay:        0.434ns  (logic 0.164ns (37.745%)  route 0.270ns (62.255%))
  Logic Levels:           0  
  Clock Path Skew:        0.305ns (DCD - SCD - CPR)
    Destination Clock Delay (DCD):    1.301ns
    Source Clock Delay      (SCD):    0.996ns
    Clock Pessimism Removal (CPR):    -0.000ns
  Clock Uncertainty:      0.154ns  ((TSJ^2 + TIJ^2)^1/2 + DJ) / 2 + PE
    Total System Jitter     (TSJ):    0.071ns
    Total Input Jitter      (TIJ):    0.300ns
    Discrete Jitter          (DJ):    0.000ns
    Phase Error              (PE):    0.000ns
  Timing Exception:       False Path

    Location             Delay type                Incr(ns)  Path(ns)    Netlist Resource(s)
  -------------------------------------------------------------------    -------------------
                         (clock clk_fpga_0 rise edge)
                                                      0.000     0.000 r  
    PS7_X0Y0             PS7                          0.000     0.000 r  design_1_i/processing_system7_0/inst/PS7_i/FCLKCLK[0]
                         net (fo=1, routed)           0.310     0.310    design_1_i/processing_system7_0/inst/FCLK_CLK_unbuffered[0]
    BUFGCTRL_X0Y16       BUFG (Prop_bufg_I_O)         0.026     0.336 r  design_1_i/processing_system7_0/inst/buffer_fclk_clk_0.FCLK_CLK_0_BUFG/O
                         net (fo=14851, routed)       0.660     0.996    design_1_i/rst_ps7_0_100M/U0/slowest_sync_clk
    SLICE_X66Y108        FDRE                                         r  design_1_i/rst_ps7_0_100M/U0/ACTIVE_LOW_PR_OUT_DFF[0].FDRE_PER_N/C
  -------------------------------------------------------------------    -------------------
    SLICE_X66Y108        FDRE (Prop_fdre_C_Q)         0.164     1.160 r  design_1_i/rst_ps7_0_100M/U0/ACTIVE_LOW_PR_OUT_DFF[0].FDRE_PER_N/Q
                         net (fo=65, routed)          0.270     1.430    design_1_i/axi_dma_2/U0/I_RST_MODULE/REG_HRD_RST/src_rst
    SLICE_X63Y101        FDRE                                         r  design_1_i/axi_dma_2/U0/I_RST_MODULE/REG_HRD_RST/syncstages_ff_reg[0]/D
  -------------------------------------------------------------------    -------------------

                         (clock clk_fpga_0 rise edge)
                                                      0.000     0.000 r  
    PS7_X0Y0             PS7                          0.000     0.000 r  design_1_i/processing_system7_0/inst/PS7_i/FCLKCLK[0]
                         net (fo=1, routed)           0.337     0.337    design_1_i/processing_system7_0/inst/FCLK_CLK_unbuffered[0]
    BUFGCTRL_X0Y16       BUFG (Prop_bufg_I_O)         0.029     0.366 r  design_1_i/processing_system7_0/inst/buffer_fclk_clk_0.FCLK_CLK_0_BUFG/O
                         net (fo=14851, routed)       0.935     1.301    design_1_i/axi_dma_2/U0/I_RST_MODULE/REG_HRD_RST/dest_clk
    SLICE_X63Y101        FDRE                                         r  design_1_i/axi_dma_2/U0/I_RST_MODULE/REG_HRD_RST/syncstages_ff_reg[0]/C

Slack:                    inf
  Source:                 design_1_i/rst_ps7_0_100M/U0/ACTIVE_LOW_PR_OUT_DFF[0].FDRE_PER_N/C
                            (rising edge-triggered cell FDRE clocked by clk_fpga_0  {rise@0.000ns fall@5.000ns period=10.000ns})
  Destination:            design_1_i/axi_smc/inst/clk_map/psr_aclk/U0/EXT_LPF/ACTIVE_LOW_AUX.ACT_LO_AUX/syncstages_ff_reg[0]/D
                            (rising edge-triggered cell FDRE clocked by clk_fpga_0  {rise@0.000ns fall@5.000ns period=10.000ns})
  Path Group:             (none)
  Path Type:              Hold (Min at Fast Process Corner)
  Data Path Delay:        0.572ns  (logic 0.209ns (36.508%)  route 0.363ns (63.492%))
  Logic Levels:           1  (LUT1=1)
  Clock Path Skew:        0.297ns (DCD - SCD - CPR)
    Destination Clock Delay (DCD):    1.293ns
    Source Clock Delay      (SCD):    0.996ns
    Clock Pessimism Removal (CPR):    -0.000ns
  Clock Uncertainty:      0.154ns  ((TSJ^2 + TIJ^2)^1/2 + DJ) / 2 + PE
    Total System Jitter     (TSJ):    0.071ns
    Total Input Jitter      (TIJ):    0.300ns
    Discrete Jitter          (DJ):    0.000ns
    Phase Error              (PE):    0.000ns
  Timing Exception:       False Path

    Location             Delay type                Incr(ns)  Path(ns)    Netlist Resource(s)
  -------------------------------------------------------------------    -------------------
                         (clock clk_fpga_0 rise edge)
                                                      0.000     0.000 r  
    PS7_X0Y0             PS7                          0.000     0.000 r  design_1_i/processing_system7_0/inst/PS7_i/FCLKCLK[0]
                         net (fo=1, routed)           0.310     0.310    design_1_i/processing_system7_0/inst/FCLK_CLK_unbuffered[0]
    BUFGCTRL_X0Y16       BUFG (Prop_bufg_I_O)         0.026     0.336 r  design_1_i/processing_system7_0/inst/buffer_fclk_clk_0.FCLK_CLK_0_BUFG/O
                         net (fo=14851, routed)       0.660     0.996    design_1_i/rst_ps7_0_100M/U0/slowest_sync_clk
    SLICE_X66Y108        FDRE                                         r  design_1_i/rst_ps7_0_100M/U0/ACTIVE_LOW_PR_OUT_DFF[0].FDRE_PER_N/C
  -------------------------------------------------------------------    -------------------
    SLICE_X66Y108        FDRE (Prop_fdre_C_Q)         0.164     1.160 f  design_1_i/rst_ps7_0_100M/U0/ACTIVE_LOW_PR_OUT_DFF[0].FDRE_PER_N/Q
                         net (fo=65, routed)          0.363     1.523    design_1_i/axi_smc/inst/clk_map/psr_aclk/U0/EXT_LPF/aresetn
    SLICE_X64Y116        LUT1 (Prop_lut1_I0_O)        0.045     1.568 r  design_1_i/axi_smc/inst/clk_map/psr_aclk/U0/EXT_LPF/ACTIVE_LOW_AUX.ACT_LO_AUX_i_1/O
                         net (fo=1, routed)           0.000     1.568    design_1_i/axi_smc/inst/clk_map/psr_aclk/U0/EXT_LPF/ACTIVE_LOW_AUX.ACT_LO_AUX/src_in
    SLICE_X64Y116        FDRE                                         r  design_1_i/axi_smc/inst/clk_map/psr_aclk/U0/EXT_LPF/ACTIVE_LOW_AUX.ACT_LO_AUX/syncstages_ff_reg[0]/D
  -------------------------------------------------------------------    -------------------

                         (clock clk_fpga_0 rise edge)
                                                      0.000     0.000 r  
    PS7_X0Y0             PS7                          0.000     0.000 r  design_1_i/processing_system7_0/inst/PS7_i/FCLKCLK[0]
                         net (fo=1, routed)           0.337     0.337    design_1_i/processing_system7_0/inst/FCLK_CLK_unbuffered[0]
    BUFGCTRL_X0Y16       BUFG (Prop_bufg_I_O)         0.029     0.366 r  design_1_i/processing_system7_0/inst/buffer_fclk_clk_0.FCLK_CLK_0_BUFG/O
                         net (fo=14851, routed)       0.927     1.293    design_1_i/axi_smc/inst/clk_map/psr_aclk/U0/EXT_LPF/ACTIVE_LOW_AUX.ACT_LO_AUX/dest_clk
    SLICE_X64Y116        FDRE                                         r  design_1_i/axi_smc/inst/clk_map/psr_aclk/U0/EXT_LPF/ACTIVE_LOW_AUX.ACT_LO_AUX/syncstages_ff_reg[0]/C

Slack:                    inf
  Source:                 design_1_i/rst_ps7_0_100M/U0/ACTIVE_LOW_PR_OUT_DFF[0].FDRE_PER_N/C
                            (rising edge-triggered cell FDRE clocked by clk_fpga_0  {rise@0.000ns fall@5.000ns period=10.000ns})
  Destination:            design_1_i/axi_dma_1/U0/I_RST_MODULE/REG_HRD_RST/syncstages_ff_reg[0]/D
                            (rising edge-triggered cell FDRE clocked by clk_fpga_0  {rise@0.000ns fall@5.000ns period=10.000ns})
  Path Group:             (none)
  Path Type:              Hold (Min at Fast Process Corner)
  Data Path Delay:        0.661ns  (logic 0.164ns (24.804%)  route 0.497ns (75.196%))
  Logic Levels:           0  
  Clock Path Skew:        0.271ns (DCD - SCD - CPR)
    Destination Clock Delay (DCD):    1.267ns
    Source Clock Delay      (SCD):    0.996ns
    Clock Pessimism Removal (CPR):    -0.000ns
  Clock Uncertainty:      0.154ns  ((TSJ^2 + TIJ^2)^1/2 + DJ) / 2 + PE
    Total System Jitter     (TSJ):    0.071ns
    Total Input Jitter      (TIJ):    0.300ns
    Discrete Jitter          (DJ):    0.000ns
    Phase Error              (PE):    0.000ns
  Timing Exception:       False Path

    Location             Delay type                Incr(ns)  Path(ns)    Netlist Resource(s)
  -------------------------------------------------------------------    -------------------
                         (clock clk_fpga_0 rise edge)
                                                      0.000     0.000 r  
    PS7_X0Y0             PS7                          0.000     0.000 r  design_1_i/processing_system7_0/inst/PS7_i/FCLKCLK[0]
                         net (fo=1, routed)           0.310     0.310    design_1_i/processing_system7_0/inst/FCLK_CLK_unbuffered[0]
    BUFGCTRL_X0Y16       BUFG (Prop_bufg_I_O)         0.026     0.336 r  design_1_i/processing_system7_0/inst/buffer_fclk_clk_0.FCLK_CLK_0_BUFG/O
                         net (fo=14851, routed)       0.660     0.996    design_1_i/rst_ps7_0_100M/U0/slowest_sync_clk
    SLICE_X66Y108        FDRE                                         r  design_1_i/rst_ps7_0_100M/U0/ACTIVE_LOW_PR_OUT_DFF[0].FDRE_PER_N/C
  -------------------------------------------------------------------    -------------------
    SLICE_X66Y108        FDRE (Prop_fdre_C_Q)         0.164     1.160 r  design_1_i/rst_ps7_0_100M/U0/ACTIVE_LOW_PR_OUT_DFF[0].FDRE_PER_N/Q
                         net (fo=65, routed)          0.497     1.657    design_1_i/axi_dma_1/U0/I_RST_MODULE/REG_HRD_RST/src_rst
    SLICE_X52Y113        FDRE                                         r  design_1_i/axi_dma_1/U0/I_RST_MODULE/REG_HRD_RST/syncstages_ff_reg[0]/D
  -------------------------------------------------------------------    -------------------

                         (clock clk_fpga_0 rise edge)
                                                      0.000     0.000 r  
    PS7_X0Y0             PS7                          0.000     0.000 r  design_1_i/processing_system7_0/inst/PS7_i/FCLKCLK[0]
                         net (fo=1, routed)           0.337     0.337    design_1_i/processing_system7_0/inst/FCLK_CLK_unbuffered[0]
    BUFGCTRL_X0Y16       BUFG (Prop_bufg_I_O)         0.029     0.366 r  design_1_i/processing_system7_0/inst/buffer_fclk_clk_0.FCLK_CLK_0_BUFG/O
                         net (fo=14851, routed)       0.901     1.267    design_1_i/axi_dma_1/U0/I_RST_MODULE/REG_HRD_RST/dest_clk
    SLICE_X52Y113        FDRE                                         r  design_1_i/axi_dma_1/U0/I_RST_MODULE/REG_HRD_RST/syncstages_ff_reg[0]/C

Slack:                    inf
  Source:                 design_1_i/axi_smc/inst/clk_map/psr_aclk/U0/ACTIVE_LOW_BSR_OUT_DFF[0].FDRE_BSR_N/C
                            (rising edge-triggered cell FDRE clocked by clk_fpga_0  {rise@0.000ns fall@5.000ns period=10.000ns})
  Destination:            design_1_i/axi_smc/inst/m00_nodes/m00_r_node/inst/s_sc_xpm_cdc_async_rst_inst/arststages_ff_reg[0]/CLR
                            (removal check against rising-edge clock clk_fpga_0  {rise@0.000ns fall@5.000ns period=10.000ns})
  Path Group:             (none)
  Path Type:              Removal (Min at Fast Process Corner)
  Data Path Delay:        0.708ns  (logic 0.209ns (29.518%)  route 0.499ns (70.482%))
  Logic Levels:           1  (LUT1=1)
  Clock Path Skew:        0.303ns (DCD - SCD - CPR)
    Destination Clock Delay (DCD):    1.298ns
    Source Clock Delay      (SCD):    0.995ns
    Clock Pessimism Removal (CPR):    -0.000ns
  Clock Uncertainty:      0.154ns  ((TSJ^2 + TIJ^2)^1/2 + DJ) / 2 + PE
    Total System Jitter     (TSJ):    0.071ns
    Total Input Jitter      (TIJ):    0.300ns
    Discrete Jitter          (DJ):    0.000ns
    Phase Error              (PE):    0.000ns
  Timing Exception:       False Path

    Location             Delay type                Incr(ns)  Path(ns)    Netlist Resource(s)
  -------------------------------------------------------------------    -------------------
                         (clock clk_fpga_0 rise edge)
                                                      0.000     0.000 r  
    PS7_X0Y0             PS7                          0.000     0.000 r  design_1_i/processing_system7_0/inst/PS7_i/FCLKCLK[0]
                         net (fo=1, routed)           0.310     0.310    design_1_i/processing_system7_0/inst/FCLK_CLK_unbuffered[0]
    BUFGCTRL_X0Y16       BUFG (Prop_bufg_I_O)         0.026     0.336 r  design_1_i/processing_system7_0/inst/buffer_fclk_clk_0.FCLK_CLK_0_BUFG/O
                         net (fo=14851, routed)       0.659     0.995    design_1_i/axi_smc/inst/clk_map/psr_aclk/U0/aclk
    SLICE_X66Y111        FDRE                                         r  design_1_i/axi_smc/inst/clk_map/psr_aclk/U0/ACTIVE_LOW_BSR_OUT_DFF[0].FDRE_BSR_N/C
  -------------------------------------------------------------------    -------------------
    SLICE_X66Y111        FDRE (Prop_fdre_C_Q)         0.164     1.159 r  design_1_i/axi_smc/inst/clk_map/psr_aclk/U0/ACTIVE_LOW_BSR_OUT_DFF[0].FDRE_BSR_N/Q
                         net (fo=37, routed)          0.339     1.498    design_1_i/axi_smc/inst/m00_nodes/m00_r_node/inst/s_sc_xpm_cdc_async_rst_inst/src_arst
    SLICE_X61Y111        LUT1 (Prop_lut1_I0_O)        0.045     1.543 f  design_1_i/axi_smc/inst/m00_nodes/m00_r_node/inst/s_sc_xpm_cdc_async_rst_inst/arststages_ff[2]_i_1/O
                         net (fo=3, routed)           0.160     1.703    design_1_i/axi_smc/inst/m00_nodes/m00_r_node/inst/s_sc_xpm_cdc_async_rst_inst/reset_pol
    SLICE_X62Y111        FDCE                                         f  design_1_i/axi_smc/inst/m00_nodes/m00_r_node/inst/s_sc_xpm_cdc_async_rst_inst/arststages_ff_reg[0]/CLR
  -------------------------------------------------------------------    -------------------

                         (clock clk_fpga_0 rise edge)
                                                      0.000     0.000 r  
    PS7_X0Y0             PS7                          0.000     0.000 r  design_1_i/processing_system7_0/inst/PS7_i/FCLKCLK[0]
                         net (fo=1, routed)           0.337     0.337    design_1_i/processing_system7_0/inst/FCLK_CLK_unbuffered[0]
    BUFGCTRL_X0Y16       BUFG (Prop_bufg_I_O)         0.029     0.366 r  design_1_i/processing_system7_0/inst/buffer_fclk_clk_0.FCLK_CLK_0_BUFG/O
                         net (fo=14851, routed)       0.932     1.298    design_1_i/axi_smc/inst/m00_nodes/m00_r_node/inst/s_sc_xpm_cdc_async_rst_inst/dest_clk
    SLICE_X62Y111        FDCE                                         r  design_1_i/axi_smc/inst/m00_nodes/m00_r_node/inst/s_sc_xpm_cdc_async_rst_inst/arststages_ff_reg[0]/C

Slack:                    inf
  Source:                 design_1_i/axi_smc/inst/clk_map/psr_aclk/U0/ACTIVE_LOW_BSR_OUT_DFF[0].FDRE_BSR_N/C
                            (rising edge-triggered cell FDRE clocked by clk_fpga_0  {rise@0.000ns fall@5.000ns period=10.000ns})
  Destination:            design_1_i/axi_smc/inst/m00_nodes/m00_r_node/inst/s_sc_xpm_cdc_async_rst_inst/arststages_ff_reg[1]/CLR
                            (removal check against rising-edge clock clk_fpga_0  {rise@0.000ns fall@5.000ns period=10.000ns})
  Path Group:             (none)
  Path Type:              Removal (Min at Fast Process Corner)
  Data Path Delay:        0.708ns  (logic 0.209ns (29.518%)  route 0.499ns (70.482%))
  Logic Levels:           1  (LUT1=1)
  Clock Path Skew:        0.303ns (DCD - SCD - CPR)
    Destination Clock Delay (DCD):    1.298ns
    Source Clock Delay      (SCD):    0.995ns
    Clock Pessimism Removal (CPR):    -0.000ns
  Clock Uncertainty:      0.154ns  ((TSJ^2 + TIJ^2)^1/2 + DJ) / 2 + PE
    Total System Jitter     (TSJ):    0.071ns
    Total Input Jitter      (TIJ):    0.300ns
    Discrete Jitter          (DJ):    0.000ns
    Phase Error              (PE):    0.000ns
  Timing Exception:       False Path

    Location             Delay type                Incr(ns)  Path(ns)    Netlist Resource(s)
  -------------------------------------------------------------------    -------------------
                         (clock clk_fpga_0 rise edge)
                                                      0.000     0.000 r  
    PS7_X0Y0             PS7                          0.000     0.000 r  design_1_i/processing_system7_0/inst/PS7_i/FCLKCLK[0]
                         net (fo=1, routed)           0.310     0.310    design_1_i/processing_system7_0/inst/FCLK_CLK_unbuffered[0]
    BUFGCTRL_X0Y16       BUFG (Prop_bufg_I_O)         0.026     0.336 r  design_1_i/processing_system7_0/inst/buffer_fclk_clk_0.FCLK_CLK_0_BUFG/O
                         net (fo=14851, routed)       0.659     0.995    design_1_i/axi_smc/inst/clk_map/psr_aclk/U0/aclk
    SLICE_X66Y111        FDRE                                         r  design_1_i/axi_smc/inst/clk_map/psr_aclk/U0/ACTIVE_LOW_BSR_OUT_DFF[0].FDRE_BSR_N/C
  -------------------------------------------------------------------    -------------------
    SLICE_X66Y111        FDRE (Prop_fdre_C_Q)         0.164     1.159 r  design_1_i/axi_smc/inst/clk_map/psr_aclk/U0/ACTIVE_LOW_BSR_OUT_DFF[0].FDRE_BSR_N/Q
                         net (fo=37, routed)          0.339     1.498    design_1_i/axi_smc/inst/m00_nodes/m00_r_node/inst/s_sc_xpm_cdc_async_rst_inst/src_arst
    SLICE_X61Y111        LUT1 (Prop_lut1_I0_O)        0.045     1.543 f  design_1_i/axi_smc/inst/m00_nodes/m00_r_node/inst/s_sc_xpm_cdc_async_rst_inst/arststages_ff[2]_i_1/O
                         net (fo=3, routed)           0.160     1.703    design_1_i/axi_smc/inst/m00_nodes/m00_r_node/inst/s_sc_xpm_cdc_async_rst_inst/reset_pol
    SLICE_X62Y111        FDCE                                         f  design_1_i/axi_smc/inst/m00_nodes/m00_r_node/inst/s_sc_xpm_cdc_async_rst_inst/arststages_ff_reg[1]/CLR
  -------------------------------------------------------------------    -------------------

                         (clock clk_fpga_0 rise edge)
                                                      0.000     0.000 r  
    PS7_X0Y0             PS7                          0.000     0.000 r  design_1_i/processing_system7_0/inst/PS7_i/FCLKCLK[0]
                         net (fo=1, routed)           0.337     0.337    design_1_i/processing_system7_0/inst/FCLK_CLK_unbuffered[0]
    BUFGCTRL_X0Y16       BUFG (Prop_bufg_I_O)         0.029     0.366 r  design_1_i/processing_system7_0/inst/buffer_fclk_clk_0.FCLK_CLK_0_BUFG/O
                         net (fo=14851, routed)       0.932     1.298    design_1_i/axi_smc/inst/m00_nodes/m00_r_node/inst/s_sc_xpm_cdc_async_rst_inst/dest_clk
    SLICE_X62Y111        FDCE                                         r  design_1_i/axi_smc/inst/m00_nodes/m00_r_node/inst/s_sc_xpm_cdc_async_rst_inst/arststages_ff_reg[1]/C

Slack:                    inf
  Source:                 design_1_i/axi_smc/inst/clk_map/psr_aclk/U0/ACTIVE_LOW_BSR_OUT_DFF[0].FDRE_BSR_N/C
                            (rising edge-triggered cell FDRE clocked by clk_fpga_0  {rise@0.000ns fall@5.000ns period=10.000ns})
  Destination:            design_1_i/axi_smc/inst/m00_nodes/m00_r_node/inst/s_sc_xpm_cdc_async_rst_inst/arststages_ff_reg[2]/CLR
                            (removal check against rising-edge clock clk_fpga_0  {rise@0.000ns fall@5.000ns period=10.000ns})
  Path Group:             (none)
  Path Type:              Removal (Min at Fast Process Corner)
  Data Path Delay:        0.708ns  (logic 0.209ns (29.518%)  route 0.499ns (70.482%))
  Logic Levels:           1  (LUT1=1)
  Clock Path Skew:        0.303ns (DCD - SCD - CPR)
    Destination Clock Delay (DCD):    1.298ns
    Source Clock Delay      (SCD):    0.995ns
    Clock Pessimism Removal (CPR):    -0.000ns
  Clock Uncertainty:      0.154ns  ((TSJ^2 + TIJ^2)^1/2 + DJ) / 2 + PE
    Total System Jitter     (TSJ):    0.071ns
    Total Input Jitter      (TIJ):    0.300ns
    Discrete Jitter          (DJ):    0.000ns
    Phase Error              (PE):    0.000ns
  Timing Exception:       False Path

    Location             Delay type                Incr(ns)  Path(ns)    Netlist Resource(s)
  -------------------------------------------------------------------    -------------------
                         (clock clk_fpga_0 rise edge)
                                                      0.000     0.000 r  
    PS7_X0Y0             PS7                          0.000     0.000 r  design_1_i/processing_system7_0/inst/PS7_i/FCLKCLK[0]
                         net (fo=1, routed)           0.310     0.310    design_1_i/processing_system7_0/inst/FCLK_CLK_unbuffered[0]
    BUFGCTRL_X0Y16       BUFG (Prop_bufg_I_O)         0.026     0.336 r  design_1_i/processing_system7_0/inst/buffer_fclk_clk_0.FCLK_CLK_0_BUFG/O
                         net (fo=14851, routed)       0.659     0.995    design_1_i/axi_smc/inst/clk_map/psr_aclk/U0/aclk
    SLICE_X66Y111        FDRE                                         r  design_1_i/axi_smc/inst/clk_map/psr_aclk/U0/ACTIVE_LOW_BSR_OUT_DFF[0].FDRE_BSR_N/C
  -------------------------------------------------------------------    -------------------
    SLICE_X66Y111        FDRE (Prop_fdre_C_Q)         0.164     1.159 r  design_1_i/axi_smc/inst/clk_map/psr_aclk/U0/ACTIVE_LOW_BSR_OUT_DFF[0].FDRE_BSR_N/Q
                         net (fo=37, routed)          0.339     1.498    design_1_i/axi_smc/inst/m00_nodes/m00_r_node/inst/s_sc_xpm_cdc_async_rst_inst/src_arst
    SLICE_X61Y111        LUT1 (Prop_lut1_I0_O)        0.045     1.543 f  design_1_i/axi_smc/inst/m00_nodes/m00_r_node/inst/s_sc_xpm_cdc_async_rst_inst/arststages_ff[2]_i_1/O
                         net (fo=3, routed)           0.160     1.703    design_1_i/axi_smc/inst/m00_nodes/m00_r_node/inst/s_sc_xpm_cdc_async_rst_inst/reset_pol
    SLICE_X62Y111        FDCE                                         f  design_1_i/axi_smc/inst/m00_nodes/m00_r_node/inst/s_sc_xpm_cdc_async_rst_inst/arststages_ff_reg[2]/CLR
  -------------------------------------------------------------------    -------------------

                         (clock clk_fpga_0 rise edge)
                                                      0.000     0.000 r  
    PS7_X0Y0             PS7                          0.000     0.000 r  design_1_i/processing_system7_0/inst/PS7_i/FCLKCLK[0]
                         net (fo=1, routed)           0.337     0.337    design_1_i/processing_system7_0/inst/FCLK_CLK_unbuffered[0]
    BUFGCTRL_X0Y16       BUFG (Prop_bufg_I_O)         0.029     0.366 r  design_1_i/processing_system7_0/inst/buffer_fclk_clk_0.FCLK_CLK_0_BUFG/O
                         net (fo=14851, routed)       0.932     1.298    design_1_i/axi_smc/inst/m00_nodes/m00_r_node/inst/s_sc_xpm_cdc_async_rst_inst/dest_clk
    SLICE_X62Y111        FDCE                                         r  design_1_i/axi_smc/inst/m00_nodes/m00_r_node/inst/s_sc_xpm_cdc_async_rst_inst/arststages_ff_reg[2]/C

Slack:                    inf
  Source:                 design_1_i/axi_smc/inst/clk_map/psr_aclk/U0/ACTIVE_LOW_BSR_OUT_DFF[0].FDRE_BSR_N/C
                            (rising edge-triggered cell FDRE clocked by clk_fpga_0  {rise@0.000ns fall@5.000ns period=10.000ns})
  Destination:            design_1_i/axi_smc/inst/m01_nodes/m01_r_node/inst/s_sc_xpm_cdc_async_rst_inst/arststages_ff_reg[0]/CLR
                            (removal check against rising-edge clock clk_fpga_0  {rise@0.000ns fall@5.000ns period=10.000ns})
  Path Group:             (none)
  Path Type:              Removal (Min at Fast Process Corner)
  Data Path Delay:        0.724ns  (logic 0.208ns (28.731%)  route 0.516ns (71.269%))
  Logic Levels:           1  (LUT1=1)
  Clock Path Skew:        0.303ns (DCD - SCD - CPR)
    Destination Clock Delay (DCD):    1.298ns
    Source Clock Delay      (SCD):    0.995ns
    Clock Pessimism Removal (CPR):    -0.000ns
  Clock Uncertainty:      0.154ns  ((TSJ^2 + TIJ^2)^1/2 + DJ) / 2 + PE
    Total System Jitter     (TSJ):    0.071ns
    Total Input Jitter      (TIJ):    0.300ns
    Discrete Jitter          (DJ):    0.000ns
    Phase Error              (PE):    0.000ns
  Timing Exception:       False Path

    Location             Delay type                Incr(ns)  Path(ns)    Netlist Resource(s)
  -------------------------------------------------------------------    -------------------
                         (clock clk_fpga_0 rise edge)
                                                      0.000     0.000 r  
    PS7_X0Y0             PS7                          0.000     0.000 r  design_1_i/processing_system7_0/inst/PS7_i/FCLKCLK[0]
                         net (fo=1, routed)           0.310     0.310    design_1_i/processing_system7_0/inst/FCLK_CLK_unbuffered[0]
    BUFGCTRL_X0Y16       BUFG (Prop_bufg_I_O)         0.026     0.336 r  design_1_i/processing_system7_0/inst/buffer_fclk_clk_0.FCLK_CLK_0_BUFG/O
                         net (fo=14851, routed)       0.659     0.995    design_1_i/axi_smc/inst/clk_map/psr_aclk/U0/aclk
    SLICE_X66Y111        FDRE                                         r  design_1_i/axi_smc/inst/clk_map/psr_aclk/U0/ACTIVE_LOW_BSR_OUT_DFF[0].FDRE_BSR_N/C
  -------------------------------------------------------------------    -------------------
    SLICE_X66Y111        FDRE (Prop_fdre_C_Q)         0.164     1.159 r  design_1_i/axi_smc/inst/clk_map/psr_aclk/U0/ACTIVE_LOW_BSR_OUT_DFF[0].FDRE_BSR_N/Q
                         net (fo=37, routed)          0.339     1.498    design_1_i/axi_smc/inst/m01_nodes/m01_r_node/inst/s_sc_xpm_cdc_async_rst_inst/src_arst
    SLICE_X61Y111        LUT1 (Prop_lut1_I0_O)        0.044     1.542 f  design_1_i/axi_smc/inst/m01_nodes/m01_r_node/inst/s_sc_xpm_cdc_async_rst_inst/arststages_ff[2]_i_1/O
                         net (fo=3, routed)           0.177     1.719    design_1_i/axi_smc/inst/m01_nodes/m01_r_node/inst/s_sc_xpm_cdc_async_rst_inst/reset_pol
    SLICE_X61Y111        FDCE                                         f  design_1_i/axi_smc/inst/m01_nodes/m01_r_node/inst/s_sc_xpm_cdc_async_rst_inst/arststages_ff_reg[0]/CLR
  -------------------------------------------------------------------    -------------------

                         (clock clk_fpga_0 rise edge)
                                                      0.000     0.000 r  
    PS7_X0Y0             PS7                          0.000     0.000 r  design_1_i/processing_system7_0/inst/PS7_i/FCLKCLK[0]
                         net (fo=1, routed)           0.337     0.337    design_1_i/processing_system7_0/inst/FCLK_CLK_unbuffered[0]
    BUFGCTRL_X0Y16       BUFG (Prop_bufg_I_O)         0.029     0.366 r  design_1_i/processing_system7_0/inst/buffer_fclk_clk_0.FCLK_CLK_0_BUFG/O
                         net (fo=14851, routed)       0.932     1.298    design_1_i/axi_smc/inst/m01_nodes/m01_r_node/inst/s_sc_xpm_cdc_async_rst_inst/dest_clk
    SLICE_X61Y111        FDCE                                         r  design_1_i/axi_smc/inst/m01_nodes/m01_r_node/inst/s_sc_xpm_cdc_async_rst_inst/arststages_ff_reg[0]/C

Slack:                    inf
  Source:                 design_1_i/axi_smc/inst/clk_map/psr_aclk/U0/ACTIVE_LOW_BSR_OUT_DFF[0].FDRE_BSR_N/C
                            (rising edge-triggered cell FDRE clocked by clk_fpga_0  {rise@0.000ns fall@5.000ns period=10.000ns})
  Destination:            design_1_i/axi_smc/inst/m01_nodes/m01_r_node/inst/s_sc_xpm_cdc_async_rst_inst/arststages_ff_reg[1]/CLR
                            (removal check against rising-edge clock clk_fpga_0  {rise@0.000ns fall@5.000ns period=10.000ns})
  Path Group:             (none)
  Path Type:              Removal (Min at Fast Process Corner)
  Data Path Delay:        0.724ns  (logic 0.208ns (28.731%)  route 0.516ns (71.269%))
  Logic Levels:           1  (LUT1=1)
  Clock Path Skew:        0.303ns (DCD - SCD - CPR)
    Destination Clock Delay (DCD):    1.298ns
    Source Clock Delay      (SCD):    0.995ns
    Clock Pessimism Removal (CPR):    -0.000ns
  Clock Uncertainty:      0.154ns  ((TSJ^2 + TIJ^2)^1/2 + DJ) / 2 + PE
    Total System Jitter     (TSJ):    0.071ns
    Total Input Jitter      (TIJ):    0.300ns
    Discrete Jitter          (DJ):    0.000ns
    Phase Error              (PE):    0.000ns
  Timing Exception:       False Path

    Location             Delay type                Incr(ns)  Path(ns)    Netlist Resource(s)
  -------------------------------------------------------------------    -------------------
                         (clock clk_fpga_0 rise edge)
                                                      0.000     0.000 r  
    PS7_X0Y0             PS7                          0.000     0.000 r  design_1_i/processing_system7_0/inst/PS7_i/FCLKCLK[0]
                         net (fo=1, routed)           0.310     0.310    design_1_i/processing_system7_0/inst/FCLK_CLK_unbuffered[0]
    BUFGCTRL_X0Y16       BUFG (Prop_bufg_I_O)         0.026     0.336 r  design_1_i/processing_system7_0/inst/buffer_fclk_clk_0.FCLK_CLK_0_BUFG/O
                         net (fo=14851, routed)       0.659     0.995    design_1_i/axi_smc/inst/clk_map/psr_aclk/U0/aclk
    SLICE_X66Y111        FDRE                                         r  design_1_i/axi_smc/inst/clk_map/psr_aclk/U0/ACTIVE_LOW_BSR_OUT_DFF[0].FDRE_BSR_N/C
  -------------------------------------------------------------------    -------------------
    SLICE_X66Y111        FDRE (Prop_fdre_C_Q)         0.164     1.159 r  design_1_i/axi_smc/inst/clk_map/psr_aclk/U0/ACTIVE_LOW_BSR_OUT_DFF[0].FDRE_BSR_N/Q
                         net (fo=37, routed)          0.339     1.498    design_1_i/axi_smc/inst/m01_nodes/m01_r_node/inst/s_sc_xpm_cdc_async_rst_inst/src_arst
    SLICE_X61Y111        LUT1 (Prop_lut1_I0_O)        0.044     1.542 f  design_1_i/axi_smc/inst/m01_nodes/m01_r_node/inst/s_sc_xpm_cdc_async_rst_inst/arststages_ff[2]_i_1/O
                         net (fo=3, routed)           0.177     1.719    design_1_i/axi_smc/inst/m01_nodes/m01_r_node/inst/s_sc_xpm_cdc_async_rst_inst/reset_pol
    SLICE_X61Y111        FDCE                                         f  design_1_i/axi_smc/inst/m01_nodes/m01_r_node/inst/s_sc_xpm_cdc_async_rst_inst/arststages_ff_reg[1]/CLR
  -------------------------------------------------------------------    -------------------

                         (clock clk_fpga_0 rise edge)
                                                      0.000     0.000 r  
    PS7_X0Y0             PS7                          0.000     0.000 r  design_1_i/processing_system7_0/inst/PS7_i/FCLKCLK[0]
                         net (fo=1, routed)           0.337     0.337    design_1_i/processing_system7_0/inst/FCLK_CLK_unbuffered[0]
    BUFGCTRL_X0Y16       BUFG (Prop_bufg_I_O)         0.029     0.366 r  design_1_i/processing_system7_0/inst/buffer_fclk_clk_0.FCLK_CLK_0_BUFG/O
                         net (fo=14851, routed)       0.932     1.298    design_1_i/axi_smc/inst/m01_nodes/m01_r_node/inst/s_sc_xpm_cdc_async_rst_inst/dest_clk
    SLICE_X61Y111        FDCE                                         r  design_1_i/axi_smc/inst/m01_nodes/m01_r_node/inst/s_sc_xpm_cdc_async_rst_inst/arststages_ff_reg[1]/C

Slack:                    inf
  Source:                 design_1_i/axi_smc/inst/clk_map/psr_aclk/U0/ACTIVE_LOW_BSR_OUT_DFF[0].FDRE_BSR_N/C
                            (rising edge-triggered cell FDRE clocked by clk_fpga_0  {rise@0.000ns fall@5.000ns period=10.000ns})
  Destination:            design_1_i/axi_smc/inst/m01_nodes/m01_r_node/inst/s_sc_xpm_cdc_async_rst_inst/arststages_ff_reg[2]/CLR
                            (removal check against rising-edge clock clk_fpga_0  {rise@0.000ns fall@5.000ns period=10.000ns})
  Path Group:             (none)
  Path Type:              Removal (Min at Fast Process Corner)
  Data Path Delay:        0.724ns  (logic 0.208ns (28.731%)  route 0.516ns (71.269%))
  Logic Levels:           1  (LUT1=1)
  Clock Path Skew:        0.303ns (DCD - SCD - CPR)
    Destination Clock Delay (DCD):    1.298ns
    Source Clock Delay      (SCD):    0.995ns
    Clock Pessimism Removal (CPR):    -0.000ns
  Clock Uncertainty:      0.154ns  ((TSJ^2 + TIJ^2)^1/2 + DJ) / 2 + PE
    Total System Jitter     (TSJ):    0.071ns
    Total Input Jitter      (TIJ):    0.300ns
    Discrete Jitter          (DJ):    0.000ns
    Phase Error              (PE):    0.000ns
  Timing Exception:       False Path

    Location             Delay type                Incr(ns)  Path(ns)    Netlist Resource(s)
  -------------------------------------------------------------------    -------------------
                         (clock clk_fpga_0 rise edge)
                                                      0.000     0.000 r  
    PS7_X0Y0             PS7                          0.000     0.000 r  design_1_i/processing_system7_0/inst/PS7_i/FCLKCLK[0]
                         net (fo=1, routed)           0.310     0.310    design_1_i/processing_system7_0/inst/FCLK_CLK_unbuffered[0]
    BUFGCTRL_X0Y16       BUFG (Prop_bufg_I_O)         0.026     0.336 r  design_1_i/processing_system7_0/inst/buffer_fclk_clk_0.FCLK_CLK_0_BUFG/O
                         net (fo=14851, routed)       0.659     0.995    design_1_i/axi_smc/inst/clk_map/psr_aclk/U0/aclk
    SLICE_X66Y111        FDRE                                         r  design_1_i/axi_smc/inst/clk_map/psr_aclk/U0/ACTIVE_LOW_BSR_OUT_DFF[0].FDRE_BSR_N/C
  -------------------------------------------------------------------    -------------------
    SLICE_X66Y111        FDRE (Prop_fdre_C_Q)         0.164     1.159 r  design_1_i/axi_smc/inst/clk_map/psr_aclk/U0/ACTIVE_LOW_BSR_OUT_DFF[0].FDRE_BSR_N/Q
                         net (fo=37, routed)          0.339     1.498    design_1_i/axi_smc/inst/m01_nodes/m01_r_node/inst/s_sc_xpm_cdc_async_rst_inst/src_arst
    SLICE_X61Y111        LUT1 (Prop_lut1_I0_O)        0.044     1.542 f  design_1_i/axi_smc/inst/m01_nodes/m01_r_node/inst/s_sc_xpm_cdc_async_rst_inst/arststages_ff[2]_i_1/O
                         net (fo=3, routed)           0.177     1.719    design_1_i/axi_smc/inst/m01_nodes/m01_r_node/inst/s_sc_xpm_cdc_async_rst_inst/reset_pol
    SLICE_X61Y111        FDCE                                         f  design_1_i/axi_smc/inst/m01_nodes/m01_r_node/inst/s_sc_xpm_cdc_async_rst_inst/arststages_ff_reg[2]/CLR
  -------------------------------------------------------------------    -------------------

                         (clock clk_fpga_0 rise edge)
                                                      0.000     0.000 r  
    PS7_X0Y0             PS7                          0.000     0.000 r  design_1_i/processing_system7_0/inst/PS7_i/FCLKCLK[0]
                         net (fo=1, routed)           0.337     0.337    design_1_i/processing_system7_0/inst/FCLK_CLK_unbuffered[0]
    BUFGCTRL_X0Y16       BUFG (Prop_bufg_I_O)         0.029     0.366 r  design_1_i/processing_system7_0/inst/buffer_fclk_clk_0.FCLK_CLK_0_BUFG/O
                         net (fo=14851, routed)       0.932     1.298    design_1_i/axi_smc/inst/m01_nodes/m01_r_node/inst/s_sc_xpm_cdc_async_rst_inst/dest_clk
    SLICE_X61Y111        FDCE                                         r  design_1_i/axi_smc/inst/m01_nodes/m01_r_node/inst/s_sc_xpm_cdc_async_rst_inst/arststages_ff_reg[2]/C

Slack:                    inf
  Source:                 design_1_i/axi_smc/inst/clk_map/psr_aclk/U0/ACTIVE_LOW_BSR_OUT_DFF[0].FDRE_BSR_N/C
                            (rising edge-triggered cell FDRE clocked by clk_fpga_0  {rise@0.000ns fall@5.000ns period=10.000ns})
  Destination:            design_1_i/axi_smc/inst/m02_nodes/m02_r_node/inst/s_sc_xpm_cdc_async_rst_inst/arststages_ff_reg[0]/CLR
                            (removal check against rising-edge clock clk_fpga_0  {rise@0.000ns fall@5.000ns period=10.000ns})
  Path Group:             (none)
  Path Type:              Removal (Min at Fast Process Corner)
  Data Path Delay:        0.787ns  (logic 0.209ns (26.548%)  route 0.578ns (73.452%))
  Logic Levels:           1  (LUT1=1)
  Clock Path Skew:        0.300ns (DCD - SCD - CPR)
    Destination Clock Delay (DCD):    1.295ns
    Source Clock Delay      (SCD):    0.995ns
    Clock Pessimism Removal (CPR):    -0.000ns
  Clock Uncertainty:      0.154ns  ((TSJ^2 + TIJ^2)^1/2 + DJ) / 2 + PE
    Total System Jitter     (TSJ):    0.071ns
    Total Input Jitter      (TIJ):    0.300ns
    Discrete Jitter          (DJ):    0.000ns
    Phase Error              (PE):    0.000ns
  Timing Exception:       False Path

    Location             Delay type                Incr(ns)  Path(ns)    Netlist Resource(s)
  -------------------------------------------------------------------    -------------------
                         (clock clk_fpga_0 rise edge)
                                                      0.000     0.000 r  
    PS7_X0Y0             PS7                          0.000     0.000 r  design_1_i/processing_system7_0/inst/PS7_i/FCLKCLK[0]
                         net (fo=1, routed)           0.310     0.310    design_1_i/processing_system7_0/inst/FCLK_CLK_unbuffered[0]
    BUFGCTRL_X0Y16       BUFG (Prop_bufg_I_O)         0.026     0.336 r  design_1_i/processing_system7_0/inst/buffer_fclk_clk_0.FCLK_CLK_0_BUFG/O
                         net (fo=14851, routed)       0.659     0.995    design_1_i/axi_smc/inst/clk_map/psr_aclk/U0/aclk
    SLICE_X66Y111        FDRE                                         r  design_1_i/axi_smc/inst/clk_map/psr_aclk/U0/ACTIVE_LOW_BSR_OUT_DFF[0].FDRE_BSR_N/C
  -------------------------------------------------------------------    -------------------
    SLICE_X66Y111        FDRE (Prop_fdre_C_Q)         0.164     1.159 r  design_1_i/axi_smc/inst/clk_map/psr_aclk/U0/ACTIVE_LOW_BSR_OUT_DFF[0].FDRE_BSR_N/Q
                         net (fo=37, routed)          0.400     1.559    design_1_i/axi_smc/inst/m02_nodes/m02_r_node/inst/s_sc_xpm_cdc_async_rst_inst/src_arst
    SLICE_X64Y113        LUT1 (Prop_lut1_I0_O)        0.045     1.604 f  design_1_i/axi_smc/inst/m02_nodes/m02_r_node/inst/s_sc_xpm_cdc_async_rst_inst/arststages_ff[2]_i_1/O
                         net (fo=3, routed)           0.178     1.782    design_1_i/axi_smc/inst/m02_nodes/m02_r_node/inst/s_sc_xpm_cdc_async_rst_inst/reset_pol
    SLICE_X63Y113        FDCE                                         f  design_1_i/axi_smc/inst/m02_nodes/m02_r_node/inst/s_sc_xpm_cdc_async_rst_inst/arststages_ff_reg[0]/CLR
  -------------------------------------------------------------------    -------------------

                         (clock clk_fpga_0 rise edge)
                                                      0.000     0.000 r  
    PS7_X0Y0             PS7                          0.000     0.000 r  design_1_i/processing_system7_0/inst/PS7_i/FCLKCLK[0]
                         net (fo=1, routed)           0.337     0.337    design_1_i/processing_system7_0/inst/FCLK_CLK_unbuffered[0]
    BUFGCTRL_X0Y16       BUFG (Prop_bufg_I_O)         0.029     0.366 r  design_1_i/processing_system7_0/inst/buffer_fclk_clk_0.FCLK_CLK_0_BUFG/O
                         net (fo=14851, routed)       0.929     1.295    design_1_i/axi_smc/inst/m02_nodes/m02_r_node/inst/s_sc_xpm_cdc_async_rst_inst/dest_clk
    SLICE_X63Y113        FDCE                                         r  design_1_i/axi_smc/inst/m02_nodes/m02_r_node/inst/s_sc_xpm_cdc_async_rst_inst/arststages_ff_reg[0]/C





